# Blender v2.92.0 OBJ File: 'Cow stage camera multiple.blend'
# www.blender.org
mtllib Cow.mtl
o Telinga_Cube.003
v 0.473531 0.825814 0.880837
v 0.473531 0.982910 0.880837
v 0.897702 0.833391 0.880838
v 0.897702 0.975333 0.880838
v 0.442595 0.817686 0.916199
v 0.427055 0.813921 0.967796
v 0.427055 0.994802 0.967796
v 0.442595 0.991037 0.916199
v 0.442595 0.948849 0.868155
v 0.427055 0.904362 0.861784
v 0.442595 0.859874 0.868155
v 0.811447 0.812772 0.868155
v 0.685616 0.799321 0.861784
v 0.559786 0.807420 0.868155
v 0.559786 1.001303 0.868155
v 0.685616 1.009403 0.861784
v 0.811447 0.995951 0.868155
v 0.928638 0.943871 0.868155
v 0.944177 0.904362 0.861784
v 0.928638 0.864853 0.868155
v 0.944177 0.824241 0.967796
v 0.928638 0.827113 0.916199
v 0.928638 0.981610 0.916199
v 0.944177 0.984482 0.967796
v 0.353987 0.861152 0.967791
v 0.329522 0.904362 0.967790
v 0.353987 0.947571 0.967791
v 0.376400 0.861608 0.912806
v 0.353987 0.904362 0.909853
v 0.376400 0.947116 0.912806
v 0.551512 0.851139 0.841018
v 0.544308 0.904362 0.831830
v 0.551512 0.957584 0.841018
v 0.685616 0.846672 0.831830
v 0.685616 0.904362 0.821800
v 0.685616 0.962052 0.831830
v 0.819721 0.854349 0.841018
v 0.826925 0.904362 0.831830
v 0.819721 0.954374 0.841018
v 0.994833 0.867628 0.912806
v 1.017246 0.904362 0.909853
v 0.994833 0.941095 0.912806
v 1.017246 0.867754 0.967791
v 1.041711 0.904362 0.967790
v 1.017246 0.940970 0.967791
v 0.551512 0.781888 0.912806
v 0.685616 0.771092 0.909853
v 0.819721 0.789040 0.912806
v 0.544644 0.774093 0.968666
v 0.685616 0.765034 0.971751
v 0.826588 0.782096 0.968666
v 0.819721 1.019683 0.912806
v 0.685616 1.037632 0.909853
v 0.551512 1.026835 0.912806
v 0.826588 1.026627 0.968666
v 0.685616 1.043690 0.971751
v 0.544644 1.034630 0.968666
v 0.563827 1.015747 0.968668
v 0.685616 1.023764 0.971703
v 0.807406 1.009530 0.968668
v 0.807406 0.799193 0.968668
v 0.685616 0.784959 0.971703
v 0.563827 0.792977 0.968668
v 0.972119 0.935218 0.967790
v 0.993255 0.904362 0.967789
v 0.972119 0.873506 0.967790
v 0.399114 0.940971 0.967790
v 0.377978 0.904362 0.967789
v 0.399114 0.867752 0.967790
v 0.908994 0.974097 0.967794
v 0.908994 0.834626 0.967794
v 0.462239 0.982770 0.967794
v 0.462239 0.825953 0.967794
v 0.685616 0.904362 0.940190
v 0.685616 0.951525 0.944701
v 0.685616 0.857199 0.944701
v 0.562842 0.858413 0.944681
v 0.562842 0.904362 0.944682
v 0.562842 0.950311 0.944681
v 0.808390 0.861401 0.944681
v 0.808390 0.904362 0.944682
v 0.808390 0.947323 0.944681
v 0.988431 0.871682 0.976779
v 0.556893 1.022520 0.976556
v 0.685616 0.777583 0.976819
v 0.449521 0.821705 0.976783
v 0.556893 0.786204 0.976556
v 0.685616 1.031140 0.976819
v 0.360462 0.904362 0.976777
v 0.382801 0.865594 0.976779
v 1.010771 0.904362 0.976777
v 0.988431 0.937041 0.976779
v 0.449521 0.987019 0.976783
v 0.382801 0.943129 0.976779
v 0.921712 0.977689 0.976783
v 0.814340 1.015673 0.976556
v 0.814340 0.793050 0.976556
v 0.921712 0.831034 0.976783
v -0.473531 0.825814 0.880837
v -0.473531 0.982910 0.880837
v -0.897702 0.833391 0.880838
v -0.897702 0.975333 0.880838
v -0.442595 0.817686 0.916199
v -0.427055 0.813921 0.967796
v -0.427055 0.994802 0.967796
v -0.442595 0.991037 0.916199
v -0.442595 0.948849 0.868155
v -0.427055 0.904362 0.861784
v -0.442595 0.859874 0.868155
v -0.811447 0.812772 0.868155
v -0.685616 0.799321 0.861784
v -0.559786 0.807420 0.868155
v -0.559786 1.001303 0.868155
v -0.685616 1.009403 0.861784
v -0.811447 0.995951 0.868155
v -0.928638 0.943871 0.868155
v -0.944178 0.904362 0.861784
v -0.928638 0.864853 0.868155
v -0.944178 0.824241 0.967796
v -0.928638 0.827113 0.916199
v -0.928638 0.981610 0.916199
v -0.944178 0.984482 0.967796
v -0.353987 0.861152 0.967791
v -0.329522 0.904362 0.967790
v -0.353987 0.947571 0.967791
v -0.376400 0.861608 0.912806
v -0.353987 0.904362 0.909853
v -0.376400 0.947116 0.912806
v -0.551512 0.851139 0.841018
v -0.544308 0.904362 0.831830
v -0.551512 0.957584 0.841018
v -0.685616 0.846672 0.831830
v -0.685616 0.904362 0.821800
v -0.685616 0.962052 0.831830
v -0.819721 0.854349 0.841018
v -0.826925 0.904362 0.831830
v -0.819721 0.954374 0.841018
v -0.994833 0.867628 0.912806
v -1.017246 0.904362 0.909853
v -0.994833 0.941095 0.912806
v -1.017246 0.867754 0.967791
v -1.041711 0.904362 0.967790
v -1.017246 0.940970 0.967791
v -0.551512 0.781888 0.912806
v -0.685616 0.771092 0.909853
v -0.819721 0.789040 0.912806
v -0.544644 0.774093 0.968666
v -0.685616 0.765034 0.971751
v -0.826589 0.782096 0.968666
v -0.819721 1.019683 0.912806
v -0.685616 1.037632 0.909853
v -0.551512 1.026835 0.912806
v -0.826589 1.026627 0.968666
v -0.685616 1.043690 0.971751
v -0.544644 1.034630 0.968666
v -0.563827 1.015747 0.968668
v -0.685616 1.023764 0.971703
v -0.807406 1.009530 0.968668
v -0.807406 0.799193 0.968668
v -0.685616 0.784959 0.971703
v -0.563827 0.792977 0.968668
v -0.972119 0.935218 0.967790
v -0.993255 0.904362 0.967789
v -0.972119 0.873506 0.967790
v -0.399114 0.940971 0.967790
v -0.377978 0.904362 0.967789
v -0.399114 0.867752 0.967790
v -0.908994 0.974097 0.967794
v -0.908994 0.834626 0.967794
v -0.462239 0.982770 0.967794
v -0.462239 0.825953 0.967794
v -0.685616 0.904362 0.940190
v -0.685616 0.951525 0.944701
v -0.685616 0.857199 0.944701
v -0.562843 0.858413 0.944681
v -0.562843 0.904362 0.944682
v -0.562843 0.950311 0.944681
v -0.808390 0.861401 0.944681
v -0.808390 0.904362 0.944682
v -0.808390 0.947323 0.944681
v -0.988432 0.871682 0.976779
v -0.556893 1.022520 0.976556
v -0.685616 0.777583 0.976819
v -0.449521 0.821705 0.976783
v -0.556893 0.786204 0.976556
v -0.685616 1.031140 0.976819
v -0.360462 0.904362 0.976777
v -0.382801 0.865594 0.976779
v -1.010771 0.904362 0.976777
v -0.988432 0.937041 0.976779
v -0.449521 0.987019 0.976783
v -0.382801 0.943129 0.976779
v -0.921712 0.977689 0.976783
v -0.814340 1.015673 0.976556
v -0.814340 0.793050 0.976556
v -0.921712 0.831034 0.976783
vt 0.842070 0.897201
vt 0.842640 0.906374
vt 0.829485 0.903084
vt 0.832322 0.893589
vt 0.894863 0.266919
vt 0.894293 0.276092
vt 0.884545 0.279704
vt 0.881708 0.270208
vt 0.895313 0.290646
vt 0.886361 0.293592
vt 0.879631 0.298691
vt 0.874864 0.291071
vt 0.868151 0.283729
vt 0.815928 0.889564
vt 0.822641 0.882222
vt 0.834138 0.879701
vt 0.827408 0.874602
vt 0.843090 0.882646
vt 0.816138 0.861628
vt 0.805526 0.865687
vt 0.801679 0.835145
vt 0.814148 0.835308
vt 0.857749 0.307606
vt 0.868361 0.311665
vt 0.866371 0.337985
vt 0.853902 0.338148
vt 0.806332 0.804774
vt 0.816265 0.808839
vt 0.868488 0.364454
vt 0.858555 0.368518
vt 0.825641 0.858600
vt 0.877864 0.314692
vt 0.877213 0.337842
vt 0.877729 0.361310
vt 0.879491 0.377803
vt 0.874990 0.385411
vt 0.869044 0.392176
vt 0.816822 0.781116
vt 0.822767 0.787882
vt 0.825506 0.811983
vt 0.827268 0.795490
vt 0.824990 0.835451
vt 0.832462 0.776065
vt 0.829976 0.767467
vt 0.842967 0.763898
vt 0.842492 0.772241
vt 0.882199 0.405826
vt 0.884685 0.397227
vt 0.894715 0.401051
vt 0.895190 0.409395
vt 0.834118 0.790148
vt 0.886341 0.383144
vt 0.895652 0.386174
vt 0.843429 0.787119
vt 0.834976 0.859602
vt 0.835145 0.835545
vt 0.846612 0.835578
vt 0.844947 0.861220
vt 0.834899 0.811038
vt 0.845135 0.809462
vt 0.887122 0.362255
vt 0.887368 0.337748
vt 0.898835 0.337715
vt 0.897358 0.363831
vt 0.887199 0.313691
vt 0.897170 0.312073
vt 0.846577 0.775729
vt 0.848326 0.768205
vt 0.851154 0.770957
vt 0.849203 0.778065
vt 0.900194 0.313657
vt 0.898780 0.293414
vt 0.901145 0.295063
vt 0.902302 0.314571
vt 0.846853 0.790113
vt 0.849200 0.791881
vt 0.846254 0.894106
vt 0.846557 0.879879
vt 0.848922 0.878229
vt 0.848929 0.891983
vt 0.898800 0.397563
vt 0.899076 0.383179
vt 0.901423 0.381411
vt 0.901426 0.395228
vt 0.849087 0.835522
vt 0.848093 0.811057
vt 0.850176 0.811972
vt 0.850776 0.835490
vt 0.898476 0.279187
vt 0.900447 0.270888
vt 0.903377 0.273426
vt 0.901152 0.281310
vt 0.901310 0.337770
vt 0.902999 0.337803
vt 0.847971 0.859636
vt 0.850079 0.858722
vt 0.900316 0.362236
vt 0.902399 0.361321
vt 0.848224 0.902404
vt 0.851154 0.899866
vt 0.900549 0.405088
vt 0.903377 0.402336
vt 0.926754 0.431263
vt 0.913638 0.430157
vt 0.921783 0.411472
vt 0.930796 0.400189
vt 0.939876 0.478519
vt 0.942542 0.455608
vt 0.957095 0.456734
vt 0.952410 0.479613
vt 0.943964 0.432581
vt 0.935360 0.431905
vt 0.938053 0.396747
vt 0.944701 0.401254
vt 0.923799 0.477288
vt 0.924653 0.454238
vt 0.933598 0.454921
vt 0.931836 0.477918
vt 0.911245 0.476461
vt 0.910098 0.453135
vt 0.957095 0.433485
vt 0.951891 0.413778
vt 0.923592 0.508629
vt 0.929146 0.513046
vt 0.935309 0.509526
vt 0.943782 0.498222
vt 0.916939 0.496166
vt 0.898266 0.773070
vt 0.888518 0.776682
vt 0.885682 0.767187
vt 0.898836 0.763898
vt 0.943971 0.145836
vt 0.930816 0.142547
vt 0.933653 0.133051
vt 0.943401 0.136664
vt 0.935469 0.119164
vt 0.944421 0.122109
vt 0.923972 0.121684
vt 0.928739 0.114065
vt 0.917259 0.129026
vt 0.878837 0.788050
vt 0.872124 0.780708
vt 0.890335 0.790570
vt 0.883604 0.795669
vt 0.899286 0.787625
vt 0.872334 0.808643
vt 0.870344 0.834963
vt 0.857875 0.835126
vt 0.861722 0.804584
vt 0.906857 0.105150
vt 0.903010 0.074607
vt 0.915479 0.074771
vt 0.917469 0.101091
vt 0.872461 0.861433
vt 0.862528 0.865497
vt 0.907663 0.044237
vt 0.917596 0.048301
vt 0.881837 0.811671
vt 0.926972 0.098063
vt 0.926321 0.074914
vt 0.926837 0.051445
vt 0.924098 0.027345
vt 0.928599 0.034952
vt 0.918153 0.020579
vt 0.878963 0.882389
vt 0.873018 0.889155
vt 0.881703 0.858289
vt 0.883464 0.874781
vt 0.881186 0.834820
vt 0.888658 0.894206
vt 0.898688 0.898030
vt 0.899163 0.906374
vt 0.886172 0.902805
vt 0.931307 0.006929
vt 0.944298 0.003360
vt 0.943823 0.011704
vt 0.933793 0.015528
vt 0.890314 0.880123
vt 0.935449 0.029611
vt 0.944759 0.026582
vt 0.899625 0.883152
vt 0.891172 0.810670
vt 0.901143 0.809051
vt 0.902808 0.834693
vt 0.891341 0.834727
vt 0.901331 0.860809
vt 0.891095 0.859233
vt 0.936230 0.050501
vt 0.946466 0.048924
vt 0.947943 0.075041
vt 0.936476 0.075007
vt 0.946278 0.100682
vt 0.936307 0.099064
vt 0.902774 0.894542
vt 0.905399 0.892206
vt 0.907351 0.899314
vt 0.904522 0.902066
vt 0.949302 0.099098
vt 0.951410 0.098184
vt 0.950253 0.117692
vt 0.947888 0.119341
vt 0.903049 0.880158
vt 0.905396 0.878390
vt 0.902450 0.776165
vt 0.905125 0.778288
vt 0.905119 0.792042
vt 0.902753 0.790393
vt 0.947908 0.015192
vt 0.950534 0.017528
vt 0.950531 0.031344
vt 0.948184 0.029576
vt 0.905283 0.834749
vt 0.906972 0.834782
vt 0.906372 0.858300
vt 0.904290 0.859215
vt 0.947584 0.133569
vt 0.950260 0.131446
vt 0.952485 0.139329
vt 0.949555 0.141867
vt 0.950418 0.074985
vt 0.952107 0.074952
vt 0.904167 0.810636
vt 0.906275 0.811550
vt 0.949424 0.050519
vt 0.951507 0.051434
vt 0.904420 0.767867
vt 0.907351 0.770405
vt 0.949657 0.007667
vt 0.952485 0.010420
vt 0.930727 0.845680
vt 0.934769 0.876754
vt 0.925756 0.865471
vt 0.917611 0.846786
vt 0.943849 0.798424
vt 0.956383 0.797330
vt 0.961068 0.820209
vt 0.946515 0.821336
vt 0.947937 0.844362
vt 0.948674 0.875689
vt 0.942026 0.880197
vt 0.939333 0.845038
vt 0.927773 0.799655
vt 0.935810 0.799025
vt 0.937571 0.822022
vt 0.928626 0.822706
vt 0.915218 0.800483
vt 0.914071 0.823808
vt 0.961068 0.843458
vt 0.955864 0.863166
vt 0.927565 0.768315
vt 0.933120 0.763898
vt 0.939282 0.767418
vt 0.947755 0.778721
vt 0.920912 0.780777
vn -0.6936 -0.5946 0.4065
vn -0.9326 0.0000 0.3608
vn -0.7978 0.0000 -0.6029
vn -0.6258 -0.5867 -0.5139
vn -0.6936 0.5946 0.4065
vn -0.6258 0.5867 -0.5139
vn -0.4179 0.8040 0.4230
vn -0.4095 0.8320 -0.3743
vn -0.3064 0.6959 -0.6495
vn -0.3851 0.4457 -0.8081
vn -0.4328 0.0000 -0.9015
vn -0.3851 -0.4457 -0.8081
vn -0.4095 -0.8320 -0.3743
vn -0.3064 -0.6959 -0.6495
vn -0.4179 -0.8040 0.4230
vn -0.1607 -0.3690 -0.9154
vn -0.1689 0.0000 -0.9856
vn 0.0011 0.0000 -1.0000
vn 0.0052 -0.3686 -0.9296
vn -0.1607 0.3690 -0.9154
vn 0.0052 0.3686 -0.9296
vn 0.1714 0.0000 -0.9852
vn 0.1687 -0.3845 -0.9076
vn 0.1687 0.3845 -0.9076
vn -0.1607 -0.7146 -0.6808
vn -0.1607 0.7146 -0.6808
vn 0.0152 0.7253 -0.6882
vn 0.1839 0.7242 -0.6645
vn 0.3140 0.7165 -0.6229
vn 0.3828 0.4775 -0.7908
vn 0.4372 0.0000 -0.8993
vn 0.3828 -0.4775 -0.7908
vn 0.1839 -0.7242 -0.6645
vn 0.3140 -0.7165 -0.6229
vn 0.0152 -0.7253 -0.6882
vn 0.6037 -0.6247 -0.4953
vn 0.8016 0.0000 -0.5978
vn 0.9351 0.0000 0.3544
vn 0.6603 -0.6288 0.4107
vn 0.6037 0.6247 -0.4953
vn 0.6603 0.6288 0.4107
vn 0.4063 -0.8439 -0.3502
vn 0.4063 0.8439 -0.3502
vn 0.4070 0.8095 0.4232
vn 0.4070 -0.8095 0.4232
vn -0.1868 -0.9284 -0.3212
vn 0.0240 -0.9486 -0.3155
vn 0.0237 -0.8861 0.4629
vn -0.1977 -0.8818 0.4281
vn 0.2202 -0.9257 -0.3075
vn 0.2279 -0.8754 0.4263
vn 0.2202 0.9257 -0.3075
vn 0.0240 0.9486 -0.3155
vn 0.0237 0.8861 0.4629
vn 0.2279 0.8754 0.4263
vn -0.1868 0.9284 -0.3212
vn -0.1977 0.8818 0.4281
vn -0.0517 -0.0145 0.9985
vn 0.0440 0.0000 0.9990
vn -0.3547 0.0000 0.9350
vn -0.2823 0.3219 0.9037
vn 0.0374 -0.0924 0.9950
vn 0.0636 -0.0473 0.9968
vn 0.2043 -0.4872 0.8490
vn 0.0822 -0.5204 0.8499
vn -0.0656 0.0610 0.9960
vn -0.2138 0.5065 0.8352
vn 0.0468 -0.0161 0.9987
vn 0.0636 0.0473 0.9968
vn 0.2043 0.4872 0.8490
vn 0.2854 0.2967 0.9113
vn -0.0517 0.0145 0.9985
vn -0.0656 -0.0610 0.9960
vn -0.2138 -0.5065 0.8352
vn -0.2823 -0.3219 0.9037
vn -0.0012 0.0969 0.9953
vn -0.0401 0.1002 0.9941
vn -0.1032 0.5299 0.8417
vn -0.0131 0.5294 0.8482
vn 0.0468 0.0161 0.9987
vn -0.0264 0.0000 0.9996
vn 0.3478 0.0000 0.9375
vn 0.2854 -0.2967 0.9113
vn -0.0012 -0.0969 0.9953
vn -0.0131 -0.5294 0.8482
vn 0.0374 0.0924 0.9950
vn 0.0822 0.5204 0.8499
vn -0.0401 -0.1002 0.9941
vn -0.1032 -0.5299 0.8417
vn 0.0700 -0.1822 0.9807
vn -0.0760 0.1906 0.9787
vn -0.0036 0.2046 0.9788
vn 0.0700 0.1822 0.9807
vn 0.0755 0.0000 0.9971
vn -0.0760 -0.1906 0.9787
vn -0.0036 -0.2046 0.9788
vn -0.0003 0.0000 1.0000
vn -0.0760 0.0000 0.9971
vn 0.6936 -0.5946 0.4065
vn 0.6258 -0.5867 -0.5139
vn 0.7978 0.0000 -0.6029
vn 0.9326 0.0000 0.3608
vn 0.6258 0.5867 -0.5139
vn 0.6936 0.5946 0.4065
vn 0.4095 0.8320 -0.3743
vn 0.4179 0.8040 0.4230
vn 0.3851 0.4457 -0.8081
vn 0.3064 0.6959 -0.6495
vn 0.4328 0.0000 -0.9015
vn 0.3851 -0.4457 -0.8081
vn 0.4095 -0.8320 -0.3743
vn 0.3064 -0.6959 -0.6495
vn 0.4179 -0.8040 0.4230
vn 0.1607 -0.3690 -0.9154
vn -0.0052 -0.3686 -0.9296
vn -0.0011 0.0000 -1.0000
vn 0.1689 0.0000 -0.9856
vn -0.0052 0.3686 -0.9296
vn 0.1607 0.3690 -0.9154
vn -0.1687 -0.3845 -0.9076
vn -0.1714 0.0000 -0.9852
vn -0.1687 0.3845 -0.9076
vn 0.1607 -0.7146 -0.6808
vn 0.1607 0.7146 -0.6808
vn -0.0152 0.7253 -0.6882
vn -0.1839 0.7242 -0.6645
vn -0.3828 0.4775 -0.7908
vn -0.3140 0.7165 -0.6229
vn -0.4372 0.0000 -0.8993
vn -0.3828 -0.4775 -0.7908
vn -0.1839 -0.7242 -0.6645
vn -0.3140 -0.7165 -0.6229
vn -0.0152 -0.7253 -0.6882
vn -0.6037 -0.6247 -0.4953
vn -0.6603 -0.6288 0.4107
vn -0.9351 0.0000 0.3544
vn -0.8016 0.0000 -0.5978
vn -0.6603 0.6288 0.4107
vn -0.6037 0.6247 -0.4953
vn -0.4063 -0.8439 -0.3502
vn -0.4063 0.8439 -0.3502
vn -0.4070 0.8095 0.4232
vn -0.4070 -0.8095 0.4232
vn 0.1868 -0.9284 -0.3212
vn 0.1977 -0.8818 0.4281
vn -0.0237 -0.8861 0.4629
vn -0.0240 -0.9486 -0.3155
vn -0.2279 -0.8754 0.4263
vn -0.2202 -0.9257 -0.3075
vn -0.2202 0.9257 -0.3075
vn -0.2279 0.8754 0.4263
vn -0.0237 0.8861 0.4629
vn -0.0240 0.9486 -0.3155
vn 0.1977 0.8818 0.4281
vn 0.1868 0.9284 -0.3212
vn 0.0517 -0.0145 0.9985
vn 0.2823 0.3219 0.9037
vn 0.3547 0.0000 0.9350
vn -0.0440 0.0000 0.9990
vn -0.0374 -0.0924 0.9950
vn -0.0822 -0.5204 0.8499
vn -0.2043 -0.4872 0.8490
vn -0.0636 -0.0473 0.9968
vn 0.0656 0.0610 0.9960
vn 0.2138 0.5065 0.8352
vn -0.0468 -0.0161 0.9987
vn -0.2854 0.2967 0.9113
vn -0.2043 0.4872 0.8490
vn -0.0636 0.0473 0.9968
vn 0.0517 0.0145 0.9985
vn 0.2823 -0.3219 0.9037
vn 0.2138 -0.5065 0.8352
vn 0.0656 -0.0610 0.9960
vn 0.0012 0.0969 0.9953
vn 0.0131 0.5294 0.8482
vn 0.1032 0.5299 0.8417
vn 0.0401 0.1002 0.9941
vn -0.0468 0.0161 0.9987
vn -0.2854 -0.2967 0.9113
vn -0.3478 0.0000 0.9375
vn 0.0264 0.0000 0.9996
vn 0.0012 -0.0969 0.9953
vn 0.0131 -0.5294 0.8482
vn -0.0374 0.0924 0.9950
vn -0.0822 0.5204 0.8499
vn 0.0401 -0.1002 0.9941
vn 0.1032 -0.5299 0.8417
vn -0.0700 -0.1822 0.9807
vn 0.0760 0.1906 0.9787
vn 0.0036 0.2046 0.9788
vn -0.0700 0.1822 0.9807
vn -0.0755 0.0000 0.9971
vn 0.0760 -0.1906 0.9787
vn 0.0760 0.0000 0.9971
vn 0.0003 0.0000 1.0000
vn 0.0036 -0.2046 0.9788
usemtl cow_texture
s 1
f 25/1/1 26/2/2 29/3/3 28/4/4
f 26/5/2 27/6/5 30/7/6 29/8/3
f 27/6/5 7/9/7 8/10/8 30/7/6
f 30/7/6 8/10/8 2/11/9 9/12/10
f 29/8/3 30/7/6 9/12/10 10/13/11
f 28/4/4 29/3/3 10/14/11 11/15/12
f 5/16/13 28/4/4 11/15/12 1/17/14
f 6/18/15 25/1/1 28/4/4 5/16/13
f 31/19/16 32/20/17 35/21/18 34/22/19
f 32/23/17 33/24/20 36/25/21 35/26/18
f 34/22/19 35/21/18 38/27/22 37/28/23
f 35/26/18 36/25/21 39/29/24 38/30/22
f 1/17/14 11/15/12 31/19/16 14/31/25
f 11/15/12 10/14/11 32/20/17 31/19/16
f 10/13/11 9/12/10 33/24/20 32/23/17
f 9/12/10 2/11/9 15/32/26 33/24/20
f 33/24/20 15/32/26 16/33/27 36/25/21
f 36/25/21 16/33/27 17/34/28 39/29/24
f 39/29/24 17/34/28 4/35/29 18/36/30
f 38/30/22 39/29/24 18/36/30 19/37/31
f 37/28/23 38/27/22 19/38/31 20/39/32
f 12/40/33 37/28/23 20/39/32 3/41/34
f 13/42/35 34/22/19 37/28/23 12/40/33
f 14/31/25 31/19/16 34/22/19 13/42/35
f 40/43/36 41/44/37 44/45/38 43/46/39
f 41/47/37 42/48/40 45/49/41 44/50/38
f 3/41/34 20/39/32 40/43/36 22/51/42
f 20/39/32 19/38/31 41/44/37 40/43/36
f 19/37/31 18/36/30 42/48/40 41/47/37
f 18/36/30 4/35/29 23/52/43 42/48/40
f 42/48/40 23/52/43 24/53/44 45/49/41
f 22/51/42 40/43/36 43/46/39 21/54/45
f 46/55/46 47/56/47 50/57/48 49/58/49
f 47/56/47 48/59/50 51/60/51 50/57/48
f 1/17/14 14/31/25 46/55/46 5/16/13
f 14/31/25 13/42/35 47/56/47 46/55/46
f 13/42/35 12/40/33 48/59/50 47/56/47
f 12/40/33 3/41/34 22/51/42 48/59/50
f 48/59/50 22/51/42 21/54/45 51/60/51
f 5/16/13 46/55/46 49/58/49 6/18/15
f 52/61/52 53/62/53 56/63/54 55/64/55
f 53/62/53 54/65/56 57/66/57 56/63/54
f 4/35/29 17/34/28 52/61/52 23/52/43
f 17/34/28 16/33/27 53/62/53 52/61/52
f 16/33/27 15/32/26 54/65/56 53/62/53
f 15/32/26 2/11/9 8/10/8 54/65/56
f 54/65/56 8/10/8 7/9/7 57/66/57
f 23/52/43 52/61/52 55/64/55 24/53/44
f 83/67/58 91/68/59 65/69/60 66/70/61
f 84/71/62 93/72/63 72/73/64 58/74/65
f 98/75/66 83/67/58 66/70/61 71/76/67
f 90/77/68 86/78/69 73/79/70 69/80/71
f 92/81/72 95/82/73 70/83/74 64/84/75
f 85/85/76 97/86/77 61/87/78 62/88/79
f 94/89/80 89/90/81 68/91/82 67/92/83
f 88/93/84 84/71/62 58/74/65 59/94/85
f 87/95/86 85/85/76 62/88/79 63/96/87
f 86/78/69 87/95/86 63/96/87 73/79/70
f 96/97/88 88/93/84 59/94/85 60/98/89
f 89/99/81 90/77/68 69/80/71 68/100/82
f 91/101/59 92/81/72 64/84/75 65/102/60
f 93/72/63 94/89/80 67/92/83 72/73/64
f 95/82/73 96/97/88 60/98/89 70/83/74
f 97/86/77 98/75/66 71/76/67 61/87/78
f 79/103/90 58/104/65 72/105/64 67/106/83
f 80/107/91 76/108/92 62/109/79 61/110/78
f 77/111/93 78/112/94 68/113/82 69/114/71
f 82/115/95 75/116/96 74/117/97 81/118/98
f 78/112/94 79/103/90 67/106/83 68/113/82
f 60/119/89 59/120/85 75/116/96 82/115/95
f 63/121/87 77/111/93 69/114/71 73/122/70
f 81/118/98 74/117/97 76/108/92 80/107/91
f 74/117/97 75/116/96 79/103/90 78/112/94
f 76/108/92 74/117/97 78/112/94 77/111/93
f 62/109/79 76/108/92 77/111/93 63/121/87
f 75/116/96 59/120/85 58/104/65 79/103/90
f 64/123/75 82/115/95 81/118/98 65/124/60
f 65/124/60 81/118/98 80/107/91 66/125/61
f 66/125/61 80/107/91 61/110/78 71/126/67
f 70/127/74 60/119/89 82/115/95 64/123/75
f 51/60/51 21/54/45 98/75/66 97/86/77
f 24/53/44 55/64/55 96/97/88 95/82/73
f 7/9/7 27/6/5 94/89/80 93/72/63
f 44/50/38 45/49/41 92/81/72 91/101/59
f 26/2/2 25/1/1 90/77/68 89/99/81
f 55/64/55 56/63/54 88/93/84 96/97/88
f 6/18/15 49/58/49 87/95/86 86/78/69
f 49/58/49 50/57/48 85/85/76 87/95/86
f 56/63/54 57/66/57 84/71/62 88/93/84
f 27/6/5 26/5/2 89/90/81 94/89/80
f 50/57/48 51/60/51 97/86/77 85/85/76
f 45/49/41 24/53/44 95/82/73 92/81/72
f 25/1/1 6/18/15 86/78/69 90/77/68
f 21/54/45 43/46/39 83/67/58 98/75/66
f 57/66/57 7/9/7 93/72/63 84/71/62
f 43/46/39 44/45/38 91/68/59 83/67/58
f 123/128/99 126/129/100 127/130/101 124/131/102
f 124/132/102 127/133/101 128/134/103 125/135/104
f 125/135/104 128/134/103 106/136/105 105/137/106
f 128/134/103 107/138/107 100/139/108 106/136/105
f 127/133/101 108/140/109 107/138/107 128/134/103
f 126/129/100 109/141/110 108/142/109 127/130/101
f 103/143/111 99/144/112 109/141/110 126/129/100
f 104/145/113 103/143/111 126/129/100 123/128/99
f 129/146/114 132/147/115 133/148/116 130/149/117
f 130/150/117 133/151/116 134/152/118 131/153/119
f 132/147/115 135/154/120 136/155/121 133/148/116
f 133/151/116 136/156/121 137/157/122 134/152/118
f 99/144/112 112/158/123 129/146/114 109/141/110
f 109/141/110 129/146/114 130/149/117 108/142/109
f 108/140/109 130/150/117 131/153/119 107/138/107
f 107/138/107 131/153/119 113/159/124 100/139/108
f 131/153/119 134/152/118 114/160/125 113/159/124
f 134/152/118 137/157/122 115/161/126 114/160/125
f 137/157/122 116/162/127 102/163/128 115/161/126
f 136/156/121 117/164/129 116/162/127 137/157/122
f 135/154/120 118/165/130 117/166/129 136/155/121
f 110/167/131 101/168/132 118/165/130 135/154/120
f 111/169/133 110/167/131 135/154/120 132/147/115
f 112/158/123 111/169/133 132/147/115 129/146/114
f 138/170/134 141/171/135 142/172/136 139/173/137
f 139/174/137 142/175/136 143/176/138 140/177/139
f 101/168/132 120/178/140 138/170/134 118/165/130
f 118/165/130 138/170/134 139/173/137 117/166/129
f 117/164/129 139/174/137 140/177/139 116/162/127
f 116/162/127 140/177/139 121/179/141 102/163/128
f 140/177/139 143/176/138 122/180/142 121/179/141
f 120/178/140 119/181/143 141/171/135 138/170/134
f 144/182/144 147/183/145 148/184/146 145/185/147
f 145/185/147 148/184/146 149/186/148 146/187/149
f 99/144/112 103/143/111 144/182/144 112/158/123
f 112/158/123 144/182/144 145/185/147 111/169/133
f 111/169/133 145/185/147 146/187/149 110/167/131
f 110/167/131 146/187/149 120/178/140 101/168/132
f 146/187/149 149/186/148 119/181/143 120/178/140
f 103/143/111 104/145/113 147/183/145 144/182/144
f 150/188/150 153/189/151 154/190/152 151/191/153
f 151/191/153 154/190/152 155/192/154 152/193/155
f 102/163/128 121/179/141 150/188/150 115/161/126
f 115/161/126 150/188/150 151/191/153 114/160/125
f 114/160/125 151/191/153 152/193/155 113/159/124
f 113/159/124 152/193/155 106/136/105 100/139/108
f 152/193/155 155/192/154 105/137/106 106/136/105
f 121/179/141 122/180/142 153/189/151 150/188/150
f 181/194/156 164/195/157 163/196/158 189/197/159
f 182/198/160 156/199/161 170/200/162 191/201/163
f 196/202/164 169/203/165 164/195/157 181/194/156
f 188/204/166 167/205/167 171/206/168 184/207/169
f 190/208/170 162/209/171 168/210/172 193/211/173
f 183/212/174 160/213/175 159/214/176 195/215/177
f 192/216/178 165/217/179 166/218/180 187/219/181
f 186/220/182 157/221/183 156/199/161 182/198/160
f 185/222/184 161/223/185 160/213/175 183/212/174
f 184/207/169 171/206/168 161/223/185 185/222/184
f 194/224/186 158/225/187 157/221/183 186/220/182
f 187/226/181 166/227/180 167/205/167 188/204/166
f 189/228/159 163/229/158 162/209/171 190/208/170
f 191/201/163 170/200/162 165/217/179 192/216/178
f 193/211/173 168/210/172 158/225/187 194/224/186
f 195/215/177 159/214/176 169/203/165 196/202/164
f 177/230/188 165/231/179 170/232/162 156/233/161
f 178/234/189 159/235/176 160/236/175 174/237/190
f 175/238/191 167/239/167 166/240/180 176/241/192
f 180/242/193 179/243/194 172/244/195 173/245/196
f 176/241/192 166/240/180 165/231/179 177/230/188
f 158/246/187 180/242/193 173/245/196 157/247/183
f 161/248/185 171/249/168 167/239/167 175/238/191
f 179/243/194 178/234/189 174/237/190 172/244/195
f 172/244/195 176/241/192 177/230/188 173/245/196
f 174/237/190 175/238/191 176/241/192 172/244/195
f 160/236/175 161/248/185 175/238/191 174/237/190
f 173/245/196 177/230/188 156/233/161 157/247/183
f 162/250/171 163/251/158 179/243/194 180/242/193
f 163/251/158 164/252/157 178/234/189 179/243/194
f 164/252/157 169/253/165 159/235/176 178/234/189
f 168/254/172 162/250/171 180/242/193 158/246/187
f 149/186/148 195/215/177 196/202/164 119/181/143
f 122/180/142 193/211/173 194/224/186 153/189/151
f 105/137/106 191/201/163 192/216/178 125/135/104
f 142/175/136 189/228/159 190/208/170 143/176/138
f 124/131/102 187/226/181 188/204/166 123/128/99
f 153/189/151 194/224/186 186/220/182 154/190/152
f 104/145/113 184/207/169 185/222/184 147/183/145
f 147/183/145 185/222/184 183/212/174 148/184/146
f 154/190/152 186/220/182 182/198/160 155/192/154
f 125/135/104 192/216/178 187/219/181 124/132/102
f 148/184/146 183/212/174 195/215/177 149/186/148
f 143/176/138 190/208/170 193/211/173 122/180/142
f 123/128/99 188/204/166 184/207/169 104/145/113
f 119/181/143 196/202/164 181/194/156 141/171/135
f 155/192/154 182/198/160 191/201/163 105/137/106
f 141/171/135 181/194/156 189/197/159 142/172/136
o Tanduk_Circle
v 0.194790 0.860340 0.850026
v 0.103727 0.887661 0.884681
v 0.066008 0.898978 0.968348
v 0.103727 0.887661 1.052014
v 0.194790 0.860340 1.086669
v 0.285852 0.833020 1.052014
v 0.323572 0.821703 0.968348
v 0.285852 0.833020 0.884681
v 0.247178 1.057126 0.881382
v 0.179362 1.055369 0.906854
v 0.151271 1.054641 0.968347
v 0.179362 1.055369 1.029841
v 0.247178 1.057126 1.055313
v 0.314995 1.058884 1.029841
v 0.343085 1.059612 0.968348
v 0.314995 1.058884 0.906854
v 0.199465 1.210122 0.939640
v 0.178943 1.189662 0.942249
v 0.168712 1.203371 0.968348
v 0.178943 1.189662 0.994446
v 0.199465 1.210122 0.997055
v 0.235300 1.200678 0.994446
v 0.230218 1.216874 0.968348
v 0.235300 1.200678 0.942249
v 0.184151 1.240027 0.968348
v 0.145564 0.875109 0.859158
v 0.075948 0.895996 0.923120
v 0.075948 0.895996 1.013575
v 0.145564 0.875109 1.077537
v 0.244016 0.845572 1.077537
v 0.313632 0.824685 1.013575
v 0.313632 0.824685 0.923120
v 0.244016 0.845572 0.859158
v 0.210518 1.056176 0.888095
v 0.158674 1.054833 0.935106
v 0.158674 1.054833 1.001590
v 0.210518 1.056176 1.048601
v 0.283838 1.058076 1.048601
v 0.335683 1.059420 1.001590
v 0.335683 1.059420 0.935106
v 0.283838 1.058076 0.888095
v 0.149474 0.970405 1.043352
v 0.231804 0.960035 1.074420
v 0.149474 0.970405 0.893343
v 0.115372 0.974701 0.968348
v 0.348237 0.945369 0.968348
v 0.314135 0.949665 0.893343
v 0.314134 0.949665 1.043352
v 0.231804 0.960035 0.862275
v 0.186522 1.204363 0.941042
v 0.171486 1.201251 0.955021
v 0.171486 1.201251 0.981674
v 0.186522 1.204363 0.995653
v 0.215031 1.210758 0.995653
v 0.230067 1.213871 0.981674
v 0.230067 1.213871 0.955021
v 0.215031 1.210758 0.941042
v 0.291570 1.154349 0.968348
v 0.274863 1.150084 0.926872
v 0.228399 1.146140 1.025985
v 0.274863 1.150084 1.009823
v 0.165228 1.137931 0.968347
v 0.183920 1.138320 1.009823
v 0.228399 1.146140 0.910710
v 0.183920 1.138320 0.926872
v 0.174936 1.232733 0.968348
v 0.197195 1.239845 0.968348
v 0.186066 1.236289 0.979073
v 0.186066 1.236289 0.957622
v 0.187299 0.965641 1.066233
v 0.124358 0.973569 0.927802
v 0.339250 0.946501 0.927802
v 0.276310 0.954429 1.066233
v 0.124358 0.973569 1.008893
v 0.187299 0.965641 0.870462
v 0.276310 0.954429 0.870462
v 0.339250 0.946501 1.008893
v 0.287134 1.153247 0.945999
v 0.253135 1.148865 1.021707
v 0.170161 1.138064 0.990696
v 0.204160 1.142446 0.914988
v 0.253135 1.148865 0.914988
v 0.287134 1.153247 0.990696
v 0.204160 1.142446 1.021707
v 0.170161 1.138065 0.945999
v 0.198952 1.236050 0.978939
v 0.198952 1.236050 0.957756
v 0.176866 1.229329 0.978939
v 0.176866 1.229329 0.957756
v -0.194790 0.860341 0.850026
v -0.103727 0.887661 0.884681
v -0.066008 0.898978 0.968348
v -0.103727 0.887661 1.052014
v -0.194790 0.860341 1.086669
v -0.285852 0.833020 1.052014
v -0.323572 0.821703 0.968348
v -0.285852 0.833020 0.884681
v -0.247178 1.057126 0.881382
v -0.179362 1.055369 0.906854
v -0.151271 1.054641 0.968347
v -0.179362 1.055369 1.029841
v -0.247178 1.057126 1.055313
v -0.314995 1.058884 1.029841
v -0.343085 1.059612 0.968348
v -0.314995 1.058884 0.906854
v -0.199465 1.210122 0.939640
v -0.178943 1.189662 0.942249
v -0.168712 1.203371 0.968348
v -0.178943 1.189662 0.994446
v -0.199465 1.210122 0.997055
v -0.235300 1.200678 0.994446
v -0.230218 1.216874 0.968348
v -0.235300 1.200678 0.942249
v -0.184151 1.240027 0.968348
v -0.145564 0.875109 0.859158
v -0.075948 0.895996 0.923120
v -0.075948 0.895996 1.013575
v -0.145564 0.875109 1.077537
v -0.244016 0.845572 1.077537
v -0.313632 0.824685 1.013575
v -0.313632 0.824685 0.923120
v -0.244016 0.845572 0.859158
v -0.210518 1.056176 0.888095
v -0.158674 1.054833 0.935106
v -0.158674 1.054833 1.001590
v -0.210518 1.056176 1.048601
v -0.283838 1.058076 1.048601
v -0.335683 1.059420 1.001590
v -0.335683 1.059420 0.935106
v -0.283838 1.058076 0.888095
v -0.149474 0.970405 1.043352
v -0.231804 0.960035 1.074420
v -0.149474 0.970405 0.893343
v -0.115372 0.974701 0.968348
v -0.348237 0.945369 0.968348
v -0.314134 0.949665 0.893343
v -0.314134 0.949665 1.043352
v -0.231804 0.960035 0.862275
v -0.186522 1.204363 0.941042
v -0.171486 1.201251 0.955021
v -0.171486 1.201251 0.981674
v -0.186522 1.204364 0.995653
v -0.215031 1.210759 0.995653
v -0.230067 1.213871 0.981674
v -0.230067 1.213871 0.955021
v -0.215031 1.210758 0.941042
v -0.291570 1.154349 0.968348
v -0.274863 1.150084 0.926872
v -0.228399 1.146141 1.025985
v -0.274863 1.150084 1.009823
v -0.165228 1.137931 0.968347
v -0.183920 1.138320 1.009823
v -0.228399 1.146141 0.910710
v -0.183920 1.138320 0.926872
v -0.174936 1.232733 0.968348
v -0.197195 1.239845 0.968348
v -0.186066 1.236289 0.979073
v -0.186066 1.236289 0.957622
v -0.187299 0.965641 1.066233
v -0.124358 0.973569 0.927802
v -0.339250 0.946501 0.927802
v -0.276310 0.954429 1.066233
v -0.124358 0.973569 1.008893
v -0.187299 0.965641 0.870462
v -0.276310 0.954429 0.870462
v -0.339250 0.946501 1.008893
v -0.287134 1.153247 0.945999
v -0.253135 1.148865 1.021707
v -0.170161 1.138064 0.990696
v -0.204160 1.142447 0.914988
v -0.253135 1.148865 0.914988
v -0.287134 1.153247 0.990696
v -0.204160 1.142447 1.021707
v -0.170161 1.138065 0.945999
v -0.198952 1.236050 0.978939
v -0.198952 1.236050 0.957756
v -0.176866 1.229329 0.978939
v -0.176866 1.229329 0.957756
vt 0.282735 0.678540
vt 0.280542 0.641497
vt 0.344653 0.646510
vt 0.347729 0.676031
vt 0.282131 0.604923
vt 0.344975 0.616056
vt 0.408339 0.625151
vt 0.408827 0.648604
vt 0.412133 0.670397
vt 0.592273 0.946875
vt 0.556199 0.942146
vt 0.560458 0.878598
vt 0.592113 0.883045
vt 0.520426 0.935535
vt 0.529737 0.872395
vt 0.541145 0.809406
vt 0.565466 0.814680
vt 0.590994 0.818457
vt 0.385948 0.872947
vt 0.357534 0.847984
vt 0.406022 0.800335
vt 0.426115 0.819279
vt 0.333175 0.819316
vt 0.388676 0.779312
vt 0.443164 0.740039
vt 0.454436 0.754247
vt 0.467353 0.767588
vt 0.298983 0.752292
vt 0.288782 0.715759
vt 0.353757 0.704341
vt 0.362599 0.731156
vt 0.417548 0.690293
vt 0.424678 0.708379
vt 0.287170 0.568895
vt 0.348805 0.584950
vt 0.294091 0.533177
vt 0.354595 0.553513
vt 0.415515 0.574997
vt 0.411026 0.600410
vt 0.485227 0.925476
vt 0.500743 0.863070
vt 0.450777 0.911683
vt 0.473710 0.850817
vt 0.499420 0.791499
vt 0.519049 0.801527
vt 0.417381 0.894177
vt 0.448759 0.836146
vt 0.482257 0.780071
vt 0.313681 0.787142
vt 0.374217 0.756208
vt 0.433249 0.724853
vt 0.502724 0.710760
vt 0.510375 0.719193
vt 0.495962 0.701984
vt 0.547745 0.664660
vt 0.550938 0.668833
vt 0.554467 0.672775
vt 0.479365 0.671862
vt 0.484194 0.682868
vt 0.475554 0.659555
vt 0.538386 0.645590
vt 0.539997 0.650800
vt 0.542172 0.655717
vt 0.474224 0.614881
vt 0.472569 0.630850
vt 0.477129 0.598396
vt 0.539158 0.622945
vt 0.538008 0.628759
vt 0.537319 0.634511
vt 0.542005 0.741421
vt 0.556049 0.746669
vt 0.529760 0.734760
vt 0.562877 0.679569
vt 0.567751 0.682177
vt 0.573050 0.684084
vt 0.519290 0.727254
vt 0.558444 0.676393
vt 0.489775 0.692793
vt 0.544796 0.660311
vt 0.473108 0.645832
vt 0.537453 0.640141
vt 0.571721 0.750149
vt 0.588279 0.752606
vt 0.578725 0.685249
vt 0.584604 0.685997
vt 0.742798 0.510033
vt 0.740537 0.515626
vt 0.735600 0.513189
vt 0.737339 0.507826
vt 0.738276 0.521218
vt 0.734304 0.518732
vt 0.730700 0.515338
vt 0.730847 0.510300
vt 0.731881 0.505619
vt 0.753716 0.514448
vt 0.751205 0.518531
vt 0.745780 0.517305
vt 0.748257 0.512241
vt 0.747809 0.522257
vt 0.742859 0.522191
vt 0.747320 0.498849
vt 0.745059 0.504441
vt 0.739817 0.502762
vt 0.742737 0.497876
vt 0.734391 0.501536
vt 0.737787 0.497810
vt 0.754897 0.504729
vt 0.754749 0.509767
vt 0.749996 0.506877
vt 0.751292 0.501335
vt 0.282735 0.678540
vt 0.347729 0.676031
vt 0.344653 0.646510
vt 0.280542 0.641497
vt 0.344975 0.616056
vt 0.282131 0.604923
vt 0.408827 0.648604
vt 0.408339 0.625151
vt 0.412133 0.670397
vt 0.592273 0.946875
vt 0.592113 0.883045
vt 0.560458 0.878598
vt 0.556199 0.942146
vt 0.529737 0.872395
vt 0.520426 0.935535
vt 0.565466 0.814680
vt 0.541145 0.809406
vt 0.590994 0.818457
vt 0.385948 0.872947
vt 0.426115 0.819279
vt 0.406022 0.800335
vt 0.357534 0.847984
vt 0.388676 0.779312
vt 0.333175 0.819316
vt 0.454436 0.754247
vt 0.443164 0.740039
vt 0.467353 0.767588
vt 0.298983 0.752292
vt 0.362599 0.731156
vt 0.353757 0.704341
vt 0.288782 0.715759
vt 0.417548 0.690293
vt 0.424678 0.708379
vt 0.348805 0.584950
vt 0.287170 0.568895
vt 0.354595 0.553513
vt 0.294091 0.533177
vt 0.411026 0.600410
vt 0.415515 0.574997
vt 0.500743 0.863070
vt 0.485227 0.925476
vt 0.473710 0.850817
vt 0.450777 0.911683
vt 0.519049 0.801527
vt 0.499420 0.791499
vt 0.448759 0.836146
vt 0.417381 0.894177
vt 0.482257 0.780071
vt 0.374217 0.756208
vt 0.313681 0.787142
vt 0.433249 0.724853
vt 0.510375 0.719193
vt 0.502724 0.710760
vt 0.495962 0.701984
vt 0.550938 0.668833
vt 0.547745 0.664660
vt 0.554467 0.672775
vt 0.484194 0.682868
vt 0.479365 0.671862
vt 0.475554 0.659555
vt 0.539997 0.650800
vt 0.538386 0.645590
vt 0.542172 0.655717
vt 0.472569 0.630850
vt 0.474224 0.614881
vt 0.477129 0.598396
vt 0.538008 0.628759
vt 0.539158 0.622945
vt 0.537319 0.634511
vt 0.556049 0.746669
vt 0.542005 0.741421
vt 0.529760 0.734760
vt 0.567751 0.682177
vt 0.562877 0.679569
vt 0.573050 0.684084
vt 0.519290 0.727254
vt 0.558444 0.676393
vt 0.489775 0.692793
vt 0.544796 0.660311
vt 0.473108 0.645832
vt 0.537453 0.640141
vt 0.588279 0.752606
vt 0.571721 0.750149
vt 0.578725 0.685249
vt 0.584604 0.685997
vt 0.742798 0.510033
vt 0.737339 0.507826
vt 0.735600 0.513189
vt 0.740537 0.515626
vt 0.734304 0.518732
vt 0.738276 0.521218
vt 0.730847 0.510300
vt 0.730700 0.515338
vt 0.731881 0.505619
vt 0.753716 0.514448
vt 0.748257 0.512241
vt 0.745780 0.517305
vt 0.751205 0.518531
vt 0.742859 0.522191
vt 0.747809 0.522257
vt 0.747320 0.498849
vt 0.742737 0.497876
vt 0.739817 0.502762
vt 0.745059 0.504441
vt 0.734391 0.501536
vt 0.737787 0.497810
vt 0.754897 0.504729
vt 0.751292 0.501335
vt 0.749996 0.506877
vt 0.754749 0.509767
vn -0.0188 -0.1176 -0.9929
vn 0.3044 -0.2572 -0.9171
vn 0.3023 -0.2523 -0.9192
vn -0.0292 -0.1485 -0.9885
vn 0.5825 -0.3966 -0.7094
vn 0.5938 -0.3595 -0.7198
vn 0.6360 -0.2713 -0.7224
vn 0.3256 -0.2564 -0.9101
vn -0.0147 -0.2485 -0.9685
vn 0.8401 -0.5423 0.0000
vn 0.7725 -0.5023 0.3883
vn 0.8014 -0.4454 0.3990
vn 0.8775 -0.4795 0.0000
vn 0.5825 -0.3966 0.7094
vn 0.5938 -0.3595 0.7198
vn 0.6360 -0.2713 0.7224
vn 0.8676 -0.2865 0.4063
vn 0.9559 -0.2937 0.0000
vn -0.6615 0.1047 0.7426
vn -0.8925 0.1722 0.4169
vn -0.9093 0.0599 0.4118
vn -0.6782 0.0122 0.7347
vn -0.9805 0.1965 0.0000
vn -0.9970 0.0769 0.0000
vn -0.9652 -0.2614 0.0000
vn -0.8830 -0.2580 0.3921
vn -0.6595 -0.2511 0.7085
vn -0.6615 0.1047 -0.7426
vn -0.3525 0.0058 -0.9358
vn -0.3670 -0.0587 -0.9283
vn -0.6782 0.0122 -0.7347
vn -0.3509 -0.2463 -0.9034
vn -0.6595 -0.2511 -0.7085
vn 0.7725 -0.5023 -0.3883
vn 0.8014 -0.4454 -0.3990
vn 0.8676 -0.2865 -0.4063
vn 0.3044 -0.2572 0.9171
vn 0.3023 -0.2523 0.9192
vn -0.0188 -0.1176 0.9929
vn -0.0292 -0.1485 0.9885
vn -0.0147 -0.2485 0.9685
vn 0.3256 -0.2564 0.9101
vn -0.3525 0.0058 0.9358
vn -0.3670 -0.0587 0.9283
vn -0.3509 -0.2463 0.9034
vn -0.8925 0.1722 -0.4169
vn -0.9093 0.0599 -0.4118
vn -0.8830 -0.2580 -0.3921
vn -0.7478 -0.5669 0.3455
vn -0.5615 -0.5031 0.6569
vn -0.8081 -0.5891 0.0000
vn -0.6391 -0.7691 0.0000
vn -0.5707 -0.7293 0.3772
vn -0.4816 -0.6116 0.6276
vn -0.2715 -0.4284 -0.8618
vn -0.5615 -0.5031 -0.6569
vn 0.0347 -0.3500 -0.9361
vn 0.1035 -0.4563 -0.8838
vn -0.2382 -0.5844 -0.7757
vn -0.4816 -0.6116 -0.6276
vn 0.9048 -0.1275 -0.4062
vn 0.6678 -0.1839 -0.7212
vn 0.9939 -0.1100 0.0000
vn 0.9905 -0.1374 0.0000
vn 0.8792 -0.1606 -0.4486
vn 0.6849 -0.1668 -0.7093
vn 0.3582 -0.2622 0.8961
vn 0.6678 -0.1839 0.7212
vn 0.0347 -0.3500 0.9361
vn 0.1035 -0.4563 0.8838
vn 0.4572 -0.3113 0.8331
vn 0.6849 -0.1668 0.7093
vn -0.2715 -0.4284 0.8618
vn -0.2382 -0.5844 0.7757
vn -0.7478 -0.5669 -0.3455
vn -0.5707 -0.7293 -0.3772
vn 0.3582 -0.2622 -0.8961
vn 0.4572 -0.3113 -0.8331
vn 0.9048 -0.1275 0.4062
vn 0.8792 -0.1606 0.4486
vn 0.3262 -0.9453 0.0000
vn -0.2658 -0.9640 0.0000
vn -0.2593 -0.8135 -0.5206
vn 0.2393 -0.7577 -0.6071
vn -0.2593 -0.8135 0.5205
vn 0.2393 -0.7577 0.6071
vn 0.8294 -0.5585 0.0000
vn 0.6950 -0.4579 -0.5543
vn 0.6950 -0.4579 0.5543
vn 0.0188 -0.1176 -0.9929
vn 0.0292 -0.1485 -0.9885
vn -0.3023 -0.2523 -0.9192
vn -0.3044 -0.2572 -0.9171
vn -0.5938 -0.3595 -0.7198
vn -0.5825 -0.3966 -0.7094
vn -0.3256 -0.2564 -0.9101
vn -0.6360 -0.2713 -0.7224
vn 0.0147 -0.2485 -0.9685
vn -0.8401 -0.5423 0.0000
vn -0.8775 -0.4795 0.0000
vn -0.8014 -0.4454 0.3990
vn -0.7725 -0.5023 0.3883
vn -0.5938 -0.3595 0.7198
vn -0.5825 -0.3966 0.7094
vn -0.8676 -0.2865 0.4063
vn -0.6360 -0.2713 0.7224
vn -0.9559 -0.2937 0.0000
vn 0.6615 0.1047 0.7426
vn 0.6782 0.0122 0.7347
vn 0.9093 0.0599 0.4118
vn 0.8925 0.1722 0.4169
vn 0.9970 0.0769 0.0000
vn 0.9805 0.1965 0.0000
vn 0.8830 -0.2580 0.3921
vn 0.9652 -0.2614 0.0000
vn 0.6595 -0.2511 0.7085
vn 0.6615 0.1047 -0.7426
vn 0.6782 0.0122 -0.7347
vn 0.3670 -0.0587 -0.9283
vn 0.3525 0.0058 -0.9358
vn 0.3509 -0.2463 -0.9034
vn 0.6595 -0.2511 -0.7085
vn -0.8014 -0.4454 -0.3990
vn -0.7725 -0.5023 -0.3883
vn -0.8676 -0.2865 -0.4063
vn -0.3023 -0.2523 0.9192
vn -0.3044 -0.2572 0.9171
vn 0.0292 -0.1485 0.9885
vn 0.0188 -0.1176 0.9929
vn -0.3256 -0.2564 0.9101
vn 0.0147 -0.2485 0.9685
vn 0.3670 -0.0587 0.9283
vn 0.3525 0.0058 0.9358
vn 0.3509 -0.2463 0.9034
vn 0.9093 0.0599 -0.4118
vn 0.8925 0.1722 -0.4169
vn 0.8830 -0.2580 -0.3921
vn 0.5615 -0.5031 0.6569
vn 0.7478 -0.5669 0.3455
vn 0.8081 -0.5891 0.0000
vn 0.5707 -0.7293 0.3772
vn 0.6391 -0.7692 0.0000
vn 0.4816 -0.6116 0.6276
vn 0.5615 -0.5031 -0.6569
vn 0.2715 -0.4284 -0.8618
vn -0.0347 -0.3500 -0.9361
vn 0.2382 -0.5844 -0.7757
vn -0.1035 -0.4563 -0.8838
vn 0.4816 -0.6116 -0.6276
vn -0.6678 -0.1839 -0.7212
vn -0.9048 -0.1275 -0.4062
vn -0.9939 -0.1100 0.0000
vn -0.8792 -0.1606 -0.4486
vn -0.9905 -0.1374 0.0000
vn -0.6849 -0.1668 -0.7093
vn -0.6678 -0.1839 0.7212
vn -0.3582 -0.2622 0.8961
vn -0.0347 -0.3500 0.9361
vn -0.4572 -0.3113 0.8331
vn -0.1035 -0.4563 0.8838
vn -0.6849 -0.1668 0.7093
vn 0.2715 -0.4284 0.8618
vn 0.2382 -0.5844 0.7757
vn 0.7478 -0.5669 -0.3455
vn 0.5707 -0.7293 -0.3772
vn -0.3582 -0.2622 -0.8961
vn -0.4572 -0.3113 -0.8331
vn -0.9048 -0.1275 0.4062
vn -0.8792 -0.1606 0.4486
vn -0.3261 -0.9453 0.0000
vn -0.2393 -0.7577 -0.6071
vn 0.2593 -0.8135 -0.5205
vn 0.2658 -0.9640 0.0000
vn -0.2393 -0.7577 0.6071
vn 0.2593 -0.8135 0.5205
vn -0.6950 -0.4579 -0.5543
vn -0.8294 -0.5585 0.0000
vn -0.6950 -0.4579 0.5543
usemtl kuku
s 1
f 201/255/197 225/256/198 266/257/199 239/258/200
f 225/256/198 200/259/201 238/260/202 266/257/199
f 266/257/199 238/260/202 208/261/203 233/262/204
f 239/258/200 266/257/199 233/262/204 209/263/205
f 199/264/206 223/265/207 267/266/208 241/267/209
f 223/265/207 198/268/210 240/269/211 267/266/208
f 267/266/208 240/269/211 206/270/212 231/271/213
f 241/267/209 267/266/208 231/271/213 207/272/214
f 204/273/215 228/274/216 268/275/217 243/276/218
f 228/274/216 203/277/219 242/278/220 268/275/217
f 268/275/217 242/278/220 211/279/221 236/280/222
f 243/276/218 268/275/217 236/280/222 212/281/223
f 202/282/224 226/283/225 269/284/226 244/285/227
f 226/283/225 201/255/197 239/258/200 269/284/226
f 269/284/226 239/258/200 209/263/205 234/286/228
f 244/285/227 269/284/226 234/286/228 210/287/229
f 200/259/201 224/288/230 270/289/231 238/260/202
f 224/288/230 199/290/206 241/291/209 270/289/231
f 270/289/231 241/291/209 207/292/214 232/293/232
f 238/260/202 270/289/231 232/293/232 208/261/203
f 198/268/210 222/294/233 271/295/234 240/269/211
f 222/294/233 197/296/235 245/297/236 271/295/234
f 271/295/234 245/297/236 205/298/237 230/299/238
f 240/269/211 271/295/234 230/299/238 206/270/212
f 197/296/235 229/300/239 272/301/240 245/297/236
f 229/300/239 204/273/215 243/276/218 272/301/240
f 272/301/240 243/276/218 212/281/223 237/302/241
f 245/297/236 272/301/240 237/302/241 205/298/237
f 203/277/219 227/303/242 273/304/243 242/278/220
f 227/303/242 202/282/224 244/285/227 273/304/243
f 273/304/243 244/285/227 210/287/229 235/305/244
f 242/278/220 273/304/243 235/305/244 211/279/221
f 212/281/223 236/280/222 274/306/245 255/307/246
f 236/280/222 211/279/221 254/308/247 274/306/245
f 274/306/245 254/308/247 219/309/248 252/310/249
f 255/307/246 274/306/245 252/310/249 220/311/250
f 210/287/229 234/286/228 275/312/251 257/313/252
f 234/286/228 209/263/205 256/314/253 275/312/251
f 275/312/251 256/314/253 217/315/254 250/316/255
f 257/313/252 275/312/251 250/316/255 218/317/256
f 208/261/203 232/293/232 276/318/257 259/319/258
f 232/293/232 207/292/214 258/320/259 276/318/257
f 276/318/257 258/320/259 215/321/260 248/322/261
f 259/319/258 276/318/257 248/322/261 216/323/262
f 206/270/212 230/299/238 277/324/263 261/325/264
f 230/299/238 205/298/237 260/326/265 277/324/263
f 277/324/263 260/326/265 213/327/266 246/328/267
f 261/325/264 277/324/263 246/328/267 214/329/268
f 205/298/237 237/302/241 278/330/269 260/326/265
f 237/302/241 212/281/223 255/307/246 278/330/269
f 278/330/269 255/307/246 220/311/250 253/331/270
f 260/326/265 278/330/269 253/331/270 213/327/266
f 211/279/221 235/305/244 279/332/271 254/308/247
f 235/305/244 210/287/229 257/313/252 279/332/271
f 279/332/271 257/313/252 218/317/256 251/333/272
f 254/308/247 279/332/271 251/333/272 219/309/248
f 209/263/205 233/262/204 280/334/273 256/314/253
f 233/262/204 208/261/203 259/319/258 280/334/273
f 280/334/273 259/319/258 216/323/262 249/335/274
f 256/314/253 280/334/273 249/335/274 217/315/254
f 207/272/214 231/271/213 281/336/275 258/337/259
f 231/271/213 206/270/212 261/325/264 281/336/275
f 281/336/275 261/325/264 214/329/268 247/338/276
f 258/337/259 281/336/275 247/338/276 215/339/260
f 221/340/277 263/341/278 282/342/279 264/343/280
f 263/341/278 219/344/248 251/345/272 282/342/279
f 282/342/279 251/345/272 218/346/256 250/347/255
f 264/343/280 282/342/279 250/347/255 217/348/254
f 213/349/266 253/350/270 283/351/281 265/352/282
f 253/350/270 220/353/250 252/354/249 283/351/281
f 283/351/281 252/354/249 219/344/248 263/341/278
f 265/352/282 283/351/281 263/341/278 221/340/277
f 215/355/260 262/356/283 284/357/284 248/358/261
f 262/356/283 221/340/277 264/343/280 284/357/284
f 284/357/284 264/343/280 217/348/254 249/359/274
f 248/358/261 284/357/284 249/359/274 216/360/262
f 214/361/268 246/362/267 285/363/285 247/364/276
f 246/362/267 213/349/266 265/352/282 285/363/285
f 285/363/285 265/352/282 221/340/277 262/356/283
f 247/364/276 285/363/285 262/356/283 215/355/260
f 290/365/286 328/366/287 355/367/288 314/368/289
f 314/368/289 355/367/288 327/369/290 289/370/291
f 355/367/288 322/371/292 297/372/293 327/369/290
f 328/366/287 298/373/294 322/371/292 355/367/288
f 288/374/295 330/375/296 356/376/297 312/377/298
f 312/377/298 356/376/297 329/378/299 287/379/300
f 356/376/297 320/380/301 295/381/302 329/378/299
f 330/375/296 296/382/303 320/380/301 356/376/297
f 293/383/304 332/384/305 357/385/306 317/386/307
f 317/386/307 357/385/306 331/387/308 292/388/309
f 357/385/306 325/389/310 300/390/311 331/387/308
f 332/384/305 301/391/312 325/389/310 357/385/306
f 291/392/313 333/393/314 358/394/315 315/395/316
f 315/395/316 358/394/315 328/366/287 290/365/286
f 358/394/315 323/396/317 298/373/294 328/366/287
f 333/393/314 299/397/318 323/396/317 358/394/315
f 289/370/291 327/369/290 359/398/319 313/399/320
f 313/399/320 359/398/319 330/400/296 288/401/295
f 359/398/319 321/402/321 296/403/303 330/400/296
f 327/369/290 297/372/293 321/402/321 359/398/319
f 287/379/300 329/378/299 360/404/322 311/405/323
f 311/405/323 360/404/322 334/406/324 286/407/325
f 360/404/322 319/408/326 294/409/327 334/406/324
f 329/378/299 295/381/302 319/408/326 360/404/322
f 286/407/325 334/406/324 361/410/328 318/411/329
f 318/411/329 361/410/328 332/384/305 293/383/304
f 361/410/328 326/412/330 301/391/312 332/384/305
f 334/406/324 294/409/327 326/412/330 361/410/328
f 292/388/309 331/387/308 362/413/331 316/414/332
f 316/414/332 362/413/331 333/393/314 291/392/313
f 362/413/331 324/415/333 299/397/318 333/393/314
f 331/387/308 300/390/311 324/415/333 362/413/331
f 301/391/312 344/416/334 363/417/335 325/389/310
f 325/389/310 363/417/335 343/418/336 300/390/311
f 363/417/335 341/419/337 308/420/338 343/418/336
f 344/416/334 309/421/339 341/419/337 363/417/335
f 299/397/318 346/422/340 364/423/341 323/396/317
f 323/396/317 364/423/341 345/424/342 298/373/294
f 364/423/341 339/425/343 306/426/344 345/424/342
f 346/422/340 307/427/345 339/425/343 364/423/341
f 297/372/293 348/428/346 365/429/347 321/402/321
f 321/402/321 365/429/347 347/430/348 296/403/303
f 365/429/347 337/431/349 304/432/350 347/430/348
f 348/428/346 305/433/351 337/431/349 365/429/347
f 295/381/302 350/434/352 366/435/353 319/408/326
f 319/408/326 366/435/353 349/436/354 294/409/327
f 366/435/353 335/437/355 302/438/356 349/436/354
f 350/434/352 303/439/357 335/437/355 366/435/353
f 294/409/327 349/436/354 367/440/358 326/412/330
f 326/412/330 367/440/358 344/416/334 301/391/312
f 367/440/358 342/441/359 309/421/339 344/416/334
f 349/436/354 302/438/356 342/441/359 367/440/358
f 300/390/311 343/418/336 368/442/360 324/415/333
f 324/415/333 368/442/360 346/422/340 299/397/318
f 368/442/360 340/443/361 307/427/345 346/422/340
f 343/418/336 308/420/338 340/443/361 368/442/360
f 298/373/294 345/424/342 369/444/362 322/371/292
f 322/371/292 369/444/362 348/428/346 297/372/293
f 369/444/362 338/445/363 305/433/351 348/428/346
f 345/424/342 306/426/344 338/445/363 369/444/362
f 296/382/303 347/446/348 370/447/364 320/380/301
f 320/380/301 370/447/364 350/434/352 295/381/302
f 370/447/364 336/448/365 303/439/357 350/434/352
f 347/446/348 304/449/350 336/448/365 370/447/364
f 310/450/366 353/451/367 371/452/368 352/453/369
f 352/453/369 371/452/368 340/454/361 308/455/338
f 371/452/368 339/456/343 307/457/345 340/454/361
f 353/451/367 306/458/344 339/456/343 371/452/368
f 302/459/356 354/460/370 372/461/371 342/462/359
f 342/462/359 372/461/371 341/463/337 309/464/339
f 372/461/371 352/453/369 308/455/338 341/463/337
f 354/460/370 310/450/366 352/453/369 372/461/371
f 304/465/350 337/466/349 373/467/372 351/468/373
f 351/468/373 373/467/372 353/451/367 310/450/366
f 373/467/372 338/469/363 306/458/344 353/451/367
f 337/466/349 305/470/351 338/469/363 373/467/372
f 303/471/357 336/472/365 374/473/374 335/474/355
f 335/474/355 374/473/374 354/460/370 302/459/356
f 374/473/374 351/468/373 310/450/366 354/460/370
f 336/472/365 304/465/350 351/468/373 374/473/374
o Ekor_Circle.001
v 0.000000 0.440179 -0.976522
v -0.029706 0.457330 -0.976522
v -0.029706 0.491632 -0.976522
v 0.000000 0.508783 -0.976522
v 0.029706 0.491632 -0.976522
v 0.029706 0.457330 -0.976522
v 0.000000 0.367257 -1.703364
v -0.010074 0.373073 -1.703364
v -0.010074 0.384706 -1.703364
v 0.000000 0.390522 -1.703364
v 0.010074 0.384706 -1.703364
v 0.010074 0.373073 -1.703364
v 0.023974 0.414464 -1.133428
v 0.018669 0.386619 -1.283595
v 0.014279 0.374855 -1.426580
v 0.011314 0.372910 -1.564987
v 0.000000 0.366374 -1.564987
v 0.000000 0.366594 -1.426586
v 0.000000 0.375809 -1.283615
v 0.000000 0.400600 -1.133437
v 0.000000 0.455976 -1.133522
v 0.000000 0.419030 -1.283563
v 0.000000 0.399637 -1.426563
v 0.000000 0.392518 -1.564986
v 0.011314 0.385982 -1.564986
v 0.014279 0.391376 -1.426569
v 0.018669 0.408249 -1.283538
v 0.023974 0.442230 -1.133349
v -0.023974 0.414464 -1.133428
v -0.018669 0.386619 -1.283595
v -0.014279 0.374855 -1.426580
v -0.011314 0.372910 -1.564987
v -0.011314 0.385982 -1.564986
v -0.014279 0.391377 -1.426569
v -0.018669 0.408249 -1.283538
v -0.023974 0.442230 -1.133349
v -0.000290 0.364481 -1.984724
v -0.012333 0.371434 -1.984724
v -0.008801 0.383971 -1.991363
v 0.000290 0.393297 -1.984724
v 0.012333 0.386344 -1.984724
v 0.008801 0.373808 -1.991363
v 0.000000 0.453722 -1.805651
v 0.000000 0.417690 -1.928161
v 0.033602 0.398290 -1.928161
v 0.064807 0.416306 -1.805651
v -0.064807 0.341473 -1.805651
v -0.033602 0.359489 -1.928161
v -0.033602 0.398290 -1.928161
v -0.064807 0.416306 -1.805651
v 0.033602 0.359489 -1.928161
v 0.064807 0.341473 -1.805651
v -0.000000 0.304056 -1.805651
v 0.000000 0.340089 -1.928161
v 0.051410 0.408571 -1.753992
v -0.051410 0.408571 -1.753992
v 0.051410 0.349207 -1.753992
v 0.000000 0.438253 -1.753992
v -0.051410 0.349207 -1.753992
v -0.000000 0.319526 -1.753992
v 0.000000 0.440716 -1.864448
v 0.053543 0.409803 -1.864448
v -0.053543 0.347976 -1.864448
v -0.053543 0.409803 -1.864448
v 0.053543 0.347976 -1.864448
v -0.000000 0.317063 -1.864448
v 0.018555 0.389602 -1.712906
v -0.018555 0.389602 -1.712906
v 0.018555 0.368177 -1.712906
v 0.000000 0.400314 -1.712906
v -0.018555 0.368177 -1.712906
v 0.000000 0.357464 -1.712906
v 0.010063 0.373120 -1.678749
v 0.000000 0.390550 -1.678749
v -0.010063 0.373120 -1.678749
v 0.000000 0.367310 -1.678749
v 0.010063 0.384740 -1.678749
v -0.010063 0.384740 -1.678749
v -0.017081 0.444896 -0.976522
v -0.034162 0.474481 -0.976522
v -0.017081 0.504067 -0.976522
v 0.017081 0.504067 -0.976522
v 0.034162 0.474481 -0.976522
v 0.017081 0.444896 -0.976522
v -0.005793 0.368856 -1.703364
v -0.011585 0.378889 -1.703364
v -0.005793 0.388922 -1.703364
v 0.005793 0.388922 -1.703364
v 0.011585 0.378889 -1.703364
v 0.005793 0.368856 -1.703364
v 0.009920 0.373167 -1.699430
v 0.000000 0.419261 -1.055490
v 0.000000 0.390349 -1.699430
v 0.026814 0.465767 -1.055438
v -0.009920 0.373167 -1.699430
v -0.026814 0.465767 -1.055438
v 0.026814 0.434754 -1.055487
v 0.021238 0.398337 -1.209502
v 0.016328 0.379032 -1.355833
v 0.012586 0.373192 -1.496220
v 0.000000 0.366929 -1.630333
v 0.000000 0.365916 -1.496222
v 0.000000 0.369580 -1.355847
v 0.000000 0.386046 -1.209518
v 0.000000 0.481179 -1.055560
v 0.000000 0.435156 -1.209538
v 0.000000 0.407388 -1.355793
v 0.000000 0.395019 -1.496216
v 0.010499 0.385118 -1.630333
v 0.012586 0.387743 -1.496218
v 0.016328 0.397939 -1.355802
v 0.021238 0.422949 -1.209424
v -0.026814 0.434754 -1.055487
v -0.021238 0.398337 -1.209502
v -0.016328 0.379032 -1.355833
v -0.012586 0.373192 -1.496220
v -0.010499 0.385118 -1.630333
v -0.012586 0.387743 -1.496218
v -0.016328 0.397939 -1.355802
v -0.021238 0.422949 -1.209424
v -0.013785 0.404407 -1.133443
v -0.010734 0.378780 -1.283612
v -0.008211 0.368866 -1.426584
v -0.006505 0.368172 -1.564987
v -0.013785 0.452214 -1.133447
v -0.010734 0.416069 -1.283549
v -0.008211 0.397366 -1.426564
v -0.006505 0.390721 -1.564986
v 0.027570 0.428362 -1.133366
v 0.021469 0.397438 -1.283561
v 0.016421 0.383116 -1.426574
v 0.013011 0.379446 -1.564986
v -0.027570 0.428362 -1.133366
v -0.021469 0.397438 -1.283561
v -0.016421 0.383116 -1.426574
v -0.013011 0.379446 -1.564986
v 0.013785 0.452214 -1.133447
v 0.010734 0.416069 -1.283549
v 0.008211 0.397366 -1.426564
v 0.006505 0.390721 -1.564986
v 0.013785 0.404407 -1.133443
v 0.010734 0.378780 -1.283612
v 0.008211 0.368866 -1.426584
v 0.006505 0.368172 -1.564987
v -0.006035 0.368436 -1.989089
v -0.011062 0.377707 -1.990226
v -0.004507 0.389061 -1.990226
v 0.006035 0.389342 -1.989089
v 0.011062 0.380072 -1.990226
v 0.004507 0.368718 -1.990226
v 0.000046 0.403386 -1.962684
v 0.011447 0.385498 -1.705258
v -0.021192 0.366601 -1.962684
v -0.011447 0.385498 -1.705258
v 0.011447 0.372280 -1.705258
v -0.000046 0.354393 -1.962684
v 0.000000 0.450404 -1.779084
v 0.000000 0.430234 -1.895107
v 0.021192 0.391177 -1.962684
v 0.061121 0.414178 -1.834403
v -0.061933 0.343132 -1.779084
v -0.044466 0.353217 -1.895107
v -0.020759 0.390875 -1.963544
v -0.061121 0.414178 -1.834403
v 0.020759 0.366904 -1.963544
v 0.061121 0.343601 -1.834403
v -0.000000 0.307375 -1.779084
v 0.000000 0.327544 -1.895107
v 0.037264 0.314346 -1.805651
v 0.019321 0.345424 -1.928161
v -0.037264 0.314346 -1.805651
v -0.019321 0.345424 -1.928161
v -0.037264 0.443432 -1.805651
v -0.019321 0.412355 -1.928161
v 0.074528 0.378889 -1.805651
v 0.038643 0.378889 -1.928161
v -0.074528 0.378889 -1.805651
v -0.038643 0.378889 -1.928161
v 0.037264 0.443432 -1.805651
v 0.019321 0.412355 -1.928161
v 0.061933 0.414647 -1.779084
v -0.061933 0.414647 -1.779084
v 0.061933 0.343132 -1.779084
v 0.000000 0.418475 -1.730404
v -0.034282 0.359096 -1.730404
v 0.000000 0.339304 -1.730404
v 0.029561 0.430090 -1.753992
v -0.059122 0.378889 -1.753992
v 0.059122 0.378889 -1.753992
v -0.029561 0.430090 -1.753992
v -0.029561 0.327688 -1.753992
v 0.029561 0.327688 -1.753992
v 0.000000 0.449466 -1.834403
v 0.044466 0.404562 -1.895107
v -0.061121 0.343601 -1.834403
v -0.044466 0.404562 -1.895107
v 0.044466 0.353217 -1.895107
v -0.000000 0.308313 -1.834403
v 0.030787 0.432215 -1.864448
v -0.061575 0.378889 -1.864448
v 0.061575 0.378889 -1.864448
v -0.030787 0.432215 -1.864448
v -0.030787 0.325564 -1.864448
v 0.030787 0.325564 -1.864448
v 0.034282 0.398682 -1.730404
v -0.034282 0.398682 -1.730404
v 0.034282 0.359096 -1.730404
v 0.000000 0.392107 -1.705258
v -0.011447 0.372280 -1.705258
v 0.000000 0.365671 -1.705258
v 0.010669 0.360410 -1.712906
v -0.010669 0.360410 -1.712906
v -0.010669 0.397368 -1.712906
v 0.021338 0.378889 -1.712906
v -0.021338 0.378889 -1.712906
v 0.010669 0.397368 -1.712906
v 0.010499 0.372992 -1.630333
v 0.000000 0.391181 -1.630333
v -0.010499 0.372992 -1.630333
v 0.000000 0.367440 -1.699430
v 0.009920 0.384622 -1.699430
v -0.009920 0.384622 -1.699430
v -0.005786 0.368907 -1.678749
v -0.005786 0.388952 -1.678749
v 0.011572 0.378930 -1.678749
v -0.011572 0.378930 -1.678749
v 0.005786 0.388952 -1.678749
v 0.005786 0.368907 -1.678749
v 0.000000 0.378889 -2.001322
v 0.005704 0.369015 -1.699430
v 0.005704 0.388774 -1.699430
v -0.011408 0.378894 -1.699430
v 0.011408 0.378894 -1.699430
v -0.005704 0.388774 -1.699430
v -0.005704 0.369015 -1.699430
v -0.015418 0.423517 -1.055496
v -0.012212 0.389422 -1.209521
v -0.009389 0.372179 -1.355844
v -0.007237 0.367917 -1.496221
v -0.015418 0.476953 -1.055508
v -0.012212 0.431812 -1.209487
v -0.009389 0.404790 -1.355794
v -0.007237 0.393018 -1.496217
v 0.030836 0.450271 -1.055447
v 0.024424 0.410654 -1.209447
v 0.018777 0.388486 -1.355817
v 0.014474 0.380468 -1.496219
v -0.030836 0.450271 -1.055447
v -0.024424 0.410654 -1.209447
v -0.018777 0.388486 -1.355817
v -0.014474 0.380468 -1.496219
v 0.015418 0.476953 -1.055508
v 0.012212 0.431812 -1.209487
v 0.009389 0.404790 -1.355794
v 0.007237 0.393018 -1.496217
v 0.015418 0.423517 -1.055496
v 0.012212 0.389422 -1.209521
v 0.009389 0.372179 -1.355844
v 0.007237 0.367917 -1.496221
v 0.012092 0.399834 -1.963114
v -0.024023 0.378740 -1.963329
v 0.024023 0.379038 -1.963329
v -0.011883 0.399769 -1.963329
v -0.012092 0.357945 -1.963114
v 0.011883 0.358010 -1.963329
v 0.035612 0.317208 -1.779084
v 0.025568 0.334604 -1.895107
v -0.035612 0.317208 -1.779084
v -0.025568 0.334604 -1.895107
v -0.035612 0.440571 -1.779084
v -0.025568 0.423174 -1.895107
v 0.071224 0.378889 -1.779084
v 0.051136 0.378889 -1.895107
v -0.071224 0.378889 -1.779084
v -0.051136 0.378889 -1.895107
v 0.035612 0.440571 -1.779084
v 0.025568 0.423174 -1.895107
v 0.019712 0.413032 -1.730404
v -0.039424 0.378889 -1.730404
v 0.039424 0.378889 -1.730404
v -0.019712 0.413032 -1.730404
v -0.019712 0.344747 -1.730404
v 0.019712 0.344747 -1.730404
v 0.035145 0.439762 -1.834403
v -0.070289 0.378889 -1.834403
v 0.070289 0.378889 -1.834403
v -0.035145 0.439762 -1.834403
v -0.035145 0.318017 -1.834403
v 0.035145 0.318017 -1.834403
v 0.006582 0.367489 -1.705258
v -0.006582 0.367489 -1.705258
v -0.006582 0.390290 -1.705258
v 0.013164 0.378889 -1.705258
v -0.013164 0.378889 -1.705258
v 0.006582 0.390290 -1.705258
v -0.006037 0.368597 -1.630333
v -0.006037 0.389513 -1.630333
v 0.012074 0.379055 -1.630333
v -0.012074 0.379055 -1.630333
v 0.006037 0.389513 -1.630333
v 0.006037 0.368597 -1.630333
v 0.002333 0.382929 -1.999785
v -0.002333 0.374849 -1.999785
vt 0.174004 0.853814
vt 0.182050 0.852684
vt 0.185287 0.876631
vt 0.177376 0.877709
vt 0.190100 0.851580
vt 0.193200 0.875577
vt 0.193816 0.880341
vt 0.185931 0.881388
vt 0.178047 0.882457
vt 0.206224 0.849521
vt 0.214293 0.848581
vt 0.216956 0.872696
vt 0.209034 0.873605
vt 0.222368 0.847706
vt 0.224882 0.871843
vt 0.225380 0.876629
vt 0.217485 0.877479
vt 0.209593 0.878382
vt 0.238539 0.846154
vt 0.246638 0.845472
vt 0.248700 0.869609
vt 0.240753 0.870301
vt 0.254742 0.844846
vt 0.256655 0.868967
vt 0.257034 0.873757
vt 0.249108 0.874400
vt 0.241191 0.875091
vt 0.198159 0.850522
vt 0.201116 0.874566
vt 0.201704 0.879337
vt 0.230449 0.846898
vt 0.232813 0.871044
vt 0.233282 0.875834
vt 0.262848 0.844268
vt 0.264616 0.868368
vt 0.270955 0.843715
vt 0.272580 0.867793
vt 0.272902 0.872577
vt 0.264966 0.873155
vt 0.226222 0.017297
vt 0.249452 0.021473
vt 0.249742 0.115509
vt 0.228644 0.111969
vt 0.272902 0.025044
vt 0.270961 0.118518
vt 0.268829 0.210347
vt 0.249799 0.207917
vt 0.230809 0.205057
vt 0.249493 0.297402
vt 0.232557 0.295283
vt 0.266419 0.299229
vt 0.264035 0.385233
vt 0.249093 0.384000
vt 0.234118 0.382614
vt 0.248979 0.468138
vt 0.235822 0.467394
vt 0.262095 0.468828
vt 0.261062 0.550706
vt 0.249559 0.550473
vt 0.238019 0.550245
vt 0.251237 0.631621
vt 0.241051 0.631764
vt 0.261395 0.631509
vt 0.263509 0.711438
vt 0.254372 0.711786
vt 0.245219 0.712168
vt 0.134677 0.005926
vt 0.157575 0.005343
vt 0.165773 0.102100
vt 0.144770 0.102814
vt 0.180536 0.007788
vt 0.186823 0.103964
vt 0.192884 0.198682
vt 0.173777 0.197379
vt 0.154707 0.198196
vt 0.181440 0.289946
vt 0.164356 0.290817
vt 0.198562 0.290725
vt 0.203973 0.379836
vt 0.188813 0.379532
vt 0.173691 0.380430
vt 0.195998 0.466217
vt 0.182724 0.467137
vt 0.209308 0.466109
vt 0.214771 0.550084
vt 0.203124 0.550507
vt 0.191505 0.551433
vt 0.210317 0.632956
vt 0.200092 0.633859
vt 0.220564 0.632345
vt 0.226854 0.713180
vt 0.217678 0.713883
vt 0.208518 0.714749
vt 0.047441 0.035921
vt 0.068803 0.026308
vt 0.084173 0.120588
vt 0.064584 0.129060
vt 0.090187 0.017200
vt 0.103858 0.112607
vt 0.117449 0.206541
vt 0.099478 0.213339
vt 0.081653 0.220595
vt 0.114624 0.303314
vt 0.098539 0.309245
vt 0.130865 0.297778
vt 0.143937 0.386090
vt 0.129406 0.390397
vt 0.115012 0.395022
vt 0.143603 0.474844
vt 0.130819 0.478333
vt 0.156499 0.471610
vt 0.168461 0.554909
vt 0.157062 0.557283
vt 0.145746 0.559857
vt 0.169637 0.638350
vt 0.159580 0.640251
vt 0.179747 0.636597
vt 0.190253 0.716993
vt 0.181148 0.718338
vt 0.172074 0.719788
vt 0.203337 0.012293
vt 0.207730 0.107716
vt 0.211871 0.201630
vt 0.215595 0.292796
vt 0.219080 0.381055
vt 0.222593 0.466615
vt 0.226415 0.550059
vt 0.230819 0.631976
vt 0.236041 0.712620
vt 0.112150 0.010075
vt 0.124071 0.106444
vt 0.135878 0.201328
vt 0.147458 0.293487
vt 0.158709 0.382668
vt 0.169545 0.468973
vt 0.179945 0.552921
vt 0.189901 0.635083
vt 0.199377 0.715790
vt 0.003360 0.053124
vt 0.025571 0.044796
vt 0.044670 0.136873
vt 0.024527 0.144190
vt 0.063660 0.227308
vt 0.045539 0.233609
vt 0.082404 0.314809
vt 0.066218 0.320085
vt 0.100644 0.399465
vt 0.086277 0.403751
vt 0.118097 0.481772
vt 0.105405 0.485151
vt 0.134500 0.562460
vt 0.123293 0.565058
vt 0.149584 0.642211
vt 0.139621 0.644195
vt 0.163039 0.721300
vt 0.154027 0.722843
vt 0.414967 0.186280
vt 0.412952 0.210035
vt 0.364105 0.206671
vt 0.362240 0.190576
vt 0.408706 0.232686
vt 0.363246 0.222158
vt 0.331469 0.214752
vt 0.321908 0.205449
vt 0.299709 0.195843
vt 0.393257 0.277474
vt 0.381589 0.299866
vt 0.340191 0.264787
vt 0.348822 0.250757
vt 0.365775 0.322534
vt 0.329123 0.278602
vt 0.290717 0.227592
vt 0.294745 0.223480
vt 0.295813 0.219898
vt 0.410953 0.130904
vt 0.414602 0.160329
vt 0.360351 0.173836
vt 0.356270 0.155428
vt 0.299915 0.192204
vt 0.297593 0.187111
vt 0.402174 0.255102
vt 0.357345 0.236692
vt 0.319261 0.218670
vt 0.344923 0.345681
vt 0.314771 0.291974
vt 0.321173 0.369117
vt 0.298570 0.305074
vt 0.279623 0.234302
vt 0.285427 0.231159
vt 0.393799 0.061295
vt 0.403471 0.097300
vt 0.349179 0.135133
vt 0.340392 0.113790
vt 0.294050 0.182040
vt 0.289974 0.177144
vt 0.684077 0.114300
vt 0.648457 0.145400
vt 0.625663 0.110370
vt 0.662463 0.067363
vt 0.618088 0.174922
vt 0.594414 0.149891
vt 0.568800 0.134138
vt 0.594878 0.087419
vt 0.625491 0.035654
vt 0.513421 0.014538
vt 0.506761 0.068547
vt 0.456158 0.075537
vt 0.452170 0.028296
vt 0.500293 0.117439
vt 0.458639 0.118882
vt 0.561800 0.389512
vt 0.570843 0.435650
vt 0.527207 0.452362
vt 0.524778 0.398332
vt 0.582755 0.487323
vt 0.531253 0.513275
vt 0.480471 0.513744
vt 0.487362 0.452284
vt 0.493901 0.397602
vt 0.431472 0.375481
vt 0.411029 0.417449
vt 0.376708 0.386935
vt 0.399502 0.354138
vt 0.387440 0.462787
vt 0.350522 0.421288
vt 0.565127 0.272993
vt 0.560268 0.297136
vt 0.532559 0.293144
vt 0.538885 0.265960
vt 0.557697 0.323234
vt 0.527992 0.322506
vt 0.505754 0.319955
vt 0.512043 0.289504
vt 0.519190 0.261044
vt 0.474299 0.249548
vt 0.466522 0.278011
vt 0.438316 0.268703
vt 0.445852 0.241979
vt 0.457546 0.307520
vt 0.428754 0.295863
vt 0.596774 0.201712
vt 0.572682 0.183442
vt 0.582524 0.226322
vt 0.558085 0.212550
vt 0.537713 0.204077
vt 0.550457 0.172244
vt 0.494112 0.157549
vt 0.458471 0.155497
vt 0.487919 0.191001
vt 0.455973 0.186800
vt 0.557732 0.352850
vt 0.525179 0.356077
vt 0.499890 0.354510
vt 0.446523 0.339303
vt 0.416440 0.324006
vt 0.572357 0.249738
vt 0.547212 0.239544
vt 0.527604 0.233059
vt 0.481369 0.221034
vt 0.451720 0.215096
vt 0.643394 0.266650
vt 0.638392 0.279648
vt 0.607253 0.265361
vt 0.614924 0.247385
vt 0.635673 0.293117
vt 0.602301 0.283546
vt 0.636432 0.321475
vt 0.640181 0.336477
vt 0.601602 0.344766
vt 0.599298 0.322591
vt 0.646910 0.352329
vt 0.607795 0.370813
vt 0.662093 0.242996
vt 0.651062 0.254247
vt 0.626105 0.229216
vt 0.642639 0.210855
vt 0.635005 0.307050
vt 0.599646 0.302448
vt 0.656945 0.369202
vt 0.618652 0.401983
vt 0.668852 0.386659
vt 0.632186 0.436140
vt 0.693554 0.224512
vt 0.676788 0.233300
vt 0.665658 0.192398
vt 0.692406 0.173897
vt 0.506257 0.227088
vt 0.514830 0.197018
vt 0.498319 0.255806
vt 0.474183 0.349054
vt 0.482903 0.315178
vt 0.463028 0.389788
vt 0.524601 0.163618
vt 0.537305 0.123185
vt 0.490701 0.284697
vt 0.448358 0.439713
vt 0.431615 0.495004
vt 0.554220 0.073208
vt 0.573618 0.017649
vt 0.693304 0.251959
vt 0.682483 0.255782
vt 0.681453 0.251702
vt 0.693447 0.247085
vt 0.672762 0.260886
vt 0.670744 0.257582
vt 0.668032 0.341266
vt 0.676910 0.350388
vt 0.673608 0.353988
vt 0.664323 0.343569
vt 0.687066 0.358870
vt 0.684317 0.363939
vt 0.654525 0.298016
vt 0.654883 0.309040
vt 0.651131 0.308917
vt 0.650927 0.297306
vt 0.657150 0.320155
vt 0.653299 0.320681
vt 0.665047 0.268203
vt 0.662363 0.265636
vt 0.659488 0.277262
vt 0.656383 0.275371
vt 0.661451 0.331067
vt 0.657582 0.332367
vt 0.656024 0.287328
vt 0.652632 0.286044
vt 0.258868 0.787904
vt 0.250391 0.788421
vt 0.267338 0.787419
vt 0.224946 0.790385
vt 0.216484 0.791217
vt 0.233421 0.789647
vt 0.191150 0.794284
vt 0.182729 0.795470
vt 0.199587 0.793172
vt 0.241906 0.788996
vt 0.208031 0.792147
vt 0.174328 0.796711
vt 0.165940 0.797981
vt 0.302889 0.206258
vt 0.294854 0.207755
vt 0.291187 0.197990
vt 0.296177 0.197028
vt 0.282873 0.205468
vt 0.286761 0.201026
vt 0.289839 0.209302
vt 0.285024 0.211097
vt 0.292717 0.217835
vt 0.287175 0.216725
vn 0.0000 1.0000 0.0070
vn -0.5000 0.8660 0.0073
vn -0.4999 0.8658 -0.0199
vn 0.0000 0.9998 -0.0201
vn -0.8660 0.5000 0.0081
vn -0.8658 0.4999 -0.0194
vn -0.8001 0.4620 -0.3826
vn -0.4623 0.8009 -0.3805
vn 0.0000 0.9238 -0.3829
vn -0.8660 -0.4999 0.0103
vn -0.5000 -0.8659 0.0110
vn -0.4999 -0.8659 -0.0172
vn -0.8659 -0.4999 -0.0179
vn 0.0000 -0.9999 0.0114
vn 0.0000 -0.9998 -0.0171
vn 0.0000 -0.9243 -0.3817
vn -0.4626 -0.8012 -0.3795
vn -0.8003 -0.4620 -0.3820
vn 0.8660 -0.4999 0.0103
vn 0.9999 0.0001 0.0091
vn 0.9998 0.0000 -0.0186
vn 0.8659 -0.4999 -0.0179
vn 0.8660 0.5000 0.0081
vn 0.8658 0.4999 -0.0194
vn 0.8001 0.4620 -0.3826
vn 0.9250 0.0001 -0.3800
vn 0.8003 -0.4620 -0.3820
vn -0.9999 0.0001 0.0091
vn -0.9998 0.0000 -0.0186
vn -0.9250 0.0001 -0.3800
vn 0.5000 -0.8659 0.0110
vn 0.4999 -0.8659 -0.0172
vn 0.4626 -0.8012 -0.3795
vn 0.5000 0.8660 0.0073
vn 0.4999 0.8658 -0.0199
vn 0.4623 0.8009 -0.3805
vn 0.8834 0.4581 -0.0986
vn 0.5095 0.8332 -0.2148
vn 0.4902 0.8465 -0.2078
vn 0.8616 0.4967 -0.1045
vn 0.0000 0.9666 -0.2561
vn 0.0000 0.9698 -0.2440
vn 0.0000 0.9778 -0.2096
vn 0.4922 0.8521 -0.1777
vn 0.8621 0.4990 -0.0872
vn 0.4950 0.8582 -0.1357
vn 0.8633 0.5007 -0.0627
vn 0.0000 0.9868 -0.1617
vn 0.0000 0.9938 -0.1109
vn 0.4973 0.8627 -0.0916
vn 0.8642 0.5017 -0.0375
vn 0.4986 0.8653 -0.0509
vn 0.8647 0.5020 -0.0149
vn 0.0000 0.9980 -0.0638
vn 0.0000 0.9997 -0.0259
vn 0.4993 0.8662 -0.0185
vn 0.8650 0.5017 0.0021
vn 0.4996 0.8662 0.0018
vn 0.8654 0.5010 0.0115
vn 0.0000 1.0000 -0.0015
vn 0.0000 1.0000 0.0075
vn 0.4999 0.8660 0.0089
vn 0.8657 0.5003 0.0127
vn 0.0000 -0.9441 0.3296
vn 0.4590 -0.8373 0.2971
vn 0.4817 -0.8289 0.2843
vn 0.0000 -0.9477 0.3192
vn 0.8272 -0.5243 0.2022
vn 0.8535 -0.4874 0.1845
vn 0.8567 -0.4882 0.1662
vn 0.4856 -0.8360 0.2554
vn 0.0000 -0.9579 0.2869
vn 0.4906 -0.8448 0.2136
vn 0.0000 -0.9709 0.2396
vn 0.8601 -0.4902 0.1408
vn 0.8632 -0.4922 0.1126
vn 0.4954 -0.8524 0.1671
vn 0.0000 -0.9824 0.1870
vn 0.4988 -0.8582 0.1211
vn 0.0000 -0.9909 0.1346
vn 0.8653 -0.4941 0.0845
vn 0.8663 -0.4959 0.0590
vn 0.5004 -0.8621 0.0799
vn 0.0000 -0.9961 0.0878
vn 0.5007 -0.8643 0.0476
vn 0.0000 -0.9987 0.0514
vn 0.8665 -0.4977 0.0379
vn 0.8662 -0.4990 0.0231
vn 0.5004 -0.8654 0.0269
vn 0.0000 -0.9996 0.0284
vn -0.8834 0.4581 -0.0986
vn -0.9973 -0.0470 0.0564
vn -0.9991 0.0025 0.0406
vn -0.8616 0.4967 -0.1045
vn -0.8272 -0.5243 0.2022
vn -0.8535 -0.4874 0.1845
vn -0.8567 -0.4882 0.1662
vn -0.9992 0.0040 0.0396
vn -0.8621 0.4990 -0.0872
vn -0.9992 0.0044 0.0388
vn -0.8633 0.5007 -0.0627
vn -0.8601 -0.4902 0.1408
vn -0.8632 -0.4922 0.1126
vn -0.9993 0.0044 0.0372
vn -0.8642 0.5017 -0.0374
vn -0.9994 0.0039 0.0345
vn -0.8647 0.5020 -0.0149
vn -0.8653 -0.4941 0.0845
vn -0.8663 -0.4959 0.0590
vn -0.9995 0.0031 0.0303
vn -0.8650 0.5017 0.0021
vn -0.9997 0.0019 0.0245
vn -0.8654 0.5010 0.0115
vn -0.8665 -0.4977 0.0379
vn -0.8662 -0.4990 0.0231
vn -0.9998 0.0007 0.0178
vn -0.8657 0.5003 0.0127
vn 0.9973 -0.0470 0.0564
vn 0.9991 0.0025 0.0406
vn 0.9992 0.0040 0.0396
vn 0.9992 0.0044 0.0388
vn 0.9993 0.0044 0.0372
vn 0.9994 0.0039 0.0345
vn 0.9995 0.0031 0.0303
vn 0.9997 0.0019 0.0245
vn 0.9998 0.0007 0.0178
vn -0.4590 -0.8373 0.2971
vn -0.4817 -0.8289 0.2843
vn -0.4856 -0.8360 0.2554
vn -0.4906 -0.8448 0.2136
vn -0.4954 -0.8524 0.1671
vn -0.4988 -0.8582 0.1211
vn -0.5004 -0.8621 0.0799
vn -0.5007 -0.8643 0.0476
vn -0.5004 -0.8654 0.0269
vn -0.5095 0.8332 -0.2148
vn -0.4902 0.8465 -0.2078
vn -0.4922 0.8521 -0.1777
vn -0.4950 0.8582 -0.1357
vn -0.4973 0.8627 -0.0916
vn -0.4986 0.8653 -0.0509
vn -0.4993 0.8662 -0.0185
vn -0.4996 0.8662 0.0018
vn -0.4999 0.8660 0.0089
vn -0.8052 -0.4647 0.3683
vn -0.4651 -0.8057 0.3668
vn -0.4586 -0.7943 0.3984
vn -0.7933 -0.4574 0.4017
vn 0.0001 -0.9297 0.3683
vn 0.0005 -0.9157 0.4017
vn -0.0023 -0.8896 0.4567
vn -0.4192 -0.7261 0.5450
vn -0.7692 -0.4468 0.4567
vn 0.8047 -0.4646 0.3696
vn 0.9299 -0.0007 0.3677
vn 0.9135 -0.0071 0.4067
vn 0.7885 -0.4553 0.4134
vn 0.8052 0.4647 0.3683
vn 0.7933 0.4574 0.4017
vn 0.7692 0.4468 0.4567
vn 0.8235 0.0791 0.5617
vn 0.6999 -0.4041 0.5889
vn -0.8047 0.4646 0.3696
vn -0.9299 0.0007 0.3677
vn -0.9135 0.0071 0.4067
vn -0.7885 0.4553 0.4134
vn -0.8235 -0.0791 0.5617
vn -0.6999 0.4041 0.5889
vn 0.4656 -0.8050 0.3677
vn 0.4629 -0.7876 0.4067
vn 0.3432 -0.7527 0.5617
vn 0.4651 0.8057 0.3668
vn 0.4586 0.7943 0.3984
vn -0.0001 0.9297 0.3683
vn -0.0005 0.9157 0.4017
vn 0.0023 0.8896 0.4567
vn 0.4192 0.7261 0.5450
vn -0.4656 0.8050 0.3677
vn -0.4629 0.7876 0.4067
vn -0.3432 0.7527 0.5617
vn 0.0000 0.8455 -0.5340
vn -0.4230 0.7327 -0.5330
vn -0.4806 0.8324 -0.2759
vn 0.0000 0.9610 -0.2764
vn -0.7322 0.4227 -0.5340
vn -0.8323 0.4805 -0.2764
vn -0.8660 0.5000 0.0111
vn -0.5000 0.8660 0.0110
vn 0.0000 0.9999 0.0111
vn 0.0000 0.9538 0.3005
vn -0.4770 0.8263 0.2994
vn -0.4707 0.8153 0.3371
vn 0.0000 0.9410 0.3383
vn -0.8260 0.4769 0.3005
vn -0.8149 0.4705 0.3383
vn 0.7322 0.4227 -0.5340
vn 0.4230 0.7327 -0.5330
vn 0.4806 0.8324 -0.2759
vn 0.8323 0.4805 -0.2764
vn 0.5000 0.8660 0.0110
vn 0.8660 0.5000 0.0111
vn 0.8260 0.4769 0.3005
vn 0.4770 0.8263 0.2994
vn 0.4707 0.8153 0.3371
vn 0.8149 0.4705 0.3383
vn 0.0000 -0.8455 -0.5340
vn 0.4230 -0.7327 -0.5330
vn 0.4806 -0.8324 -0.2759
vn 0.0000 -0.9610 -0.2764
vn 0.7322 -0.4227 -0.5340
vn 0.8323 -0.4805 -0.2764
vn 0.8660 -0.5000 0.0111
vn 0.5000 -0.8660 0.0110
vn 0.0000 -0.9999 0.0111
vn 0.0000 -0.9538 0.3005
vn 0.4770 -0.8263 0.2994
vn 0.4707 -0.8153 0.3371
vn 0.0000 -0.9410 0.3383
vn 0.8260 -0.4769 0.3005
vn 0.8149 -0.4705 0.3383
vn -0.8461 0.0000 -0.5330
vn -0.9612 0.0000 -0.2759
vn -0.7322 -0.4227 -0.5340
vn -0.8323 -0.4805 -0.2764
vn -0.8660 -0.5000 0.0111
vn -0.9999 0.0000 0.0110
vn -0.9541 0.0000 0.2994
vn -0.9414 0.0000 0.3371
vn -0.8260 -0.4769 0.3005
vn -0.8149 -0.4705 0.3383
vn 0.8461 0.0000 -0.5330
vn 0.9612 0.0000 -0.2759
vn 0.9999 0.0000 0.0110
vn 0.9541 0.0000 0.2994
vn 0.9414 0.0000 0.3371
vn -0.4230 -0.7327 -0.5330
vn -0.4806 -0.8324 -0.2759
vn -0.5000 -0.8660 0.0110
vn -0.4770 -0.8263 0.2994
vn -0.4707 -0.8153 0.3371
vn -0.5963 -0.3443 -0.7252
vn -0.3450 -0.5975 -0.7238
vn -0.3682 -0.6377 -0.6765
vn -0.6367 -0.3676 -0.6778
vn 0.0000 -0.6886 -0.7252
vn 0.0000 -0.7353 -0.6778
vn 0.5963 -0.3443 -0.7252
vn 0.6900 0.0000 -0.7238
vn 0.7364 0.0000 -0.6765
vn 0.6367 -0.3676 -0.6778
vn 0.5963 0.3443 -0.7252
vn 0.6367 0.3676 -0.6778
vn -0.5963 0.3443 -0.7252
vn -0.6900 0.0000 -0.7238
vn -0.7364 0.0000 -0.6765
vn -0.6367 0.3676 -0.6778
vn 0.3450 -0.5975 -0.7238
vn 0.3682 -0.6377 -0.6765
vn 0.3450 0.5975 -0.7238
vn 0.3682 0.6377 -0.6765
vn 0.0000 0.6886 -0.7252
vn 0.0000 0.7353 -0.6778
vn -0.3450 0.5975 -0.7238
vn -0.3682 0.6377 -0.6765
vn -0.4888 -0.8466 0.2105
vn -0.8465 -0.4887 0.2111
vn 0.0000 -0.9774 0.2111
vn 0.9776 0.0000 0.2105
vn 0.8465 -0.4887 0.2111
vn 0.8465 0.4887 0.2111
vn -0.9776 0.0000 0.2105
vn -0.8465 0.4887 0.2111
vn 0.4888 -0.8466 0.2105
vn 0.4888 0.8466 0.2105
vn 0.0000 0.9774 0.2111
vn -0.4888 0.8466 0.2105
vn -0.3611 0.6255 -0.6916
vn 0.0000 0.7206 -0.6934
vn -0.6240 0.3603 -0.6934
vn 0.3611 0.6255 -0.6916
vn 0.6240 0.3603 -0.6934
vn 0.3611 -0.6255 -0.6916
vn 0.0000 -0.7206 -0.6934
vn 0.6240 -0.3603 -0.6934
vn -0.7223 0.0000 -0.6916
vn -0.6240 -0.3603 -0.6934
vn 0.7223 0.0000 -0.6916
vn -0.3611 -0.6255 -0.6916
vn 0.5000 0.8660 0.0087
vn 0.8659 0.5001 0.0103
vn 0.0000 0.9999 0.0081
vn 0.5001 -0.8658 0.0161
vn 0.0000 -0.9998 0.0167
vn 0.8661 -0.4996 0.0146
vn -0.9999 0.0003 0.0123
vn -0.8659 0.5001 0.0103
vn -0.8661 -0.4996 0.0146
vn 0.9999 0.0003 0.0123
vn -0.5001 -0.8658 0.0161
vn -0.5000 0.8660 0.0087
vn -0.2541 -0.4402 0.8612
vn 0.0000 0.0000 1.0000
vn 0.2541 0.4402 0.8612
usemtl cow_texture
s 1
f 450/475/375 602/476/376 604/477/377 594/478/378
f 602/476/376 447/479/379 465/480/380 604/477/377
f 604/477/377 465/480/380 386/481/381 464/482/382
f 594/478/378 604/477/377 464/482/382 381/483/383
f 451/484/384 601/485/385 605/486/386 595/487/387
f 601/485/385 448/488/388 467/489/389 605/486/386
f 605/486/386 467/489/389 384/490/390 462/491/391
f 595/487/387 605/486/386 462/491/391 385/492/392
f 452/493/393 600/494/394 606/495/395 596/496/396
f 600/494/394 449/497/397 469/498/398 606/495/395
f 606/495/395 469/498/398 382/499/399 460/500/400
f 596/496/396 606/495/395 460/500/400 383/501/401
f 447/479/379 599/502/402 607/503/403 465/480/380
f 599/502/402 451/484/384 595/487/387 607/503/403
f 607/503/403 595/487/387 385/492/392 463/504/404
f 465/480/380 607/503/403 463/504/404 386/481/381
f 448/488/388 598/505/405 608/506/406 467/489/389
f 598/505/405 452/493/393 596/496/396 608/506/406
f 608/506/406 596/496/396 383/501/401 461/507/407
f 467/489/389 608/506/406 461/507/407 384/490/390
f 449/497/397 597/508/408 609/509/409 469/498/398
f 597/508/408 450/510/375 594/511/378 609/509/409
f 609/509/409 594/511/378 381/512/383 459/513/410
f 469/498/398 609/509/409 459/513/410 382/499/399
f 376/514/411 453/515/412 610/516/413 487/517/414
f 453/515/412 375/518/415 466/519/416 610/516/413
f 610/516/413 466/519/416 394/520/417 495/521/418
f 487/517/414 610/516/413 495/521/418 403/522/419
f 403/522/419 495/521/418 611/523/420 488/524/421
f 495/521/418 394/520/417 478/525/422 611/523/420
f 611/523/420 478/525/422 393/526/423 496/527/424
f 488/524/421 611/523/420 496/527/424 404/528/425
f 404/528/425 496/527/424 612/529/426 489/530/427
f 496/527/424 393/526/423 477/531/428 612/529/426
f 612/529/426 477/531/428 392/532/429 497/533/430
f 489/530/427 612/529/426 497/533/430 405/534/431
f 405/534/431 497/533/430 613/535/432 490/536/433
f 497/533/430 392/532/429 476/537/434 613/535/432
f 613/535/432 476/537/434 391/538/435 498/539/436
f 490/536/433 613/535/432 498/539/436 406/540/437
f 378/541/438 455/542/439 614/543/440 479/544/441
f 455/542/439 377/545/442 470/546/443 614/543/440
f 614/543/440 470/546/443 410/547/444 499/548/445
f 479/544/441 614/543/440 499/548/445 395/549/446
f 395/549/446 499/548/445 615/550/447 480/551/448
f 499/548/445 410/547/444 494/552/449 615/550/447
f 615/550/447 494/552/449 409/553/450 500/554/451
f 480/551/448 615/550/447 500/554/451 396/555/452
f 396/555/452 500/554/451 616/556/453 481/557/454
f 500/554/451 409/553/450 493/558/455 616/556/453
f 616/556/453 493/558/455 408/559/456 501/560/457
f 481/557/454 616/556/453 501/560/457 397/561/458
f 397/561/458 501/560/457 617/562/459 482/563/460
f 501/560/457 408/559/456 492/564/461 617/562/459
f 617/562/459 492/564/461 407/565/462 502/566/463
f 482/563/460 617/562/459 502/566/463 398/567/464
f 380/568/465 457/569/466 618/570/467 471/571/468
f 457/569/466 379/572/469 468/573/470 618/570/467
f 618/570/467 468/573/470 402/574/471 503/575/472
f 471/571/468 618/570/467 503/575/472 387/576/473
f 387/576/473 503/575/472 619/577/474 472/578/475
f 503/575/472 402/574/471 486/579/476 619/577/474
f 619/577/474 486/579/476 401/580/477 504/581/478
f 472/578/475 619/577/474 504/581/478 388/582/479
f 388/582/479 504/581/478 620/583/480 473/584/481
f 504/581/478 401/580/477 485/585/482 620/583/480
f 620/583/480 485/585/482 400/586/483 505/587/484
f 473/584/481 620/583/480 505/587/484 389/588/485
f 389/588/485 505/587/484 621/589/486 474/590/487
f 505/587/484 400/586/483 484/591/488 621/589/486
f 621/589/486 484/591/488 399/592/489 506/593/490
f 474/590/487 621/589/486 506/593/490 390/594/491
f 377/545/442 454/595/492 622/596/493 470/546/443
f 454/595/492 376/514/411 487/517/414 622/596/493
f 622/596/493 487/517/414 403/522/419 507/597/494
f 470/546/443 622/596/493 507/597/494 410/547/444
f 410/547/444 507/597/494 623/598/495 494/552/449
f 507/597/494 403/522/419 488/524/421 623/598/495
f 623/598/495 488/524/421 404/528/425 508/599/496
f 494/552/449 623/598/495 508/599/496 409/553/450
f 409/553/450 508/599/496 624/600/497 493/558/455
f 508/599/496 404/528/425 489/530/427 624/600/497
f 624/600/497 489/530/427 405/534/431 509/601/498
f 493/558/455 624/600/497 509/601/498 408/559/456
f 408/559/456 509/601/498 625/602/499 492/564/461
f 509/601/498 405/534/431 490/536/433 625/602/499
f 625/602/499 490/536/433 406/540/437 510/603/500
f 492/564/461 625/602/499 510/603/500 407/565/462
f 379/572/469 456/604/501 626/605/502 468/573/470
f 456/604/501 378/541/438 479/544/441 626/605/502
f 626/605/502 479/544/441 395/549/446 511/606/503
f 468/573/470 626/605/502 511/606/503 402/574/471
f 402/574/471 511/606/503 627/607/504 486/579/476
f 511/606/503 395/549/446 480/551/448 627/607/504
f 627/607/504 480/551/448 396/555/452 512/608/505
f 486/579/476 627/607/504 512/608/505 401/580/477
f 401/580/477 512/608/505 628/609/506 485/585/482
f 512/608/505 396/555/452 481/557/454 628/609/506
f 628/609/506 481/557/454 397/561/458 513/610/507
f 485/585/482 628/609/506 513/610/507 400/586/483
f 400/586/483 513/610/507 629/611/508 484/591/488
f 513/610/507 397/561/458 482/563/460 629/611/508
f 629/611/508 482/563/460 398/567/464 514/612/509
f 484/591/488 629/611/508 514/612/509 399/592/489
f 375/613/415 458/614/510 630/615/511 466/616/416
f 458/614/510 380/568/465 471/571/468 630/615/511
f 630/615/511 471/571/468 387/576/473 515/617/512
f 466/616/416 630/615/511 515/617/512 394/618/417
f 394/618/417 515/617/512 631/619/513 478/620/422
f 515/617/512 387/576/473 472/578/475 631/619/513
f 631/619/513 472/578/475 388/582/479 516/621/514
f 478/620/422 631/619/513 516/621/514 393/622/423
f 393/622/423 516/621/514 632/623/515 477/624/428
f 516/621/514 388/582/479 473/584/481 632/623/515
f 632/623/515 473/584/481 389/588/485 517/625/516
f 477/624/428 632/623/515 517/625/516 392/626/429
f 392/626/429 517/625/516 633/627/517 476/628/434
f 517/625/516 389/588/485 474/590/487 633/627/517
f 633/627/517 474/590/487 390/594/491 518/629/518
f 476/628/434 633/627/517 518/629/518 391/630/435
f 419/631/519 554/632/520 634/633/521 533/634/522
f 554/632/520 418/635/523 525/636/524 634/633/521
f 634/633/521 525/636/524 414/637/525 522/638/526
f 533/634/522 634/633/521 522/638/526 415/639/527
f 423/640/528 552/641/529 635/642/530 537/643/531
f 552/641/529 422/644/532 527/645/533 635/642/530
f 635/642/530 527/645/533 412/646/534 520/647/535
f 537/643/531 635/642/530 520/647/535 413/648/536
f 425/649/537 550/650/538 636/651/539 539/652/540
f 550/650/538 419/631/519 533/634/522 636/651/539
f 636/651/539 533/634/522 415/639/527 523/653/541
f 539/652/540 636/651/539 523/653/541 416/654/542
f 418/635/523 548/655/543 637/656/544 525/636/524
f 548/655/543 423/640/528 537/643/531 637/656/544
f 637/656/544 537/643/531 413/648/536 521/657/545
f 525/636/524 637/656/544 521/657/545 414/637/525
f 422/644/532 546/658/546 638/659/547 527/645/533
f 546/658/546 428/660/548 530/661/549 638/659/547
f 638/659/547 530/661/549 411/662/550 519/663/551
f 527/645/533 638/659/547 519/663/551 412/646/534
f 428/664/548 544/665/552 639/666/553 530/667/549
f 544/665/552 425/649/537 539/652/540 639/666/553
f 639/666/553 539/652/540 416/654/542 524/668/554
f 530/667/549 639/666/553 524/668/554 411/669/550
f 434/670/555 566/671/556 640/672/557 541/673/558
f 566/671/556 431/674/559 557/675/560 640/672/557
f 640/672/557 557/675/560 426/676/561 543/677/562
f 541/673/558 640/672/557 543/677/562 427/678/563
f 440/679/564 578/680/565 641/681/566 542/682/567
f 578/680/565 439/683/568 571/684/569 641/681/566
f 641/681/566 571/684/569 425/649/537 544/665/552
f 542/682/567 641/681/566 544/665/552 428/664/548
f 433/685/570 565/686/571 642/687/572 535/688/573
f 565/686/571 434/689/555 541/690/558 642/687/572
f 642/687/572 541/690/558 427/691/563 545/692/574
f 535/688/573 642/687/572 545/692/574 421/693/575
f 437/694/576 577/695/577 643/696/578 536/697/579
f 577/695/577 440/698/564 542/699/567 643/696/578
f 643/696/578 542/699/567 428/660/548 546/658/546
f 536/697/579 643/696/578 546/658/546 422/644/532
f 432/700/580 564/701/581 644/702/582 531/703/583
f 564/701/581 430/704/584 556/705/585 644/702/582
f 644/702/582 556/705/585 424/706/586 547/707/587
f 531/703/583 644/702/582 547/707/587 417/708/588
f 435/709/589 576/710/590 645/711/591 532/712/592
f 576/710/590 438/713/593 570/714/594 645/711/591
f 645/711/591 570/714/594 423/640/528 548/655/543
f 532/712/592 645/711/591 548/655/543 418/635/523
f 431/674/559 563/715/595 646/716/596 557/675/560
f 563/715/595 429/717/597 555/718/598 646/716/596
f 646/716/596 555/718/598 420/719/599 549/720/600
f 557/675/560 646/716/596 549/720/600 426/676/561
f 439/683/568 575/721/601 647/722/602 571/684/569
f 575/721/601 436/723/603 568/724/604 647/722/602
f 647/722/602 568/724/604 419/631/519 550/650/538
f 571/684/569 647/722/602 550/650/538 425/649/537
f 430/704/584 562/725/605 648/726/606 556/705/585
f 562/725/605 433/685/570 535/688/573 648/726/606
f 648/726/606 535/688/573 421/693/575 551/727/607
f 556/705/585 648/726/606 551/727/607 424/706/586
f 438/713/593 574/728/608 649/729/609 570/714/594
f 574/728/608 437/694/576 536/697/579 649/729/609
f 649/729/609 536/697/579 422/644/532 552/641/529
f 570/714/594 649/729/609 552/641/529 423/640/528
f 429/717/597 561/730/610 650/731/611 555/718/598
f 561/730/610 432/700/580 531/703/583 650/731/611
f 650/731/611 531/703/583 417/708/588 553/732/612
f 555/718/598 650/731/611 553/732/612 420/719/599
f 436/723/603 573/733/613 651/734/614 568/724/604
f 573/733/613 435/709/589 532/712/592 651/734/614
f 651/734/614 532/712/592 418/635/523 554/632/520
f 568/724/604 651/734/614 554/632/520 419/631/519
f 441/735/615 590/736/616 652/737/617 579/738/618
f 590/736/616 444/739/619 558/740/620 652/737/617
f 652/737/617 558/740/620 432/700/580 561/730/610
f 579/738/618 652/737/617 561/730/610 429/717/597
f 442/741/621 589/742/622 653/743/623 580/744/624
f 589/742/622 445/745/625 559/746/626 653/743/623
f 653/743/623 559/746/626 433/685/570 562/725/605
f 580/744/624 653/743/623 562/725/605 430/704/584
f 443/747/627 588/748/628 654/749/629 581/750/630
f 588/748/628 441/735/615 579/738/618 654/749/629
f 654/749/629 579/738/618 429/717/597 563/715/595
f 581/750/630 654/749/629 563/715/595 431/674/559
f 444/739/619 587/751/631 655/752/632 558/740/620
f 587/751/631 442/741/621 580/744/624 655/752/632
f 655/752/632 580/744/624 430/704/584 564/701/581
f 558/740/620 655/752/632 564/701/581 432/700/580
f 445/745/625 586/753/633 656/754/634 559/746/626
f 586/753/633 446/755/635 560/756/636 656/754/634
f 656/754/634 560/756/636 434/689/555 565/686/571
f 559/746/626 656/754/634 565/686/571 433/685/570
f 446/757/635 585/758/637 657/759/638 560/760/636
f 585/758/637 443/747/627 581/750/630 657/759/638
f 657/759/638 581/750/630 431/674/559 566/671/556
f 560/760/636 657/759/638 566/671/556 434/670/555
f 420/719/599 553/732/612 658/761/639 534/762/640
f 553/732/612 417/708/588 567/763/641 658/761/639
f 658/761/639 567/763/641 435/709/589 573/733/613
f 534/762/640 658/761/639 573/733/613 436/723/603
f 424/706/586 551/727/607 659/764/642 538/765/643
f 551/727/607 421/693/575 569/766/644 659/764/642
f 659/764/642 569/766/644 437/694/576 574/728/608
f 538/765/643 659/764/642 574/728/608 438/713/593
f 426/676/561 549/720/600 660/767/645 540/768/646
f 549/720/600 420/719/599 534/762/640 660/767/645
f 660/767/645 534/762/640 436/723/603 575/721/601
f 540/768/646 660/767/645 575/721/601 439/683/568
f 417/708/588 547/707/587 661/769/647 567/763/641
f 547/707/587 424/706/586 538/765/643 661/769/647
f 661/769/647 538/765/643 438/713/593 576/710/590
f 567/763/641 661/769/647 576/710/590 435/709/589
f 421/693/575 545/692/574 662/770/648 569/766/644
f 545/692/574 427/691/563 572/771/649 662/770/648
f 662/770/648 572/771/649 440/698/564 577/695/577
f 569/766/644 662/770/648 577/695/577 437/694/576
f 427/678/563 543/677/562 663/772/650 572/773/649
f 543/677/562 426/676/561 540/768/646 663/772/650
f 663/772/650 540/768/646 439/683/568 578/680/565
f 572/773/649 663/772/650 578/680/565 440/679/564
f 381/774/383 464/775/382 664/776/651 584/777/652
f 464/775/382 386/778/381 529/779/653 664/776/651
f 664/776/651 529/779/653 443/747/627 585/758/637
f 584/777/652 664/776/651 585/758/637 446/757/635
f 382/780/399 459/781/410 665/782/654 583/783/655
f 459/781/410 381/784/383 584/785/652 665/782/654
f 665/782/654 584/785/652 446/755/635 586/753/633
f 583/783/655 665/782/654 586/753/633 445/745/625
f 384/786/390 461/787/407 666/788/656 582/789/657
f 461/787/407 383/790/401 528/791/658 666/788/656
f 666/788/656 528/791/658 442/741/621 587/751/631
f 582/789/657 666/788/656 587/751/631 444/739/619
f 386/778/381 463/792/404 667/793/659 529/779/653
f 463/792/404 385/794/392 526/795/660 667/793/659
f 667/793/659 526/795/660 441/735/615 588/748/628
f 529/779/653 667/793/659 588/748/628 443/747/627
f 383/790/401 460/796/400 668/797/661 528/791/658
f 460/796/400 382/780/399 583/783/655 668/797/661
f 668/797/661 583/783/655 445/745/625 589/742/622
f 528/791/658 668/797/661 589/742/622 442/741/621
f 385/794/392 462/798/391 669/799/662 526/795/660
f 462/798/391 384/786/390 582/789/657 669/799/662
f 669/799/662 582/789/657 444/739/619 590/736/616
f 526/795/660 669/799/662 590/736/616 441/735/615
f 406/540/437 498/539/436 670/800/663 593/801/664
f 498/539/436 391/538/435 475/802/665 670/800/663
f 670/800/663 475/802/665 450/510/375 597/508/408
f 593/801/664 670/800/663 597/508/408 449/497/397
f 398/567/464 502/566/463 671/803/666 592/804/667
f 502/566/463 407/565/462 491/805/668 671/803/666
f 671/803/666 491/805/668 452/493/393 598/505/405
f 592/804/667 671/803/666 598/505/405 448/488/388
f 390/594/491 506/593/490 672/806/669 591/807/670
f 506/593/490 399/592/489 483/808/671 672/806/669
f 672/806/669 483/808/671 451/484/384 599/502/402
f 591/807/670 672/806/669 599/502/402 447/479/379
f 407/565/462 510/603/500 673/809/672 491/805/668
f 510/603/500 406/540/437 593/801/664 673/809/672
f 673/809/672 593/801/664 449/497/397 600/494/394
f 491/805/668 673/809/672 600/494/394 452/493/393
f 399/592/489 514/612/509 674/810/673 483/808/671
f 514/612/509 398/567/464 592/804/667 674/810/673
f 674/810/673 592/804/667 448/488/388 601/485/385
f 483/808/671 674/810/673 601/485/385 451/484/384
f 391/630/435 518/629/518 675/811/674 475/812/665
f 518/629/518 390/594/491 591/807/670 675/811/674
f 675/811/674 591/807/670 447/479/379 602/476/376
f 475/812/665 675/811/674 602/476/376 450/475/375
f 414/637/525 521/657/545 676/813/675 522/638/526
f 521/657/545 413/648/536 603/814/676 676/813/675
f 676/813/675 603/814/676 416/815/542 523/816/541
f 522/638/526 676/813/675 523/816/541 415/639/527
f 411/817/550 524/818/554 677/819/677 519/820/551
f 524/818/554 416/815/542 603/814/676 677/819/677
f 677/819/677 603/814/676 413/648/536 520/821/535
f 519/820/551 677/819/677 520/821/535 412/822/534
o Lonceng_Cube.004
v -0.111494 0.115116 -1.446469
v -0.054922 0.329635 -1.503042
v -0.111494 0.115116 -1.669457
v -0.054922 0.329635 -1.612885
v 0.111494 0.115116 -1.446469
v 0.054922 0.329635 -1.503042
v 0.111494 0.115116 -1.669457
v 0.054922 0.329635 -1.612885
v -0.093021 0.147853 -1.464942
v -0.093021 0.147853 -1.650984
v 0.093021 0.147853 -1.650984
v 0.093021 0.147853 -1.464942
v -0.084632 0.200216 -1.473331
v -0.084632 0.200216 -1.642596
v 0.084632 0.200216 -1.642596
v 0.084632 0.200216 -1.473331
v -0.142852 0.115116 -1.618937
v -0.153304 0.115116 -1.557963
v -0.142852 0.115116 -1.496990
v -0.080798 0.234235 -1.477165
v -0.074430 0.272583 -1.483534
v -0.064839 0.307183 -1.493124
v -0.062210 0.337569 -1.525521
v -0.065813 0.341554 -1.557963
v -0.062210 0.337569 -1.590406
v -0.096529 0.140826 -1.654492
v -0.100988 0.132808 -1.658951
v -0.106082 0.124127 -1.664046
v 0.060973 0.115116 -1.700815
v 0.000000 0.115116 -1.711268
v -0.060973 0.115116 -1.700815
v -0.032442 0.337569 -1.620173
v 0.000000 0.341554 -1.623777
v 0.032443 0.337569 -1.620173
v 0.096529 0.140826 -1.654492
v 0.100988 0.132808 -1.658951
v 0.106082 0.124127 -1.664046
v 0.142852 0.115116 -1.496990
v 0.153304 0.115116 -1.557963
v 0.142852 0.115116 -1.618937
v 0.062210 0.337569 -1.590406
v 0.065813 0.341554 -1.557963
v 0.062210 0.337569 -1.525521
v 0.096529 0.140826 -1.461435
v 0.100988 0.132808 -1.456975
v 0.106082 0.124127 -1.451881
v -0.060973 0.115116 -1.415112
v 0.000000 0.115116 -1.404659
v 0.060973 0.115116 -1.415112
v 0.032443 0.337569 -1.495754
v 0.000000 0.341554 -1.492150
v -0.032442 0.337569 -1.495754
v -0.106082 0.124127 -1.451881
v -0.100988 0.132808 -1.456975
v -0.096528 0.140826 -1.461435
v -0.087070 0.176880 -1.645034
v -0.088854 0.162704 -1.646817
v -0.090623 0.154193 -1.648587
v 0.087070 0.176880 -1.645034
v 0.088854 0.162704 -1.646817
v 0.090623 0.154193 -1.648587
v 0.087070 0.176880 -1.470893
v 0.088854 0.162704 -1.469110
v 0.090623 0.154193 -1.467340
v 0.050871 0.147853 -1.438780
v -0.000000 0.147853 -1.430059
v -0.050871 0.147853 -1.438780
v 0.119183 0.147853 -1.608834
v 0.127904 0.147853 -1.557963
v 0.119183 0.147853 -1.507092
v -0.050871 0.147853 -1.677147
v 0.000000 0.147853 -1.685867
v 0.050871 0.147853 -1.677147
v -0.119183 0.147853 -1.507092
v -0.127904 0.147853 -1.557963
v -0.119183 0.147853 -1.608834
v -0.090623 0.154193 -1.467340
v -0.088854 0.162704 -1.469110
v -0.087070 0.176880 -1.470893
v -0.064839 0.307183 -1.622803
v -0.074430 0.272583 -1.632393
v -0.080798 0.234235 -1.638761
v 0.064839 0.307183 -1.622803
v 0.074430 0.272583 -1.632393
v 0.080798 0.234235 -1.638761
v 0.064839 0.307183 -1.493124
v 0.074430 0.272583 -1.483534
v 0.080798 0.234235 -1.477165
v 0.046283 0.200216 -1.449528
v 0.000000 0.200216 -1.441594
v -0.046283 0.200216 -1.449528
v 0.108435 0.200216 -1.604247
v 0.116369 0.200216 -1.557963
v 0.108435 0.200216 -1.511680
v -0.046283 0.200216 -1.666398
v 0.000000 0.200216 -1.674332
v 0.046283 0.200216 -1.666398
v -0.108435 0.200216 -1.511680
v -0.116369 0.200216 -1.557963
v -0.108435 0.200216 -1.604247
v -0.103509 0.234308 -1.513774
v -0.095259 0.273171 -1.517232
v -0.082076 0.309378 -1.522109
v -0.111076 0.234382 -1.557963
v -0.102170 0.273758 -1.557963
v -0.087774 0.311299 -1.557963
v -0.103509 0.234308 -1.602153
v -0.095259 0.273171 -1.598694
v -0.082076 0.309378 -1.593818
v -0.044190 0.234308 -1.661473
v -0.040731 0.273171 -1.653223
v -0.035855 0.309378 -1.640040
v 0.000000 0.234382 -1.669039
v 0.000000 0.273758 -1.660134
v 0.000000 0.311299 -1.645737
v 0.044190 0.234308 -1.661473
v 0.040731 0.273171 -1.653223
v 0.035855 0.309378 -1.640040
v 0.103509 0.234308 -1.602153
v 0.095259 0.273171 -1.598694
v 0.082076 0.309378 -1.593818
v 0.111076 0.234382 -1.557963
v 0.102170 0.273758 -1.557963
v 0.087774 0.311299 -1.557963
v 0.103509 0.234308 -1.513774
v 0.095259 0.273171 -1.517232
v 0.082076 0.309378 -1.522109
v 0.044190 0.234308 -1.454454
v 0.040731 0.273171 -1.462704
v 0.035855 0.309378 -1.475887
v 0.000000 0.234382 -1.446887
v 0.000000 0.273758 -1.455793
v 0.000000 0.311299 -1.470190
v -0.044190 0.234308 -1.454454
v -0.040731 0.273171 -1.462704
v -0.035855 0.309378 -1.475887
v 0.033801 0.354544 -1.591764
v 0.000000 0.360291 -1.593292
v -0.033801 0.354544 -1.591764
v 0.035328 0.360291 -1.557963
v 0.000000 0.366565 -1.557963
v -0.035328 0.360291 -1.557963
v 0.033801 0.354544 -1.524163
v 0.000000 0.360291 -1.522635
v -0.033801 0.354544 -1.524163
v 0.058014 0.124127 -1.422045
v 0.055228 0.132808 -1.428572
v 0.052789 0.140826 -1.434286
v 0.000000 0.124127 -1.412100
v -0.000000 0.132808 -1.419105
v 0.000000 0.140826 -1.425237
v -0.058014 0.124127 -1.422045
v -0.055228 0.132808 -1.428572
v -0.052789 0.140826 -1.434286
v 0.135918 0.124127 -1.615977
v 0.129391 0.132808 -1.613191
v 0.123677 0.140826 -1.610752
v 0.145863 0.124127 -1.557963
v 0.138859 0.132808 -1.557963
v 0.132727 0.140826 -1.557963
v 0.135918 0.124127 -1.499950
v 0.129391 0.132808 -1.502735
v 0.123677 0.140826 -1.505174
v -0.058014 0.124127 -1.693881
v -0.055228 0.132808 -1.687354
v -0.052789 0.140826 -1.681641
v 0.000000 0.124127 -1.703827
v 0.000000 0.132808 -1.696822
v 0.000000 0.140826 -1.690690
v 0.058014 0.124127 -1.693881
v 0.055228 0.132808 -1.687354
v 0.052789 0.140826 -1.681641
v -0.135918 0.124127 -1.499950
v -0.129391 0.132808 -1.502735
v -0.123677 0.140826 -1.505174
v -0.145863 0.124127 -1.557963
v -0.138859 0.132808 -1.557963
v -0.132727 0.140826 -1.557963
v -0.135918 0.124127 -1.615977
v -0.129391 0.132808 -1.613191
v -0.123677 0.140826 -1.610752
v 0.049560 0.154193 -1.441852
v 0.048592 0.162704 -1.444120
v 0.047617 0.176880 -1.446404
v 0.000000 0.154193 -1.433356
v 0.000000 0.162704 -1.435790
v 0.000000 0.176880 -1.438242
v -0.049560 0.154193 -1.441852
v -0.048592 0.162704 -1.444120
v -0.047617 0.176880 -1.446404
v 0.116111 0.154193 -1.607523
v 0.113844 0.162704 -1.606555
v 0.111559 0.176880 -1.605580
v 0.124607 0.154193 -1.557963
v 0.122174 0.162704 -1.557963
v 0.119722 0.176880 -1.557963
v 0.116111 0.154193 -1.508404
v 0.113844 0.162704 -1.509372
v 0.111559 0.176880 -1.510347
v -0.049560 0.154193 -1.674075
v -0.048592 0.162704 -1.671807
v -0.047617 0.176880 -1.669522
v 0.000000 0.154193 -1.682570
v 0.000000 0.162704 -1.680137
v 0.000000 0.176880 -1.677685
v 0.049560 0.154193 -1.674075
v 0.048592 0.162704 -1.671807
v 0.047617 0.176880 -1.669522
v -0.116111 0.154193 -1.508404
v -0.113844 0.162704 -1.509372
v -0.111559 0.176880 -1.510347
v -0.124607 0.154193 -1.557963
v -0.122174 0.162704 -1.557963
v -0.119722 0.176880 -1.557963
v -0.116111 0.154193 -1.607523
v -0.113844 0.162704 -1.606555
v -0.111559 0.176880 -1.605580
v -0.106961 0.109672 -1.451002
v -0.050286 0.324368 -1.507677
v -0.106961 0.109672 -1.664925
v -0.050286 0.324368 -1.608249
v 0.106961 0.109672 -1.451002
v 0.050286 0.324368 -1.507677
v 0.106961 0.109672 -1.664925
v 0.050286 0.324368 -1.608249
v -0.087975 0.143402 -1.469988
v -0.087975 0.143402 -1.645939
v 0.087975 0.143402 -1.645939
v 0.087975 0.143402 -1.469988
v -0.078754 0.198940 -1.479209
v -0.078754 0.198940 -1.636718
v 0.078754 0.198940 -1.636718
v 0.078754 0.198940 -1.479209
v -0.136826 0.109722 -1.616631
v -0.146820 0.109761 -1.557963
v -0.136826 0.109722 -1.499296
v -0.074962 0.232622 -1.483002
v -0.068744 0.270117 -1.489219
v -0.059525 0.303410 -1.498439
v -0.056811 0.331642 -1.528063
v -0.060112 0.335372 -1.557963
v -0.056811 0.331642 -1.587864
v -0.091769 0.135785 -1.649732
v -0.096367 0.127514 -1.654330
v -0.101530 0.118716 -1.659494
v 0.058667 0.109722 -1.694789
v 0.000000 0.109761 -1.704783
v -0.058667 0.109722 -1.694789
v -0.029900 0.331642 -1.614775
v 0.000000 0.335372 -1.618075
v 0.029900 0.331642 -1.614775
v 0.091769 0.135785 -1.649732
v 0.096367 0.127514 -1.654330
v 0.101530 0.118716 -1.659494
v 0.136826 0.109722 -1.499296
v 0.146820 0.109761 -1.557963
v 0.136826 0.109722 -1.616631
v 0.056811 0.331642 -1.587864
v 0.060112 0.335372 -1.557963
v 0.056811 0.331642 -1.528063
v 0.091769 0.135785 -1.466194
v 0.096367 0.127514 -1.461596
v 0.101530 0.118716 -1.456433
v -0.058667 0.109722 -1.421137
v 0.000000 0.109761 -1.411144
v 0.058667 0.109722 -1.421137
v 0.029900 0.331642 -1.501152
v 0.000000 0.335372 -1.497852
v -0.029900 0.331642 -1.501152
v -0.101530 0.118716 -1.456433
v -0.096367 0.127514 -1.461596
v -0.091769 0.135785 -1.466194
v -0.081201 0.175526 -1.639165
v -0.083068 0.160763 -1.641031
v -0.085133 0.150962 -1.643097
v 0.081201 0.175526 -1.639165
v 0.083068 0.160763 -1.641031
v 0.085133 0.150962 -1.643097
v 0.081201 0.175526 -1.476762
v 0.083068 0.160763 -1.474896
v 0.085133 0.150962 -1.472830
v 0.048331 0.143458 -1.445486
v -0.000000 0.143500 -1.437256
v -0.048331 0.143458 -1.445486
v 0.112478 0.143458 -1.606295
v 0.120708 0.143500 -1.557963
v 0.112478 0.143458 -1.509632
v -0.048331 0.143458 -1.670441
v 0.000000 0.143500 -1.678671
v 0.048331 0.143458 -1.670441
v -0.112478 0.143458 -1.509632
v -0.120708 0.143500 -1.557963
v -0.112478 0.143458 -1.606295
v -0.085133 0.150962 -1.472830
v -0.083068 0.160763 -1.474896
v -0.081201 0.175526 -1.476762
v -0.059525 0.303410 -1.617488
v -0.068744 0.270117 -1.626708
v -0.074962 0.232622 -1.632925
v 0.059525 0.303410 -1.617488
v 0.068744 0.270117 -1.626708
v 0.074962 0.232622 -1.632925
v 0.059525 0.303410 -1.498439
v 0.068744 0.270117 -1.489219
v 0.074962 0.232622 -1.483002
v 0.043333 0.198960 -1.457303
v 0.000000 0.198975 -1.449912
v -0.043333 0.198960 -1.457303
v 0.100660 0.198960 -1.601297
v 0.108051 0.198975 -1.557963
v 0.100660 0.198960 -1.514630
v -0.043333 0.198960 -1.658624
v 0.000000 0.198975 -1.666015
v 0.043333 0.198960 -1.658624
v -0.100660 0.198960 -1.514630
v -0.108051 0.198975 -1.557963
v -0.100660 0.198960 -1.601297
v -0.095789 0.232720 -1.516706
v -0.087743 0.270723 -1.520102
v -0.075113 0.305494 -1.524783
v -0.102814 0.232812 -1.557963
v -0.094121 0.271321 -1.557963
v -0.080378 0.307296 -1.557963
v -0.095789 0.232720 -1.599220
v -0.087743 0.270723 -1.595825
v -0.075113 0.305494 -1.591143
v -0.041257 0.232720 -1.653753
v -0.037861 0.270723 -1.645707
v -0.033180 0.305494 -1.633076
v 0.000000 0.232812 -1.660777
v 0.000000 0.271321 -1.652084
v 0.000000 0.307296 -1.638341
v 0.041257 0.232720 -1.653753
v 0.037861 0.270723 -1.645707
v 0.033180 0.305494 -1.633076
v 0.095789 0.232720 -1.599220
v 0.087743 0.270723 -1.595825
v 0.075113 0.305494 -1.591143
v 0.102814 0.232812 -1.557963
v 0.094121 0.271321 -1.557963
v 0.080378 0.307296 -1.557963
v 0.095789 0.232720 -1.516706
v 0.087743 0.270723 -1.520102
v 0.075113 0.305494 -1.524783
v 0.041257 0.232720 -1.462174
v 0.037861 0.270723 -1.470220
v 0.033180 0.305494 -1.482850
v 0.000000 0.232812 -1.455150
v 0.000000 0.271321 -1.463842
v 0.000000 0.307296 -1.477586
v -0.041257 0.232720 -1.462174
v -0.037861 0.270723 -1.470220
v -0.033180 0.305494 -1.482850
v 0.031027 0.347105 -1.588991
v 0.000000 0.352421 -1.590328
v -0.031027 0.347105 -1.588991
v 0.032364 0.352421 -1.557963
v 0.000000 0.358155 -1.557963
v -0.032364 0.352421 -1.557963
v 0.031027 0.347105 -1.526936
v 0.000000 0.352421 -1.525599
v -0.031027 0.347105 -1.526936
v 0.055719 0.118767 -1.428106
v 0.052899 0.127567 -1.434723
v 0.050391 0.135839 -1.440619
v 0.000000 0.118807 -1.418613
v -0.000000 0.127607 -1.425714
v 0.000000 0.135880 -1.432038
v -0.055719 0.118767 -1.428106
v -0.052899 0.127567 -1.434723
v -0.050391 0.135839 -1.440619
v 0.129858 0.118767 -1.613682
v 0.123240 0.127567 -1.610862
v 0.117345 0.135839 -1.608354
v 0.139351 0.118807 -1.557963
v 0.132250 0.127607 -1.557963
v 0.125925 0.135880 -1.557963
v 0.129858 0.118767 -1.502245
v 0.123240 0.127567 -1.505065
v 0.117345 0.135839 -1.507573
v -0.055719 0.118767 -1.687821
v -0.052899 0.127567 -1.681204
v -0.050391 0.135839 -1.675308
v 0.000000 0.118807 -1.697314
v 0.000000 0.127607 -1.690213
v 0.000000 0.135880 -1.683889
v 0.055719 0.118767 -1.687821
v 0.052899 0.127567 -1.681204
v 0.050391 0.135839 -1.675308
v -0.129858 0.118767 -1.502245
v -0.123240 0.127567 -1.505065
v -0.117345 0.135839 -1.507573
v -0.139351 0.118807 -1.557963
v -0.132250 0.127607 -1.557963
v -0.125925 0.135880 -1.557963
v -0.129858 0.118767 -1.613682
v -0.123240 0.127567 -1.610862
v -0.117345 0.135839 -1.608354
v 0.046802 0.151012 -1.449133
v 0.045689 0.160794 -1.451778
v 0.044672 0.175547 -1.454168
v 0.000000 0.151050 -1.441157
v 0.000000 0.160818 -1.443985
v 0.000000 0.175563 -1.446548
v -0.046802 0.151012 -1.449133
v -0.045689 0.160794 -1.451778
v -0.044672 0.175547 -1.454168
v 0.108831 0.151012 -1.604766
v 0.106185 0.160794 -1.603652
v 0.103795 0.175547 -1.602635
v 0.116807 0.151050 -1.557963
v 0.113978 0.160818 -1.557963
v 0.111416 0.175563 -1.557963
v 0.108831 0.151012 -1.511161
v 0.106185 0.160794 -1.512274
v 0.103795 0.175547 -1.513291
v -0.046802 0.151012 -1.666794
v -0.045689 0.160794 -1.664149
v -0.044672 0.175547 -1.661758
v 0.000000 0.151050 -1.674770
v 0.000000 0.160818 -1.671942
v 0.000000 0.175563 -1.669379
v 0.046802 0.151012 -1.666794
v 0.045689 0.160794 -1.664149
v 0.044672 0.175547 -1.661758
v -0.108831 0.151012 -1.511161
v -0.106185 0.160794 -1.512274
v -0.103795 0.175547 -1.513291
v -0.116807 0.151050 -1.557963
v -0.113978 0.160818 -1.557963
v -0.111416 0.175563 -1.557963
v -0.108831 0.151012 -1.604766
v -0.106185 0.160794 -1.603652
v -0.103795 0.175547 -1.602635
vt 0.476191 0.062500
vt 0.520526 0.062500
vt 0.520526 0.125000
vt 0.476191 0.125000
vt 0.571182 0.062500
vt 0.571182 0.125000
vt 0.520526 0.187500
vt 0.476191 0.187500
vt 0.571182 0.187500
vt 0.441339 0.000000
vt 0.476191 0.000000
vt 0.441339 0.062500
vt 0.520526 0.000000
vt 0.571182 0.000000
vt 0.625000 0.000000
vt 0.625000 0.062500
vt 0.625000 0.125000
vt 0.625000 0.187500
vt 0.625000 0.250000
vt 0.571182 0.250000
vt 0.520526 0.250000
vt 0.476191 0.250000
vt 0.441339 0.187500
vt 0.441339 0.250000
vt 0.441339 0.125000
vt 0.476204 0.312486
vt 0.520634 0.312391
vt 0.521394 0.374132
vt 0.476299 0.374892
vt 0.571521 0.312161
vt 0.573895 0.372287
vt 0.523035 0.435004
vt 0.476505 0.437188
vt 0.579445 0.429267
vt 0.441339 0.312500
vt 0.625651 0.311849
vt 0.630208 0.369792
vt 0.642578 0.419922
vt 0.666667 0.458333
vt 0.584000 0.487522
vt 0.524111 0.496528
vt 0.476639 0.499566
vt 0.441339 0.437500
vt 0.441339 0.500000
vt 0.441339 0.375000
vt 0.476557 0.562202
vt 0.523456 0.560113
vt 0.522715 0.625000
vt 0.476464 0.625000
vt 0.580475 0.555040
vt 0.577816 0.625000
vt 0.523456 0.689887
vt 0.476557 0.687799
vt 0.580475 0.694960
vt 0.441339 0.562500
vt 0.641657 0.550456
vt 0.636475 0.625000
vt 0.641657 0.699544
vt 0.666667 0.791667
vt 0.584000 0.762478
vt 0.524111 0.753472
vt 0.476639 0.750434
vt 0.441339 0.687500
vt 0.441339 0.750000
vt 0.441339 0.625000
vt 0.476504 0.812812
vt 0.523035 0.814996
vt 0.521394 0.875868
vt 0.476299 0.875109
vt 0.579445 0.820733
vt 0.573895 0.877713
vt 0.520634 0.937609
vt 0.476204 0.937514
vt 0.571521 0.937839
vt 0.441339 0.812500
vt 0.642578 0.830078
vt 0.630208 0.880208
vt 0.625651 0.938151
vt 0.625000 1.000000
vt 0.571182 1.000000
vt 0.520526 1.000000
vt 0.476191 1.000000
vt 0.441339 0.937500
vt 0.441339 1.000000
vt 0.441339 0.875000
vt 0.697224 0.554579
vt 0.753133 0.559896
vt 0.752189 0.625000
vt 0.694134 0.625000
vt 0.812892 0.562174
vt 0.812774 0.625000
vt 0.753133 0.690104
vt 0.697224 0.695421
vt 0.812892 0.687826
vt 0.705078 0.482422
vt 0.755208 0.494792
vt 0.813151 0.499349
vt 0.875000 0.500000
vt 0.875000 0.562500
vt 0.875000 0.625000
vt 0.875000 0.687500
vt 0.875000 0.750000
vt 0.813151 0.750651
vt 0.755208 0.755208
vt 0.705078 0.767578
vt 0.379380 0.812500
vt 0.383721 0.812500
vt 0.383721 0.875000
vt 0.379380 0.875000
vt 0.387985 0.812500
vt 0.387985 0.875000
vt 0.383721 0.937500
vt 0.379380 0.937500
vt 0.387985 0.937500
vt 0.375000 0.750000
vt 0.379380 0.750000
vt 0.375000 0.812500
vt 0.383721 0.750000
vt 0.387985 0.750000
vt 0.392133 0.750000
vt 0.392133 0.812500
vt 0.392133 0.875000
vt 0.392133 0.937500
vt 0.392133 1.000000
vt 0.387985 1.000000
vt 0.383721 1.000000
vt 0.379380 1.000000
vt 0.375000 0.937500
vt 0.375000 1.000000
vt 0.375000 0.875000
vt 0.379380 0.562500
vt 0.383721 0.562500
vt 0.383721 0.625000
vt 0.379380 0.625000
vt 0.387985 0.562500
vt 0.387985 0.625000
vt 0.383721 0.687500
vt 0.379380 0.687500
vt 0.387985 0.687500
vt 0.375000 0.500000
vt 0.379380 0.500000
vt 0.375000 0.562500
vt 0.383721 0.500000
vt 0.387985 0.500000
vt 0.392133 0.500000
vt 0.392133 0.562500
vt 0.392133 0.625000
vt 0.392133 0.687500
vt 0.375000 0.687500
vt 0.375000 0.625000
vt 0.379380 0.312500
vt 0.383721 0.312500
vt 0.383721 0.375000
vt 0.379380 0.375000
vt 0.387985 0.312500
vt 0.387985 0.375000
vt 0.383721 0.437500
vt 0.379380 0.437500
vt 0.387985 0.437500
vt 0.375000 0.250000
vt 0.379380 0.250000
vt 0.375000 0.312500
vt 0.383721 0.250000
vt 0.387985 0.250000
vt 0.392133 0.250000
vt 0.392133 0.312500
vt 0.392133 0.375000
vt 0.392133 0.437500
vt 0.375000 0.437500
vt 0.375000 0.375000
vt 0.379380 0.062500
vt 0.383721 0.062500
vt 0.383721 0.125000
vt 0.379380 0.125000
vt 0.387985 0.062500
vt 0.387985 0.125000
vt 0.383721 0.187500
vt 0.379380 0.187500
vt 0.387985 0.187500
vt 0.375000 0.000000
vt 0.379380 0.000000
vt 0.375000 0.062500
vt 0.383721 0.000000
vt 0.387985 0.000000
vt 0.392133 0.000000
vt 0.392133 0.062500
vt 0.392133 0.125000
vt 0.392133 0.187500
vt 0.375000 0.187500
vt 0.375000 0.125000
vt 0.396667 0.812500
vt 0.404246 0.812500
vt 0.404246 0.875000
vt 0.396667 0.875000
vt 0.418070 0.812500
vt 0.418070 0.875000
vt 0.404246 0.937500
vt 0.396667 0.937500
vt 0.418070 0.937500
vt 0.396667 0.750000
vt 0.404246 0.750000
vt 0.418070 0.750000
vt 0.418070 1.000000
vt 0.404246 1.000000
vt 0.396667 1.000000
vt 0.396667 0.562500
vt 0.404246 0.562500
vt 0.404246 0.625000
vt 0.396667 0.625000
vt 0.418070 0.562500
vt 0.418070 0.625000
vt 0.404246 0.687500
vt 0.396667 0.687500
vt 0.418070 0.687500
vt 0.396667 0.500000
vt 0.404246 0.500000
vt 0.418070 0.500000
vt 0.396667 0.312500
vt 0.404246 0.312500
vt 0.404246 0.375000
vt 0.396667 0.375000
vt 0.418070 0.312500
vt 0.418070 0.375000
vt 0.404246 0.437500
vt 0.396667 0.437500
vt 0.418070 0.437500
vt 0.396667 0.250000
vt 0.404246 0.250000
vt 0.418070 0.250000
vt 0.396667 0.062500
vt 0.404246 0.062500
vt 0.404246 0.125000
vt 0.396667 0.125000
vt 0.418070 0.062500
vt 0.418070 0.125000
vt 0.404246 0.187500
vt 0.396667 0.187500
vt 0.418070 0.187500
vt 0.396667 0.000000
vt 0.404246 0.000000
vt 0.418070 0.000000
vt 0.476191 0.062500
vt 0.476191 0.125000
vt 0.520526 0.125000
vt 0.520526 0.062500
vt 0.571182 0.125000
vt 0.571182 0.062500
vt 0.476191 0.187500
vt 0.520526 0.187500
vt 0.571182 0.187500
vt 0.441339 0.000000
vt 0.441339 0.062500
vt 0.476191 0.000000
vt 0.520526 0.000000
vt 0.571182 0.000000
vt 0.625000 0.062500
vt 0.625000 0.000000
vt 0.625000 0.125000
vt 0.625000 0.187500
vt 0.571182 0.250000
vt 0.625000 0.250000
vt 0.520526 0.250000
vt 0.476191 0.250000
vt 0.441339 0.187500
vt 0.441339 0.250000
vt 0.441339 0.125000
vt 0.476204 0.312486
vt 0.476299 0.374892
vt 0.521394 0.374132
vt 0.520634 0.312391
vt 0.573895 0.372287
vt 0.571521 0.312161
vt 0.476505 0.437188
vt 0.523035 0.435004
vt 0.579445 0.429267
vt 0.441339 0.312500
vt 0.625651 0.311849
vt 0.630208 0.369792
vt 0.642578 0.419922
vt 0.584000 0.487522
vt 0.666667 0.458333
vt 0.524111 0.496528
vt 0.476639 0.499566
vt 0.441339 0.437500
vt 0.441339 0.500000
vt 0.441339 0.375000
vt 0.476557 0.562202
vt 0.476464 0.625000
vt 0.522715 0.625000
vt 0.523456 0.560113
vt 0.577816 0.625000
vt 0.580475 0.555040
vt 0.476557 0.687799
vt 0.523456 0.689887
vt 0.580475 0.694960
vt 0.441339 0.562500
vt 0.641657 0.550456
vt 0.636475 0.625000
vt 0.641657 0.699544
vt 0.584000 0.762478
vt 0.666667 0.791667
vt 0.524111 0.753472
vt 0.476639 0.750434
vt 0.441339 0.687500
vt 0.441339 0.750000
vt 0.441339 0.625000
vt 0.476504 0.812812
vt 0.476299 0.875109
vt 0.521394 0.875868
vt 0.523035 0.814996
vt 0.573895 0.877713
vt 0.579445 0.820733
vt 0.476204 0.937514
vt 0.520634 0.937609
vt 0.571521 0.937839
vt 0.441339 0.812500
vt 0.642578 0.830078
vt 0.630208 0.880208
vt 0.625651 0.938151
vt 0.571182 1.000000
vt 0.625000 1.000000
vt 0.520526 1.000000
vt 0.476191 1.000000
vt 0.441339 0.937500
vt 0.441339 1.000000
vt 0.441339 0.875000
vt 0.697224 0.554579
vt 0.694134 0.625000
vt 0.752189 0.625000
vt 0.753133 0.559896
vt 0.812774 0.625000
vt 0.812892 0.562174
vt 0.697224 0.695421
vt 0.753133 0.690104
vt 0.812892 0.687826
vt 0.705078 0.482422
vt 0.755208 0.494792
vt 0.813151 0.499349
vt 0.875000 0.562500
vt 0.875000 0.500000
vt 0.875000 0.625000
vt 0.875000 0.687500
vt 0.813151 0.750651
vt 0.875000 0.750000
vt 0.755208 0.755208
vt 0.705078 0.767578
vt 0.379380 0.812500
vt 0.379380 0.875000
vt 0.383721 0.875000
vt 0.383721 0.812500
vt 0.387985 0.875000
vt 0.387985 0.812500
vt 0.379380 0.937500
vt 0.383721 0.937500
vt 0.387985 0.937500
vt 0.375000 0.750000
vt 0.375000 0.812500
vt 0.379380 0.750000
vt 0.383721 0.750000
vt 0.387985 0.750000
vt 0.392133 0.812500
vt 0.392133 0.750000
vt 0.392133 0.875000
vt 0.392133 0.937500
vt 0.387985 1.000000
vt 0.392133 1.000000
vt 0.383721 1.000000
vt 0.379380 1.000000
vt 0.375000 0.937500
vt 0.375000 1.000000
vt 0.375000 0.875000
vt 0.379380 0.562500
vt 0.379380 0.625000
vt 0.383721 0.625000
vt 0.383721 0.562500
vt 0.387985 0.625000
vt 0.387985 0.562500
vt 0.379380 0.687500
vt 0.383721 0.687500
vt 0.387985 0.687500
vt 0.375000 0.500000
vt 0.375000 0.562500
vt 0.379380 0.500000
vt 0.383721 0.500000
vt 0.387985 0.500000
vt 0.392133 0.562500
vt 0.392133 0.500000
vt 0.392133 0.625000
vt 0.392133 0.687500
vt 0.375000 0.687500
vt 0.375000 0.625000
vt 0.379380 0.312500
vt 0.379380 0.375000
vt 0.383721 0.375000
vt 0.383721 0.312500
vt 0.387985 0.375000
vt 0.387985 0.312500
vt 0.379380 0.437500
vt 0.383721 0.437500
vt 0.387985 0.437500
vt 0.375000 0.250000
vt 0.375000 0.312500
vt 0.379380 0.250000
vt 0.383721 0.250000
vt 0.387985 0.250000
vt 0.392133 0.312500
vt 0.392133 0.250000
vt 0.392133 0.375000
vt 0.392133 0.437500
vt 0.375000 0.437500
vt 0.375000 0.375000
vt 0.379380 0.062500
vt 0.379380 0.125000
vt 0.383721 0.125000
vt 0.383721 0.062500
vt 0.387985 0.125000
vt 0.387985 0.062500
vt 0.379380 0.187500
vt 0.383721 0.187500
vt 0.387985 0.187500
vt 0.375000 0.000000
vt 0.375000 0.062500
vt 0.379380 0.000000
vt 0.383721 0.000000
vt 0.387985 0.000000
vt 0.392133 0.062500
vt 0.392133 0.000000
vt 0.392133 0.125000
vt 0.392133 0.187500
vt 0.375000 0.187500
vt 0.375000 0.125000
vt 0.396667 0.812500
vt 0.396667 0.875000
vt 0.404246 0.875000
vt 0.404246 0.812500
vt 0.418070 0.875000
vt 0.418070 0.812500
vt 0.396667 0.937500
vt 0.404246 0.937500
vt 0.418070 0.937500
vt 0.396667 0.750000
vt 0.404246 0.750000
vt 0.418070 0.750000
vt 0.418070 1.000000
vt 0.404246 1.000000
vt 0.396667 1.000000
vt 0.396667 0.562500
vt 0.396667 0.625000
vt 0.404246 0.625000
vt 0.404246 0.562500
vt 0.418070 0.625000
vt 0.418070 0.562500
vt 0.396667 0.687500
vt 0.404246 0.687500
vt 0.418070 0.687500
vt 0.396667 0.500000
vt 0.404246 0.500000
vt 0.418070 0.500000
vt 0.396667 0.312500
vt 0.396667 0.375000
vt 0.404246 0.375000
vt 0.404246 0.312500
vt 0.418070 0.375000
vt 0.418070 0.312500
vt 0.396667 0.437500
vt 0.404246 0.437500
vt 0.418070 0.437500
vt 0.396667 0.250000
vt 0.404246 0.250000
vt 0.418070 0.250000
vt 0.396667 0.062500
vt 0.396667 0.125000
vt 0.404246 0.125000
vt 0.404246 0.062500
vt 0.418070 0.125000
vt 0.418070 0.062500
vt 0.396667 0.187500
vt 0.404246 0.187500
vt 0.418070 0.187500
vt 0.396667 0.000000
vt 0.404246 0.000000
vt 0.418070 0.000000
vn -0.9180 0.1889 0.3487
vn -0.8937 0.2911 0.3412
vn -0.9571 0.2898 0.0000
vn -0.9824 0.1867 0.0000
vn -0.8280 0.4618 0.3180
vn -0.8794 0.4760 0.0000
vn -0.8937 0.2911 -0.3412
vn -0.9180 0.1889 -0.3487
vn -0.8280 0.4618 -0.3180
vn -0.6989 0.1516 0.6989
vn -0.6940 0.1917 0.6940
vn -0.9245 0.1493 0.3507
vn -0.6760 0.2932 0.6760
vn -0.6319 0.4486 0.6319
vn -0.5512 0.6263 0.5512
vn -0.6419 0.7047 0.3023
vn -0.6780 0.7351 0.0000
vn -0.6419 0.7047 -0.3023
vn -0.5512 0.6263 -0.5512
vn -0.6319 0.4486 -0.6319
vn -0.6760 0.2932 -0.6760
vn -0.6940 0.1917 -0.6940
vn -0.9245 0.1493 -0.3507
vn -0.6989 0.1516 -0.6989
vn -0.9890 0.1476 0.0000
vn -0.3487 0.1889 -0.9180
vn -0.3412 0.2911 -0.8937
vn 0.0000 0.2898 -0.9571
vn 0.0000 0.1867 -0.9824
vn -0.3180 0.4618 -0.8280
vn 0.0000 0.4760 -0.8794
vn 0.3412 0.2911 -0.8937
vn 0.3487 0.1889 -0.9180
vn 0.3180 0.4618 -0.8280
vn -0.3507 0.1493 -0.9245
vn -0.3023 0.7047 -0.6419
vn 0.0000 0.7351 -0.6780
vn 0.3023 0.7047 -0.6419
vn 0.5512 0.6263 -0.5512
vn 0.6319 0.4486 -0.6319
vn 0.6760 0.2932 -0.6760
vn 0.6940 0.1917 -0.6940
vn 0.3507 0.1493 -0.9245
vn 0.6989 0.1516 -0.6989
vn 0.0000 0.1476 -0.9890
vn 0.9180 0.1889 -0.3487
vn 0.8937 0.2911 -0.3412
vn 0.9571 0.2898 0.0000
vn 0.9824 0.1867 0.0000
vn 0.8280 0.4618 -0.3180
vn 0.8794 0.4760 0.0000
vn 0.8937 0.2911 0.3412
vn 0.9180 0.1889 0.3487
vn 0.8280 0.4618 0.3180
vn 0.9245 0.1493 -0.3507
vn 0.6419 0.7047 -0.3023
vn 0.6780 0.7351 0.0000
vn 0.6419 0.7047 0.3023
vn 0.5512 0.6263 0.5512
vn 0.6319 0.4486 0.6319
vn 0.6760 0.2932 0.6760
vn 0.6940 0.1917 0.6940
vn 0.9245 0.1493 0.3507
vn 0.6989 0.1516 0.6989
vn 0.9890 0.1476 0.0000
vn 0.3487 0.1889 0.9180
vn 0.3412 0.2911 0.8937
vn 0.0000 0.2898 0.9571
vn 0.0000 0.1867 0.9824
vn 0.3180 0.4618 0.8280
vn 0.0000 0.4760 0.8794
vn -0.3412 0.2911 0.8937
vn -0.3487 0.1889 0.9180
vn -0.3180 0.4618 0.8280
vn 0.3507 0.1493 0.9245
vn 0.3023 0.7047 0.6419
vn 0.0000 0.7351 0.6780
vn -0.3023 0.7047 0.6419
vn -0.3507 0.1493 0.9245
vn 0.0000 0.1476 0.9890
vn 0.3298 0.8845 -0.3298
vn 0.0000 0.9358 -0.3524
vn 0.0000 1.0000 0.0000
vn 0.3524 0.9358 0.0000
vn -0.3298 0.8845 -0.3298
vn -0.3524 0.9358 0.0000
vn 0.0000 0.9358 0.3524
vn 0.3298 0.8845 0.3298
vn -0.3298 0.8845 0.3298
vn 0.2729 0.6373 0.7206
vn 0.2770 0.6232 0.7313
vn 0.0000 0.6184 0.7858
vn 0.0000 0.6326 0.7744
vn 0.2852 0.5930 0.7530
vn 0.0000 0.5882 0.8087
vn -0.2770 0.6232 0.7313
vn -0.2729 0.6373 0.7206
vn -0.2852 0.5930 0.7530
vn 0.7050 -0.0770 0.7050
vn 0.5413 0.6434 0.5413
vn 0.3551 -0.0817 0.9312
vn 0.5495 0.6294 0.5495
vn 0.5659 0.5995 0.5659
vn 0.6000 0.5292 0.6000
vn 0.3020 0.5225 0.7973
vn 0.0000 0.5175 0.8557
vn -0.3020 0.5225 0.7973
vn -0.6000 0.5292 0.6000
vn -0.5659 0.5995 0.5659
vn -0.5495 0.6294 0.5495
vn -0.5413 0.6434 0.5413
vn -0.3551 -0.0817 0.9312
vn -0.7050 -0.0770 0.7050
vn 0.0000 -0.0864 0.9962
vn 0.7206 0.6373 -0.2729
vn 0.7313 0.6232 -0.2770
vn 0.7858 0.6184 0.0000
vn 0.7744 0.6326 0.0000
vn 0.7530 0.5930 -0.2852
vn 0.8087 0.5882 0.0000
vn 0.7313 0.6232 0.2770
vn 0.7206 0.6373 0.2729
vn 0.7530 0.5930 0.2852
vn 0.7050 -0.0770 -0.7050
vn 0.5413 0.6434 -0.5413
vn 0.9312 -0.0817 -0.3551
vn 0.5495 0.6294 -0.5495
vn 0.5659 0.5995 -0.5659
vn 0.6000 0.5292 -0.6000
vn 0.7973 0.5225 -0.3020
vn 0.8557 0.5175 0.0000
vn 0.7973 0.5225 0.3020
vn 0.9312 -0.0817 0.3551
vn 0.9962 -0.0864 0.0000
vn -0.2729 0.6373 -0.7206
vn -0.2770 0.6232 -0.7313
vn 0.0000 0.6184 -0.7858
vn 0.0000 0.6326 -0.7744
vn -0.2852 0.5930 -0.7530
vn 0.0000 0.5882 -0.8087
vn 0.2770 0.6232 -0.7313
vn 0.2729 0.6373 -0.7206
vn 0.2852 0.5930 -0.7530
vn -0.7050 -0.0770 -0.7050
vn -0.5413 0.6434 -0.5413
vn -0.3551 -0.0817 -0.9312
vn -0.5495 0.6294 -0.5495
vn -0.5659 0.5995 -0.5659
vn -0.6000 0.5292 -0.6000
vn -0.3020 0.5225 -0.7973
vn 0.0000 0.5175 -0.8557
vn 0.3020 0.5225 -0.7973
vn 0.3551 -0.0817 -0.9312
vn 0.0000 -0.0864 -0.9962
vn -0.7206 0.6373 0.2729
vn -0.7313 0.6232 0.2770
vn -0.7858 0.6184 0.0000
vn -0.7744 0.6326 0.0000
vn -0.7530 0.5930 0.2852
vn -0.8087 0.5882 0.0000
vn -0.7313 0.6232 -0.2770
vn -0.7206 0.6373 -0.2729
vn -0.7530 0.5930 -0.2852
vn -0.9312 -0.0817 0.3551
vn -0.7973 0.5225 0.3020
vn -0.8557 0.5175 0.0000
vn -0.7973 0.5225 -0.3020
vn -0.9312 -0.0817 -0.3551
vn -0.9962 -0.0864 0.0000
vn 0.3279 0.3782 0.8657
vn 0.3452 0.2270 0.9106
vn 0.0000 0.2242 0.9745
vn 0.0000 0.3737 0.9275
vn 0.3501 0.1585 0.9232
vn 0.0000 0.1566 0.9876
vn -0.3452 0.2270 0.9106
vn -0.3279 0.3782 0.8657
vn -0.3501 0.1585 0.9232
vn 0.6528 0.3842 0.6528
vn 0.6880 0.2308 0.6880
vn 0.6979 0.1610 0.6979
vn -0.6979 0.1610 0.6979
vn -0.6880 0.2308 0.6880
vn -0.6528 0.3842 0.6528
vn 0.8657 0.3782 -0.3279
vn 0.9106 0.2270 -0.3452
vn 0.9745 0.2242 0.0000
vn 0.9275 0.3737 0.0000
vn 0.9232 0.1585 -0.3501
vn 0.9876 0.1566 0.0000
vn 0.9106 0.2270 0.3452
vn 0.8657 0.3782 0.3279
vn 0.9232 0.1585 0.3501
vn 0.6528 0.3842 -0.6528
vn 0.6880 0.2308 -0.6880
vn 0.6979 0.1610 -0.6979
vn -0.3279 0.3782 -0.8657
vn -0.3452 0.2270 -0.9106
vn 0.0000 0.2242 -0.9745
vn 0.0000 0.3737 -0.9275
vn -0.3501 0.1585 -0.9232
vn 0.0000 0.1566 -0.9876
vn 0.3452 0.2270 -0.9106
vn 0.3279 0.3782 -0.8657
vn 0.3501 0.1585 -0.9232
vn -0.6528 0.3842 -0.6528
vn -0.6880 0.2308 -0.6880
vn -0.6979 0.1610 -0.6979
vn -0.8657 0.3782 0.3279
vn -0.9106 0.2270 0.3452
vn -0.9745 0.2242 0.0000
vn -0.9275 0.3737 0.0000
vn -0.9232 0.1585 0.3501
vn -0.9876 0.1566 0.0000
vn -0.9106 0.2270 -0.3452
vn -0.8657 0.3782 -0.3279
vn -0.9232 0.1585 -0.3501
vn 0.9184 -0.1886 -0.3476
vn 0.9825 -0.1863 0.0000
vn 0.9573 -0.2891 0.0000
vn 0.8943 -0.2906 -0.3403
vn 0.8802 -0.4745 0.0000
vn 0.8286 -0.4607 -0.3179
vn 0.9184 -0.1886 0.3476
vn 0.8943 -0.2906 0.3403
vn 0.8286 -0.4607 0.3179
vn 0.6989 -0.1516 -0.6989
vn 0.9249 -0.1493 -0.3497
vn 0.6940 -0.1916 -0.6940
vn 0.6761 -0.2928 -0.6761
vn 0.6323 -0.4478 -0.6323
vn 0.6426 -0.7039 -0.3025
vn 0.5518 -0.6253 -0.5518
vn 0.6789 -0.7342 0.0000
vn 0.6426 -0.7039 0.3025
vn 0.6323 -0.4478 0.6323
vn 0.5518 -0.6253 0.5518
vn 0.6761 -0.2928 0.6761
vn 0.6940 -0.1916 0.6940
vn 0.9249 -0.1493 0.3497
vn 0.6989 -0.1516 0.6989
vn 0.9890 -0.1475 0.0000
vn 0.3476 -0.1886 0.9184
vn 0.0000 -0.1863 0.9825
vn 0.0000 -0.2891 0.9573
vn 0.3403 -0.2906 0.8943
vn 0.0000 -0.4745 0.8802
vn 0.3179 -0.4607 0.8286
vn -0.3476 -0.1886 0.9184
vn -0.3403 -0.2906 0.8943
vn -0.3179 -0.4607 0.8286
vn 0.3497 -0.1493 0.9249
vn 0.3025 -0.7039 0.6426
vn 0.0000 -0.7342 0.6789
vn -0.3025 -0.7039 0.6426
vn -0.6323 -0.4478 0.6323
vn -0.5518 -0.6253 0.5518
vn -0.6761 -0.2928 0.6761
vn -0.6940 -0.1916 0.6940
vn -0.3497 -0.1493 0.9249
vn -0.6989 -0.1516 0.6989
vn 0.0000 -0.1475 0.9890
vn -0.9184 -0.1886 0.3476
vn -0.9825 -0.1863 0.0000
vn -0.9573 -0.2891 0.0000
vn -0.8943 -0.2906 0.3403
vn -0.8802 -0.4745 0.0000
vn -0.8286 -0.4607 0.3179
vn -0.9184 -0.1886 -0.3476
vn -0.8943 -0.2906 -0.3403
vn -0.8286 -0.4607 -0.3179
vn -0.9249 -0.1493 0.3497
vn -0.6426 -0.7039 0.3025
vn -0.6789 -0.7342 0.0000
vn -0.6426 -0.7039 -0.3025
vn -0.6323 -0.4478 -0.6323
vn -0.5518 -0.6253 -0.5518
vn -0.6761 -0.2928 -0.6761
vn -0.6940 -0.1916 -0.6940
vn -0.9249 -0.1493 -0.3497
vn -0.6989 -0.1516 -0.6989
vn -0.9890 -0.1475 0.0000
vn -0.3476 -0.1886 -0.9184
vn 0.0000 -0.1863 -0.9825
vn 0.0000 -0.2891 -0.9573
vn -0.3403 -0.2906 -0.8943
vn 0.0000 -0.4745 -0.8802
vn -0.3179 -0.4607 -0.8286
vn 0.3476 -0.1886 -0.9184
vn 0.3403 -0.2906 -0.8943
vn 0.3179 -0.4607 -0.8286
vn -0.3497 -0.1493 -0.9249
vn -0.3025 -0.7039 -0.6426
vn 0.0000 -0.7342 -0.6789
vn 0.3025 -0.7039 -0.6426
vn 0.3497 -0.1493 -0.9249
vn 0.0000 -0.1475 -0.9890
vn -0.3301 -0.8843 0.3301
vn -0.3525 -0.9358 0.0000
vn 0.0000 -1.0000 0.0000
vn 0.0000 -0.9358 0.3525
vn 0.3525 -0.9358 0.0000
vn 0.3301 -0.8843 0.3301
vn -0.3301 -0.8843 -0.3301
vn 0.0000 -0.9358 -0.3525
vn 0.3301 -0.8843 -0.3301
vn -0.2725 -0.6373 -0.7208
vn 0.0000 -0.6326 -0.7744
vn 0.0000 -0.6183 -0.7859
vn -0.2764 -0.6231 -0.7316
vn 0.0000 -0.5877 -0.8091
vn -0.2847 -0.5925 -0.7535
vn 0.2725 -0.6373 -0.7208
vn 0.2764 -0.6231 -0.7316
vn 0.2847 -0.5925 -0.7535
vn 0.0137 -0.9998 0.0137
vn -0.0017 -1.0000 -0.0012
vn -0.5413 -0.6434 -0.5413
vn -0.5495 -0.6294 -0.5495
vn -0.5662 -0.5990 -0.5662
vn -0.3016 -0.5210 -0.7985
vn -0.6006 -0.5277 -0.6006
vn 0.0000 -0.5160 -0.8566
vn 0.3016 -0.5210 -0.7985
vn 0.5662 -0.5990 -0.5662
vn 0.6006 -0.5277 -0.6006
vn 0.5495 -0.6294 -0.5495
vn 0.5413 -0.6434 -0.5413
vn 0.0017 -1.0000 -0.0012
vn -0.0137 -0.9998 0.0137
vn 0.0000 -0.9998 -0.0166
vn -0.7208 -0.6373 0.2725
vn -0.7744 -0.6326 0.0000
vn -0.7859 -0.6183 0.0000
vn -0.7316 -0.6231 0.2764
vn -0.8091 -0.5877 0.0000
vn -0.7535 -0.5925 0.2847
vn -0.7208 -0.6373 -0.2725
vn -0.7316 -0.6231 -0.2764
vn -0.7535 -0.5925 -0.2847
vn 0.0137 -0.9998 -0.0137
vn -0.0012 -1.0000 0.0017
vn -0.5413 -0.6434 0.5413
vn -0.5495 -0.6294 0.5495
vn -0.5662 -0.5990 0.5662
vn -0.7985 -0.5210 0.3016
vn -0.6006 -0.5277 0.6006
vn -0.8566 -0.5160 0.0000
vn -0.7985 -0.5210 -0.3016
vn -0.0012 -1.0000 -0.0017
vn -0.0166 -0.9998 0.0000
vn 0.2725 -0.6373 0.7208
vn 0.0000 -0.6326 0.7744
vn 0.0000 -0.6183 0.7859
vn 0.2764 -0.6231 0.7316
vn 0.0000 -0.5877 0.8091
vn 0.2847 -0.5925 0.7535
vn -0.2725 -0.6373 0.7208
vn -0.2764 -0.6231 0.7316
vn -0.2847 -0.5925 0.7535
vn -0.0137 -0.9998 -0.0137
vn 0.0017 -1.0000 0.0012
vn 0.5413 -0.6434 0.5413
vn 0.5495 -0.6294 0.5495
vn 0.5662 -0.5990 0.5662
vn 0.3016 -0.5210 0.7985
vn 0.6006 -0.5277 0.6006
vn 0.0000 -0.5160 0.8566
vn -0.3016 -0.5210 0.7985
vn -0.0017 -1.0000 0.0012
vn 0.0000 -0.9998 0.0166
vn 0.7208 -0.6373 -0.2725
vn 0.7744 -0.6326 0.0000
vn 0.7859 -0.6183 0.0000
vn 0.7316 -0.6231 -0.2764
vn 0.8091 -0.5877 0.0000
vn 0.7535 -0.5925 -0.2847
vn 0.7208 -0.6373 0.2725
vn 0.7316 -0.6231 0.2764
vn 0.7535 -0.5925 0.2847
vn 0.0012 -1.0000 -0.0017
vn 0.7985 -0.5210 -0.3016
vn 0.8566 -0.5160 0.0000
vn 0.7985 -0.5210 0.3016
vn 0.0012 -1.0000 0.0017
vn 0.0166 -0.9998 0.0000
vn -0.3270 -0.3785 -0.8659
vn 0.0000 -0.3741 -0.9274
vn 0.0000 -0.2264 -0.9740
vn -0.3440 -0.2291 -0.9106
vn 0.0000 -0.1570 -0.9876
vn -0.3491 -0.1589 -0.9235
vn 0.3270 -0.3785 -0.8659
vn 0.3440 -0.2292 -0.9106
vn 0.3491 -0.1589 -0.9235
vn -0.6527 -0.3845 -0.6527
vn -0.6876 -0.2330 -0.6876
vn -0.6978 -0.1615 -0.6978
vn 0.6978 -0.1615 -0.6978
vn 0.6876 -0.2330 -0.6876
vn 0.6527 -0.3845 -0.6527
vn -0.8659 -0.3785 0.3270
vn -0.9274 -0.3741 0.0000
vn -0.9740 -0.2264 0.0000
vn -0.9106 -0.2291 0.3440
vn -0.9876 -0.1570 0.0000
vn -0.9235 -0.1589 0.3491
vn -0.8659 -0.3785 -0.3270
vn -0.9106 -0.2291 -0.3440
vn -0.9235 -0.1589 -0.3491
vn -0.6527 -0.3845 0.6527
vn -0.6876 -0.2330 0.6876
vn -0.6978 -0.1615 0.6978
vn 0.3270 -0.3784 0.8659
vn 0.0000 -0.3741 0.9274
vn 0.0000 -0.2264 0.9740
vn 0.3440 -0.2291 0.9106
vn 0.0000 -0.1570 0.9876
vn 0.3491 -0.1589 0.9235
vn -0.3270 -0.3785 0.8659
vn -0.3440 -0.2292 0.9106
vn -0.3491 -0.1589 0.9235
vn 0.6527 -0.3845 0.6527
vn 0.6876 -0.2330 0.6876
vn 0.6978 -0.1615 0.6978
vn 0.8659 -0.3785 -0.3270
vn 0.9274 -0.3741 0.0000
vn 0.9740 -0.2264 0.0000
vn 0.9106 -0.2291 -0.3440
vn 0.9876 -0.1570 0.0000
vn 0.9235 -0.1589 -0.3491
vn 0.8659 -0.3785 0.3270
vn 0.9106 -0.2291 0.3440
vn 0.9235 -0.1589 0.3491
usemtl Cooper
s 1
f 778/823/678 779/824/679 782/825/680 781/826/681
f 779/824/679 780/827/682 783/828/683 782/825/680
f 781/826/681 782/825/680 785/829/684 784/830/685
f 782/825/680 783/828/683 786/831/686 785/829/684
f 690/832/687 697/833/688 778/823/678 775/834/689
f 697/833/688 698/835/690 779/824/679 778/823/678
f 698/835/690 699/836/691 780/827/682 779/824/679
f 699/836/691 679/837/692 700/838/693 780/827/682
f 780/827/682 700/838/693 701/839/694 783/828/683
f 783/828/683 701/839/694 702/840/695 786/831/686
f 786/831/686 702/840/695 681/841/696 757/842/697
f 785/829/684 786/831/686 757/842/697 758/843/698
f 784/830/685 785/829/684 758/843/698 759/844/699
f 777/845/700 784/830/685 759/844/699 691/846/701
f 776/847/702 781/826/681 784/830/685 777/845/700
f 775/834/689 778/823/678 781/826/681 776/847/702
f 787/848/703 788/849/704 791/850/705 790/851/706
f 788/849/704 789/852/707 792/853/708 791/850/705
f 790/851/706 791/850/705 794/854/709 793/855/710
f 791/850/705 792/853/708 795/856/711 794/854/709
f 691/846/701 759/844/699 787/848/703 772/857/712
f 759/844/699 758/843/698 788/849/704 787/848/703
f 758/843/698 757/842/697 789/852/707 788/849/704
f 757/842/697 681/841/696 709/858/713 789/852/707
f 789/852/707 709/858/713 710/859/714 792/853/708
f 792/853/708 710/859/714 711/860/715 795/856/711
f 795/856/711 711/860/715 685/861/716 760/862/717
f 794/854/709 795/856/711 760/862/717 761/863/718
f 793/855/710 794/854/709 761/863/718 762/864/719
f 774/865/720 793/855/710 762/864/719 692/866/721
f 773/867/722 790/851/706 793/855/710 774/865/720
f 772/857/712 787/848/703 790/851/706 773/867/722
f 796/868/723 797/869/724 800/870/725 799/871/726
f 797/869/724 798/872/727 801/873/728 800/870/725
f 799/871/726 800/870/725 803/874/729 802/875/730
f 800/870/725 801/873/728 804/876/731 803/874/729
f 692/866/721 762/864/719 796/868/723 769/877/732
f 762/864/719 761/863/718 797/869/724 796/868/723
f 761/863/718 760/862/717 798/872/727 797/869/724
f 760/862/717 685/861/716 718/878/733 798/872/727
f 798/872/727 718/878/733 719/879/734 801/873/728
f 801/873/728 719/879/734 720/880/735 804/876/731
f 804/876/731 720/880/735 683/881/736 763/882/737
f 803/874/729 804/876/731 763/882/737 764/883/738
f 802/875/730 803/874/729 764/883/738 765/884/739
f 771/885/740 802/875/730 765/884/739 693/886/741
f 770/887/742 799/871/726 802/875/730 771/885/740
f 769/877/732 796/868/723 799/871/726 770/887/742
f 805/888/743 806/889/744 809/890/745 808/891/746
f 806/889/744 807/892/747 810/893/748 809/890/745
f 808/891/746 809/890/745 812/894/749 811/895/750
f 809/890/745 810/893/748 813/896/751 812/894/749
f 693/886/741 765/884/739 805/888/743 766/897/752
f 765/884/739 764/883/738 806/889/744 805/888/743
f 764/883/738 763/882/737 807/892/747 806/889/744
f 763/882/737 683/881/736 727/898/753 807/892/747
f 807/892/747 727/898/753 728/899/754 810/893/748
f 810/893/748 728/899/754 729/900/755 813/896/751
f 813/896/751 729/900/755 679/901/692 699/902/691
f 812/894/749 813/896/751 699/902/691 698/903/690
f 811/895/750 812/894/749 698/903/690 697/904/688
f 768/905/756 811/895/750 697/904/688 690/906/687
f 767/907/757 808/891/746 811/895/750 768/905/756
f 766/897/752 805/888/743 808/891/746 767/907/757
f 814/908/758 815/909/759 818/910/760 817/911/761
f 815/909/759 816/912/762 819/913/763 818/910/760
f 817/911/761 818/910/760 821/914/764 820/915/765
f 818/910/760 819/913/763 822/916/766 821/914/764
f 685/861/716 711/917/715 814/908/758 718/878/733
f 711/917/715 710/918/714 815/909/759 814/908/758
f 710/918/714 709/919/713 816/912/762 815/909/759
f 709/919/713 681/920/696 702/921/695 816/912/762
f 816/912/762 702/921/695 701/922/694 819/913/763
f 819/913/763 701/922/694 700/923/693 822/916/766
f 822/916/766 700/923/693 679/924/692 729/925/755
f 821/914/764 822/916/766 729/925/755 728/926/754
f 820/915/765 821/914/764 728/926/754 727/927/753
f 720/880/735 820/915/765 727/927/753 683/881/736
f 719/879/734 817/911/761 820/915/765 720/880/735
f 718/878/733 814/908/758 817/911/761 719/879/734
f 823/928/767 824/929/768 827/930/769 826/931/770
f 824/929/768 825/932/771 828/933/772 827/930/769
f 826/931/770 827/930/769 830/934/773 829/935/774
f 827/930/769 828/933/772 831/936/775 830/934/773
f 682/937/776 723/938/777 823/928/767 726/939/778
f 723/938/777 722/940/779 824/929/768 823/928/767
f 722/940/779 721/941/780 825/932/771 824/929/768
f 721/941/780 689/942/781 742/943/782 825/932/771
f 825/932/771 742/943/782 743/944/783 828/933/772
f 828/933/772 743/944/783 744/945/784 831/936/775
f 831/936/775 744/945/784 686/946/785 732/947/786
f 830/934/773 831/936/775 732/947/786 731/948/787
f 829/935/774 830/934/773 731/948/787 730/949/788
f 724/950/789 829/935/774 730/949/788 678/951/790
f 725/952/791 826/931/770 829/935/774 724/950/789
f 726/939/778 823/928/767 826/931/770 725/952/791
f 832/953/792 833/954/793 836/955/794 835/956/795
f 833/954/793 834/957/796 837/958/797 836/955/794
f 835/956/795 836/955/794 839/959/798 838/960/799
f 836/955/794 837/958/797 840/961/800 839/959/798
f 684/962/801 714/963/802 832/953/792 717/964/803
f 714/963/802 713/965/804 833/954/793 832/953/792
f 713/965/804 712/966/805 834/957/796 833/954/793
f 712/966/805 688/967/806 745/968/807 834/957/796
f 834/957/796 745/968/807 746/969/808 837/958/797
f 837/958/797 746/969/808 747/970/809 840/961/800
f 840/961/800 747/970/809 689/942/781 721/941/780
f 839/959/798 840/961/800 721/941/780 722/940/779
f 838/960/799 839/959/798 722/940/779 723/938/777
f 715/971/810 838/960/799 723/938/777 682/937/776
f 716/972/811 835/956/795 838/960/799 715/971/810
f 717/964/803 832/953/792 835/956/795 716/972/811
f 841/973/812 842/974/813 845/975/814 844/976/815
f 842/974/813 843/977/816 846/978/817 845/975/814
f 844/976/815 845/975/814 848/979/818 847/980/819
f 845/975/814 846/978/817 849/981/820 848/979/818
f 680/982/821 705/983/822 841/973/812 708/984/823
f 705/983/822 704/985/824 842/974/813 841/973/812
f 704/985/824 703/986/825 843/977/816 842/974/813
f 703/986/825 687/987/826 748/988/827 843/977/816
f 843/977/816 748/988/827 749/989/828 846/978/817
f 846/978/817 749/989/828 750/990/829 849/981/820
f 849/981/820 750/990/829 688/967/806 712/966/805
f 848/979/818 849/981/820 712/966/805 713/965/804
f 847/980/819 848/979/818 713/965/804 714/963/802
f 706/991/830 847/980/819 714/963/802 684/962/801
f 707/992/831 844/976/815 847/980/819 706/991/830
f 708/984/823 841/973/812 844/976/815 707/992/831
f 850/993/832 851/994/833 854/995/834 853/996/835
f 851/994/833 852/997/836 855/998/837 854/995/834
f 853/996/835 854/995/834 857/999/838 856/1000/839
f 854/995/834 855/998/837 858/1001/840 857/999/838
f 678/1002/790 730/1003/788 850/993/832 696/1004/841
f 730/1003/788 731/1005/787 851/994/833 850/993/832
f 731/1005/787 732/1006/786 852/997/836 851/994/833
f 732/1006/786 686/1007/785 751/1008/842 852/997/836
f 852/997/836 751/1008/842 752/1009/843 855/998/837
f 855/998/837 752/1009/843 753/1010/844 858/1001/840
f 858/1001/840 753/1010/844 687/987/826 703/986/825
f 857/999/838 858/1001/840 703/986/825 704/985/824
f 856/1000/839 857/999/838 704/985/824 705/983/822
f 694/1011/845 856/1000/839 705/983/822 680/982/821
f 695/1012/846 853/996/835 856/1000/839 694/1011/845
f 696/1004/841 850/993/832 853/996/835 695/1012/846
f 859/1013/847 860/1014/848 863/1015/849 862/1016/850
f 860/1014/848 861/1017/851 864/1018/852 863/1015/849
f 862/1016/850 863/1015/849 866/1019/853 865/1020/854
f 863/1015/849 864/1018/852 867/1021/855 866/1019/853
f 689/942/781 741/1022/856 859/1013/847 742/943/782
f 741/1022/856 740/1023/857 860/1014/848 859/1013/847
f 740/1023/857 739/1024/858 861/1017/851 860/1014/848
f 739/1024/858 693/886/741 766/897/752 861/1017/851
f 861/1017/851 766/897/752 767/907/757 864/1018/852
f 864/1018/852 767/907/757 768/905/756 867/1021/855
f 867/1021/855 768/905/756 690/906/687 756/1025/859
f 866/1019/853 867/1021/855 756/1025/859 755/1026/860
f 865/1020/854 866/1019/853 755/1026/860 754/1027/861
f 744/945/784 865/1020/854 754/1027/861 686/946/785
f 743/944/783 862/1016/850 865/1020/854 744/945/784
f 742/943/782 859/1013/847 862/1016/850 743/944/783
f 868/1028/862 869/1029/863 872/1030/864 871/1031/865
f 869/1029/863 870/1032/866 873/1033/867 872/1030/864
f 871/1031/865 872/1030/864 875/1034/868 874/1035/869
f 872/1030/864 873/1033/867 876/1036/870 875/1034/868
f 688/967/806 738/1037/871 868/1028/862 745/968/807
f 738/1037/871 737/1038/872 869/1029/863 868/1028/862
f 737/1038/872 736/1039/873 870/1032/866 869/1029/863
f 736/1039/873 692/866/721 769/877/732 870/1032/866
f 870/1032/866 769/877/732 770/887/742 873/1033/867
f 873/1033/867 770/887/742 771/885/740 876/1036/870
f 876/1036/870 771/885/740 693/886/741 739/1024/858
f 875/1034/868 876/1036/870 739/1024/858 740/1023/857
f 874/1035/869 875/1034/868 740/1023/857 741/1022/856
f 747/970/809 874/1035/869 741/1022/856 689/942/781
f 746/969/808 871/1031/865 874/1035/869 747/970/809
f 745/968/807 868/1028/862 871/1031/865 746/969/808
f 877/1040/874 878/1041/875 881/1042/876 880/1043/877
f 878/1041/875 879/1044/878 882/1045/879 881/1042/876
f 880/1043/877 881/1042/876 884/1046/880 883/1047/881
f 881/1042/876 882/1045/879 885/1048/882 884/1046/880
f 687/987/826 735/1049/883 877/1040/874 748/988/827
f 735/1049/883 734/1050/884 878/1041/875 877/1040/874
f 734/1050/884 733/1051/885 879/1044/878 878/1041/875
f 733/1051/885 691/846/701 772/857/712 879/1044/878
f 879/1044/878 772/857/712 773/867/722 882/1045/879
f 882/1045/879 773/867/722 774/865/720 885/1048/882
f 885/1048/882 774/865/720 692/866/721 736/1039/873
f 884/1046/880 885/1048/882 736/1039/873 737/1038/872
f 883/1047/881 884/1046/880 737/1038/872 738/1037/871
f 750/990/829 883/1047/881 738/1037/871 688/967/806
f 749/989/828 880/1043/877 883/1047/881 750/990/829
f 748/988/827 877/1040/874 880/1043/877 749/989/828
f 886/1052/886 887/1053/887 890/1054/888 889/1055/889
f 887/1053/887 888/1056/890 891/1057/891 890/1054/888
f 889/1055/889 890/1054/888 893/1058/892 892/1059/893
f 890/1054/888 891/1057/891 894/1060/894 893/1058/892
f 686/1007/785 754/1061/861 886/1052/886 751/1008/842
f 754/1061/861 755/1062/860 887/1053/887 886/1052/886
f 755/1062/860 756/1063/859 888/1056/890 887/1053/887
f 756/1063/859 690/832/687 775/834/689 888/1056/890
f 888/1056/890 775/834/689 776/847/702 891/1057/891
f 891/1057/891 776/847/702 777/845/700 894/1060/894
f 894/1060/894 777/845/700 691/846/701 733/1051/885
f 893/1058/892 894/1060/894 733/1051/885 734/1050/884
f 892/1059/893 893/1058/892 734/1050/884 735/1049/883
f 753/1010/844 892/1059/893 735/1049/883 687/987/826
f 752/1009/843 889/1055/889 892/1059/893 753/1010/844
f 751/1008/842 886/1052/886 889/1055/889 752/1009/843
f 995/1064/895 998/1065/896 999/1066/897 996/1067/898
f 996/1067/898 999/1066/897 1000/1068/899 997/1069/900
f 998/1065/896 1001/1070/901 1002/1071/902 999/1066/897
f 999/1066/897 1002/1071/902 1003/1072/903 1000/1068/899
f 907/1073/904 992/1074/905 995/1064/895 914/1075/906
f 914/1075/906 995/1064/895 996/1067/898 915/1076/907
f 915/1076/907 996/1067/898 997/1069/900 916/1077/908
f 916/1077/908 997/1069/900 917/1078/909 896/1079/910
f 997/1069/900 1000/1068/899 918/1080/911 917/1078/909
f 1000/1068/899 1003/1072/903 919/1081/912 918/1080/911
f 1003/1072/903 974/1082/913 898/1083/914 919/1081/912
f 1002/1071/902 975/1084/915 974/1082/913 1003/1072/903
f 1001/1070/901 976/1085/916 975/1084/915 1002/1071/902
f 994/1086/917 908/1087/918 976/1085/916 1001/1070/901
f 993/1088/919 994/1086/917 1001/1070/901 998/1065/896
f 992/1074/905 993/1088/919 998/1065/896 995/1064/895
f 1004/1089/920 1007/1090/921 1008/1091/922 1005/1092/923
f 1005/1092/923 1008/1091/922 1009/1093/924 1006/1094/925
f 1007/1090/921 1010/1095/926 1011/1096/927 1008/1091/922
f 1008/1091/922 1011/1096/927 1012/1097/928 1009/1093/924
f 908/1087/918 989/1098/929 1004/1089/920 976/1085/916
f 976/1085/916 1004/1089/920 1005/1092/923 975/1084/915
f 975/1084/915 1005/1092/923 1006/1094/925 974/1082/913
f 974/1082/913 1006/1094/925 926/1099/930 898/1083/914
f 1006/1094/925 1009/1093/924 927/1100/931 926/1099/930
f 1009/1093/924 1012/1097/928 928/1101/932 927/1100/931
f 1012/1097/928 977/1102/933 902/1103/934 928/1101/932
f 1011/1096/927 978/1104/935 977/1102/933 1012/1097/928
f 1010/1095/926 979/1105/936 978/1104/935 1011/1096/927
f 991/1106/937 909/1107/938 979/1105/936 1010/1095/926
f 990/1108/939 991/1106/937 1010/1095/926 1007/1090/921
f 989/1098/929 990/1108/939 1007/1090/921 1004/1089/920
f 1013/1109/940 1016/1110/941 1017/1111/942 1014/1112/943
f 1014/1112/943 1017/1111/942 1018/1113/944 1015/1114/945
f 1016/1110/941 1019/1115/946 1020/1116/947 1017/1111/942
f 1017/1111/942 1020/1116/947 1021/1117/948 1018/1113/944
f 909/1107/938 986/1118/949 1013/1109/940 979/1105/936
f 979/1105/936 1013/1109/940 1014/1112/943 978/1104/935
f 978/1104/935 1014/1112/943 1015/1114/945 977/1102/933
f 977/1102/933 1015/1114/945 935/1119/950 902/1103/934
f 1015/1114/945 1018/1113/944 936/1120/951 935/1119/950
f 1018/1113/944 1021/1117/948 937/1121/952 936/1120/951
f 1021/1117/948 980/1122/953 900/1123/954 937/1121/952
f 1020/1116/947 981/1124/955 980/1122/953 1021/1117/948
f 1019/1115/946 982/1125/956 981/1124/955 1020/1116/947
f 988/1126/957 910/1127/958 982/1125/956 1019/1115/946
f 987/1128/959 988/1126/957 1019/1115/946 1016/1110/941
f 986/1118/949 987/1128/959 1016/1110/941 1013/1109/940
f 1022/1129/960 1025/1130/961 1026/1131/962 1023/1132/963
f 1023/1132/963 1026/1131/962 1027/1133/964 1024/1134/965
f 1025/1130/961 1028/1135/966 1029/1136/967 1026/1131/962
f 1026/1131/962 1029/1136/967 1030/1137/968 1027/1133/964
f 910/1127/958 983/1138/969 1022/1129/960 982/1125/956
f 982/1125/956 1022/1129/960 1023/1132/963 981/1124/955
f 981/1124/955 1023/1132/963 1024/1134/965 980/1122/953
f 980/1122/953 1024/1134/965 944/1139/970 900/1123/954
f 1024/1134/965 1027/1133/964 945/1140/971 944/1139/970
f 1027/1133/964 1030/1137/968 946/1141/972 945/1140/971
f 1030/1137/968 916/1142/908 896/1143/910 946/1141/972
f 1029/1136/967 915/1144/907 916/1142/908 1030/1137/968
f 1028/1135/966 914/1145/906 915/1144/907 1029/1136/967
f 985/1146/973 907/1147/904 914/1145/906 1028/1135/966
f 984/1148/974 985/1146/973 1028/1135/966 1025/1130/961
f 983/1138/969 984/1148/974 1025/1130/961 1022/1129/960
f 1031/1149/975 1034/1150/976 1035/1151/977 1032/1152/978
f 1032/1152/978 1035/1151/977 1036/1153/979 1033/1154/980
f 1034/1150/976 1037/1155/981 1038/1156/982 1035/1151/977
f 1035/1151/977 1038/1156/982 1039/1157/983 1036/1153/979
f 902/1103/934 935/1119/950 1031/1149/975 928/1158/932
f 928/1158/932 1031/1149/975 1032/1152/978 927/1159/931
f 927/1159/931 1032/1152/978 1033/1154/980 926/1160/930
f 926/1160/930 1033/1154/980 919/1161/912 898/1162/914
f 1033/1154/980 1036/1153/979 918/1163/911 919/1161/912
f 1036/1153/979 1039/1157/983 917/1164/909 918/1163/911
f 1039/1157/983 946/1165/972 896/1166/910 917/1164/909
f 1038/1156/982 945/1167/971 946/1165/972 1039/1157/983
f 1037/1155/981 944/1168/970 945/1167/971 1038/1156/982
f 937/1121/952 900/1123/954 944/1168/970 1037/1155/981
f 936/1120/951 937/1121/952 1037/1155/981 1034/1150/976
f 935/1119/950 936/1120/951 1034/1150/976 1031/1149/975
f 1040/1169/984 1043/1170/985 1044/1171/986 1041/1172/987
f 1041/1172/987 1044/1171/986 1045/1173/988 1042/1174/989
f 1043/1170/985 1046/1175/990 1047/1176/991 1044/1171/986
f 1044/1171/986 1047/1176/991 1048/1177/992 1045/1173/988
f 899/1178/993 943/1179/994 1040/1169/984 940/1180/995
f 940/1180/995 1040/1169/984 1041/1172/987 939/1181/996
f 939/1181/996 1041/1172/987 1042/1174/989 938/1182/997
f 938/1182/997 1042/1174/989 959/1183/998 906/1184/999
f 1042/1174/989 1045/1173/988 960/1185/1000 959/1183/998
f 1045/1173/988 1048/1177/992 961/1186/1001 960/1185/1000
f 1048/1177/992 949/1187/1002 903/1188/1003 961/1186/1001
f 1047/1176/991 948/1189/1004 949/1187/1002 1048/1177/992
f 1046/1175/990 947/1190/1005 948/1189/1004 1047/1176/991
f 941/1191/1006 895/1192/1007 947/1190/1005 1046/1175/990
f 942/1193/1008 941/1191/1006 1046/1175/990 1043/1170/985
f 943/1179/994 942/1193/1008 1043/1170/985 1040/1169/984
f 1049/1194/1009 1052/1195/1010 1053/1196/1011 1050/1197/1012
f 1050/1197/1012 1053/1196/1011 1054/1198/1013 1051/1199/1014
f 1052/1195/1010 1055/1200/1015 1056/1201/1016 1053/1196/1011
f 1053/1196/1011 1056/1201/1016 1057/1202/1017 1054/1198/1013
f 901/1203/1018 934/1204/1019 1049/1194/1009 931/1205/1020
f 931/1205/1020 1049/1194/1009 1050/1197/1012 930/1206/1021
f 930/1206/1021 1050/1197/1012 1051/1199/1014 929/1207/1022
f 929/1207/1022 1051/1199/1014 962/1208/1023 905/1209/1024
f 1051/1199/1014 1054/1198/1013 963/1210/1025 962/1208/1023
f 1054/1198/1013 1057/1202/1017 964/1211/1026 963/1210/1025
f 1057/1202/1017 938/1182/997 906/1184/999 964/1211/1026
f 1056/1201/1016 939/1181/996 938/1182/997 1057/1202/1017
f 1055/1200/1015 940/1180/995 939/1181/996 1056/1201/1016
f 932/1212/1027 899/1178/993 940/1180/995 1055/1200/1015
f 933/1213/1028 932/1212/1027 1055/1200/1015 1052/1195/1010
f 934/1204/1019 933/1213/1028 1052/1195/1010 1049/1194/1009
f 1058/1214/1029 1061/1215/1030 1062/1216/1031 1059/1217/1032
f 1059/1217/1032 1062/1216/1031 1063/1218/1033 1060/1219/1034
f 1061/1215/1030 1064/1220/1035 1065/1221/1036 1062/1216/1031
f 1062/1216/1031 1065/1221/1036 1066/1222/1037 1063/1218/1033
f 897/1223/1038 925/1224/1039 1058/1214/1029 922/1225/1040
f 922/1225/1040 1058/1214/1029 1059/1217/1032 921/1226/1041
f 921/1226/1041 1059/1217/1032 1060/1219/1034 920/1227/1042
f 920/1227/1042 1060/1219/1034 965/1228/1043 904/1229/1044
f 1060/1219/1034 1063/1218/1033 966/1230/1045 965/1228/1043
f 1063/1218/1033 1066/1222/1037 967/1231/1046 966/1230/1045
f 1066/1222/1037 929/1207/1022 905/1209/1024 967/1231/1046
f 1065/1221/1036 930/1206/1021 929/1207/1022 1066/1222/1037
f 1064/1220/1035 931/1205/1020 930/1206/1021 1065/1221/1036
f 923/1232/1047 901/1203/1018 931/1205/1020 1064/1220/1035
f 924/1233/1048 923/1232/1047 1064/1220/1035 1061/1215/1030
f 925/1224/1039 924/1233/1048 1061/1215/1030 1058/1214/1029
f 1067/1234/1049 1070/1235/1050 1071/1236/1051 1068/1237/1052
f 1068/1237/1052 1071/1236/1051 1072/1238/1053 1069/1239/1054
f 1070/1235/1050 1073/1240/1055 1074/1241/1056 1071/1236/1051
f 1071/1236/1051 1074/1241/1056 1075/1242/1057 1072/1238/1053
f 895/1243/1007 913/1244/1058 1067/1234/1049 947/1245/1005
f 947/1245/1005 1067/1234/1049 1068/1237/1052 948/1246/1004
f 948/1246/1004 1068/1237/1052 1069/1239/1054 949/1247/1002
f 949/1247/1002 1069/1239/1054 968/1248/1059 903/1249/1003
f 1069/1239/1054 1072/1238/1053 969/1250/1060 968/1248/1059
f 1072/1238/1053 1075/1242/1057 970/1251/1061 969/1250/1060
f 1075/1242/1057 920/1227/1042 904/1229/1044 970/1251/1061
f 1074/1241/1056 921/1226/1041 920/1227/1042 1075/1242/1057
f 1073/1240/1055 922/1225/1040 921/1226/1041 1074/1241/1056
f 911/1252/1062 897/1223/1038 922/1225/1040 1073/1240/1055
f 912/1253/1063 911/1252/1062 1073/1240/1055 1070/1235/1050
f 913/1244/1058 912/1253/1063 1070/1235/1050 1067/1234/1049
f 1076/1254/1064 1079/1255/1065 1080/1256/1066 1077/1257/1067
f 1077/1257/1067 1080/1256/1066 1081/1258/1068 1078/1259/1069
f 1079/1255/1065 1082/1260/1070 1083/1261/1071 1080/1256/1066
f 1080/1256/1066 1083/1261/1071 1084/1262/1072 1081/1258/1068
f 906/1184/999 959/1183/998 1076/1254/1064 958/1263/1073
f 958/1263/1073 1076/1254/1064 1077/1257/1067 957/1264/1074
f 957/1264/1074 1077/1257/1067 1078/1259/1069 956/1265/1075
f 956/1265/1075 1078/1259/1069 983/1138/969 910/1127/958
f 1078/1259/1069 1081/1258/1068 984/1148/974 983/1138/969
f 1081/1258/1068 1084/1262/1072 985/1146/973 984/1148/974
f 1084/1262/1072 973/1266/1076 907/1147/904 985/1146/973
f 1083/1261/1071 972/1267/1077 973/1266/1076 1084/1262/1072
f 1082/1260/1070 971/1268/1078 972/1267/1077 1083/1261/1071
f 961/1186/1001 903/1188/1003 971/1268/1078 1082/1260/1070
f 960/1185/1000 961/1186/1001 1082/1260/1070 1079/1255/1065
f 959/1183/998 960/1185/1000 1079/1255/1065 1076/1254/1064
f 1085/1269/1079 1088/1270/1080 1089/1271/1081 1086/1272/1082
f 1086/1272/1082 1089/1271/1081 1090/1273/1083 1087/1274/1084
f 1088/1270/1080 1091/1275/1085 1092/1276/1086 1089/1271/1081
f 1089/1271/1081 1092/1276/1086 1093/1277/1087 1090/1273/1083
f 905/1209/1024 962/1208/1023 1085/1269/1079 955/1278/1088
f 955/1278/1088 1085/1269/1079 1086/1272/1082 954/1279/1089
f 954/1279/1089 1086/1272/1082 1087/1274/1084 953/1280/1090
f 953/1280/1090 1087/1274/1084 986/1118/949 909/1107/938
f 1087/1274/1084 1090/1273/1083 987/1128/959 986/1118/949
f 1090/1273/1083 1093/1277/1087 988/1126/957 987/1128/959
f 1093/1277/1087 956/1265/1075 910/1127/958 988/1126/957
f 1092/1276/1086 957/1264/1074 956/1265/1075 1093/1277/1087
f 1091/1275/1085 958/1263/1073 957/1264/1074 1092/1276/1086
f 964/1211/1026 906/1184/999 958/1263/1073 1091/1275/1085
f 963/1210/1025 964/1211/1026 1091/1275/1085 1088/1270/1080
f 962/1208/1023 963/1210/1025 1088/1270/1080 1085/1269/1079
f 1094/1281/1091 1097/1282/1092 1098/1283/1093 1095/1284/1094
f 1095/1284/1094 1098/1283/1093 1099/1285/1095 1096/1286/1096
f 1097/1282/1092 1100/1287/1097 1101/1288/1098 1098/1283/1093
f 1098/1283/1093 1101/1288/1098 1102/1289/1099 1099/1285/1095
f 904/1229/1044 965/1228/1043 1094/1281/1091 952/1290/1100
f 952/1290/1100 1094/1281/1091 1095/1284/1094 951/1291/1101
f 951/1291/1101 1095/1284/1094 1096/1286/1096 950/1292/1102
f 950/1292/1102 1096/1286/1096 989/1098/929 908/1087/918
f 1096/1286/1096 1099/1285/1095 990/1108/939 989/1098/929
f 1099/1285/1095 1102/1289/1099 991/1106/937 990/1108/939
f 1102/1289/1099 953/1280/1090 909/1107/938 991/1106/937
f 1101/1288/1098 954/1279/1089 953/1280/1090 1102/1289/1099
f 1100/1287/1097 955/1278/1088 954/1279/1089 1101/1288/1098
f 967/1231/1046 905/1209/1024 955/1278/1088 1100/1287/1097
f 966/1230/1045 967/1231/1046 1100/1287/1097 1097/1282/1092
f 965/1228/1043 966/1230/1045 1097/1282/1092 1094/1281/1091
f 1103/1293/1103 1106/1294/1104 1107/1295/1105 1104/1296/1106
f 1104/1296/1106 1107/1295/1105 1108/1297/1107 1105/1298/1108
f 1106/1294/1104 1109/1299/1109 1110/1300/1110 1107/1295/1105
f 1107/1295/1105 1110/1300/1110 1111/1301/1111 1108/1297/1107
f 903/1249/1003 968/1248/1059 1103/1293/1103 971/1302/1078
f 971/1302/1078 1103/1293/1103 1104/1296/1106 972/1303/1077
f 972/1303/1077 1104/1296/1106 1105/1298/1108 973/1304/1076
f 973/1304/1076 1105/1298/1108 992/1074/905 907/1073/904
f 1105/1298/1108 1108/1297/1107 993/1088/919 992/1074/905
f 1108/1297/1107 1111/1301/1111 994/1086/917 993/1088/919
f 1111/1301/1111 950/1292/1102 908/1087/918 994/1086/917
f 1110/1300/1110 951/1291/1101 950/1292/1102 1111/1301/1111
f 1109/1299/1109 952/1290/1100 951/1291/1101 1110/1300/1110
f 970/1251/1061 904/1229/1044 952/1290/1100 1109/1299/1109
f 969/1250/1060 970/1251/1061 1109/1299/1109 1106/1294/1104
f 968/1248/1059 969/1250/1060 1106/1294/1104 1103/1293/1103
f 694/1011/845 680/982/821 897/1223/1038 911/1252/1062
f 695/1012/846 694/1011/845 911/1252/1062 912/1253/1063
f 696/1004/841 695/1012/846 912/1253/1063 913/1244/1058
f 678/1002/790 696/1004/841 913/1244/1058 895/1243/1007
f 706/991/830 684/962/801 901/1203/1018 923/1232/1047
f 707/992/831 706/991/830 923/1232/1047 924/1233/1048
f 708/984/823 707/992/831 924/1233/1048 925/1224/1039
f 680/982/821 708/984/823 925/1224/1039 897/1223/1038
f 715/971/810 682/937/776 899/1178/993 932/1212/1027
f 716/972/811 715/971/810 932/1212/1027 933/1213/1028
f 717/964/803 716/972/811 933/1213/1028 934/1204/1019
f 684/962/801 717/964/803 934/1204/1019 901/1203/1018
f 724/950/789 678/951/790 895/1192/1007 941/1191/1006
f 725/952/791 724/950/789 941/1191/1006 942/1193/1008
f 726/939/778 725/952/791 942/1193/1008 943/1179/994
f 682/937/776 726/939/778 943/1179/994 899/1178/993
o Lonceng2_Torus
v 0.031340 0.374615 -1.557955
v 0.025379 0.374615 -1.551567
v 0.018151 0.374615 -1.557955
v 0.025379 0.374615 -1.564343
v 0.015670 0.401756 -1.557955
v 0.012690 0.396594 -1.551567
v 0.009075 0.390334 -1.557955
v 0.012690 0.396594 -1.564343
v -0.015670 0.401756 -1.557955
v -0.012690 0.396594 -1.551567
v -0.009075 0.390334 -1.557955
v -0.012690 0.396594 -1.564343
v -0.031340 0.374615 -1.557955
v -0.025379 0.374615 -1.551567
v -0.018151 0.374615 -1.557955
v -0.025379 0.374615 -1.564343
v -0.015670 0.347474 -1.557955
v -0.012690 0.352636 -1.551567
v -0.009075 0.358896 -1.557955
v -0.012690 0.352636 -1.564343
v 0.015670 0.347474 -1.557955
v 0.012690 0.352636 -1.551567
v 0.009075 0.358896 -1.557955
v 0.012690 0.352636 -1.564343
v 0.029596 0.374615 -1.553564
v 0.020528 0.374615 -1.553564
v 0.020528 0.374615 -1.562347
v 0.027031 0.390221 -1.557955
v 0.014798 0.400246 -1.553564
v 0.010264 0.392393 -1.553564
v 0.010264 0.392393 -1.562347
v 0.000000 0.405827 -1.557955
v -0.014798 0.400246 -1.553564
v -0.010264 0.392393 -1.553564
v -0.010264 0.392393 -1.562347
v -0.027031 0.390221 -1.557955
v -0.029596 0.374615 -1.553564
v -0.020528 0.374615 -1.553564
v -0.020528 0.374615 -1.562347
v 0.029596 0.374615 -1.562347
v -0.014798 0.348984 -1.553564
v -0.010264 0.356837 -1.553564
v -0.010264 0.356837 -1.562347
v 0.000000 0.343403 -1.557955
v 0.014798 0.348984 -1.553564
v 0.010264 0.356837 -1.553564
v -0.015655 0.383653 -1.557955
v 0.021889 0.387253 -1.551567
v -0.021889 0.387253 -1.564343
v -0.029596 0.374615 -1.562347
v 0.015655 0.383653 -1.557955
v -0.027031 0.359009 -1.557955
v -0.021889 0.387253 -1.551567
v 0.010264 0.356837 -1.562347
v 0.021889 0.361977 -1.551567
v 0.021889 0.387253 -1.564343
v 0.021889 0.361977 -1.564343
v -0.021889 0.361977 -1.551567
v 0.000000 0.349339 -1.564343
v 0.014798 0.400246 -1.562347
v -0.015655 0.365577 -1.557955
v 0.000000 0.399891 -1.551567
v -0.021889 0.361977 -1.564343
v -0.014798 0.348984 -1.562347
v 0.000000 0.392692 -1.557955
v 0.027031 0.359009 -1.557955
v 0.014798 0.348984 -1.562347
v 0.000000 0.399891 -1.564343
v 0.000000 0.349339 -1.551567
v -0.014798 0.400246 -1.562347
v 0.015655 0.365577 -1.557955
v 0.000000 0.356538 -1.557955
v 0.025526 0.389353 -1.553564
v 0.017706 0.384838 -1.553564
v 0.017706 0.384838 -1.562347
v 0.025526 0.389353 -1.562347
v 0.000000 0.404091 -1.553564
v 0.000000 0.395060 -1.553564
v 0.000000 0.395060 -1.562347
v 0.000000 0.404091 -1.562347
v -0.025526 0.389353 -1.553564
v -0.017706 0.384838 -1.553564
v -0.017706 0.384838 -1.562347
v -0.025526 0.389353 -1.562347
v -0.025526 0.359877 -1.553564
v -0.017706 0.364393 -1.553564
v -0.017706 0.364393 -1.562347
v -0.025526 0.359877 -1.562347
v 0.000000 0.345140 -1.553564
v 0.000000 0.354170 -1.553564
v 0.000000 0.354170 -1.562347
v 0.000000 0.345140 -1.562347
v 0.025526 0.359877 -1.553564
v 0.017706 0.364393 -1.553564
v 0.017706 0.364393 -1.562347
v 0.025526 0.359877 -1.562347
vt 0.500000 0.500000
vt 0.583333 0.500000
vt 0.583333 0.625000
vt 0.500000 0.625000
vt 0.666667 0.500000
vt 0.666667 0.625000
vt 0.666667 0.750000
vt 0.583333 0.750000
vt 0.500000 0.750000
vt 0.583333 0.875000
vt 0.500000 0.875000
vt 0.666667 0.875000
vt 0.666667 1.000000
vt 0.583333 1.000000
vt 0.500000 1.000000
vt 0.500000 0.000000
vt 0.583333 0.000000
vt 0.583333 0.125000
vt 0.500000 0.125000
vt 0.666667 0.000000
vt 0.666667 0.125000
vt 0.666667 0.250000
vt 0.583333 0.250000
vt 0.500000 0.250000
vt 0.583333 0.375000
vt 0.500000 0.375000
vt 0.666667 0.375000
vt 0.750000 0.500000
vt 0.750000 0.625000
vt 0.833333 0.500000
vt 0.833333 0.625000
vt 0.833333 0.750000
vt 0.750000 0.750000
vt 0.750000 0.875000
vt 0.833333 0.875000
vt 0.833333 1.000000
vt 0.750000 1.000000
vt 0.750000 0.000000
vt 0.750000 0.125000
vt 0.833333 0.000000
vt 0.833333 0.125000
vt 0.833333 0.250000
vt 0.750000 0.250000
vt 0.750000 0.375000
vt 0.833333 0.375000
vt 0.916667 0.500000
vt 0.916667 0.625000
vt 1.000000 0.500000
vt 1.000000 0.625000
vt 1.000000 0.750000
vt 0.916667 0.750000
vt 0.916667 0.875000
vt 1.000000 0.875000
vt 1.000000 1.000000
vt 0.916667 1.000000
vt 0.916667 0.000000
vt 0.916667 0.125000
vt 1.000000 0.000000
vt 1.000000 0.125000
vt 1.000000 0.250000
vt 0.916667 0.250000
vt 0.916667 0.375000
vt 1.000000 0.375000
vt -0.000000 0.500000
vt 0.083333 0.500000
vt 0.083333 0.625000
vt -0.000000 0.625000
vt 0.166667 0.500000
vt 0.166667 0.625000
vt 0.166667 0.750000
vt 0.083333 0.750000
vt -0.000000 0.750000
vt 0.083333 0.875000
vt -0.000000 0.875000
vt 0.166667 0.875000
vt 0.166667 1.000000
vt 0.083333 1.000000
vt -0.000000 1.000000
vt -0.000000 0.000000
vt 0.083333 0.000000
vt 0.083333 0.125000
vt -0.000000 0.125000
vt 0.166667 0.000000
vt 0.166667 0.125000
vt 0.166667 0.250000
vt 0.083333 0.250000
vt -0.000000 0.250000
vt 0.083333 0.375000
vt -0.000000 0.375000
vt 0.166667 0.375000
vt 0.250000 0.500000
vt 0.250000 0.625000
vt 0.333333 0.500000
vt 0.333333 0.625000
vt 0.333333 0.750000
vt 0.250000 0.750000
vt 0.250000 0.875000
vt 0.333333 0.875000
vt 0.333333 1.000000
vt 0.250000 1.000000
vt 0.250000 0.000000
vt 0.250000 0.125000
vt 0.333333 0.000000
vt 0.333333 0.125000
vt 0.333333 0.250000
vt 0.250000 0.250000
vt 0.250000 0.375000
vt 0.333333 0.375000
vt 0.416667 0.500000
vt 0.416667 0.625000
vt 0.416667 0.750000
vt 0.416667 0.875000
vt 0.416667 1.000000
vt 0.416667 0.000000
vt 0.416667 0.125000
vt 0.416667 0.250000
vt 0.416667 0.375000
vn 1.0000 0.0000 0.0000
vn 0.8660 0.5000 0.0000
vn 0.6545 0.3778 0.6549
vn 0.7562 0.0000 0.6543
vn 0.5000 0.8660 0.0000
vn 0.3781 0.6549 0.6543
vn 0.0473 0.0819 0.9955
vn 0.0788 0.0455 0.9958
vn 0.0946 0.0000 0.9955
vn -0.5524 -0.3189 0.7701
vn -0.6346 0.0000 0.7729
vn -0.3173 -0.5495 0.7729
vn -0.5000 -0.8660 0.0000
vn -0.8660 -0.5000 0.0000
vn -1.0000 0.0000 0.0000
vn -0.5524 -0.3189 -0.7701
vn -0.6345 0.0000 -0.7729
vn -0.3173 -0.5495 -0.7729
vn 0.0473 0.0819 -0.9955
vn 0.0789 0.0455 -0.9958
vn 0.0946 0.0000 -0.9955
vn 0.6545 0.3778 -0.6548
vn 0.7562 0.0000 -0.6543
vn 0.3781 0.6549 -0.6543
vn 0.0000 1.0000 0.0000
vn 0.0000 0.7557 0.6549
vn -0.5000 0.8660 0.0000
vn -0.3781 0.6549 0.6543
vn -0.0473 0.0819 0.9955
vn 0.0000 0.0910 0.9958
vn 0.0000 -0.6378 0.7701
vn 0.3173 -0.5495 0.7729
vn 0.5000 -0.8660 0.0000
vn 0.0000 -1.0000 0.0000
vn 0.0000 -0.6378 -0.7701
vn 0.3173 -0.5495 -0.7729
vn -0.0473 0.0819 -0.9955
vn 0.0000 0.0911 -0.9958
vn 0.0000 0.7557 -0.6548
vn -0.3781 0.6549 -0.6543
vn -0.8660 0.5000 0.0000
vn -0.6545 0.3778 0.6549
vn -0.7562 0.0000 0.6543
vn -0.0946 0.0000 0.9955
vn -0.0788 0.0455 0.9958
vn 0.5524 -0.3189 0.7701
vn 0.6346 0.0000 0.7729
vn 0.8660 -0.5000 0.0000
vn 0.5524 -0.3189 -0.7701
vn 0.6345 0.0000 -0.7729
vn -0.0946 0.0000 -0.9955
vn -0.0789 0.0455 -0.9958
vn -0.6545 0.3778 -0.6548
vn -0.7562 0.0000 -0.6543
vn -0.6545 -0.3778 0.6549
vn -0.3781 -0.6549 0.6543
vn -0.0473 -0.0819 0.9955
vn -0.0788 -0.0455 0.9958
vn 0.5524 0.3189 0.7701
vn 0.3173 0.5495 0.7729
vn 0.5524 0.3189 -0.7701
vn 0.3173 0.5495 -0.7729
vn -0.0473 -0.0819 -0.9955
vn -0.0789 -0.0455 -0.9958
vn -0.6545 -0.3778 -0.6548
vn -0.3781 -0.6549 -0.6543
vn 0.0000 -0.7557 0.6549
vn 0.3781 -0.6549 0.6543
vn 0.0473 -0.0819 0.9955
vn 0.0000 -0.0910 0.9958
vn 0.0000 0.6378 0.7701
vn -0.3173 0.5495 0.7729
vn 0.0000 0.6378 -0.7701
vn -0.3173 0.5495 -0.7729
vn 0.0473 -0.0819 -0.9955
vn 0.0000 -0.0911 -0.9958
vn 0.0000 -0.7557 -0.6548
vn 0.3781 -0.6549 -0.6543
vn 0.6545 -0.3778 0.6549
vn 0.0788 -0.0455 0.9958
vn -0.5524 0.3189 0.7701
vn -0.5524 0.3189 -0.7701
vn 0.0789 -0.0455 -0.9958
vn 0.6545 -0.3778 -0.6549
usemtl Cooper
s 1
f 1112/1305/1112 1139/1306/1113 1184/1307/1114 1136/1308/1115
f 1139/1306/1113 1116/1309/1116 1140/1310/1117 1184/1307/1114
f 1184/1307/1114 1140/1310/1117 1117/1311/1118 1159/1312/1119
f 1136/1308/1115 1184/1307/1114 1159/1312/1119 1113/1313/1120
f 1113/1313/1120 1159/1312/1119 1185/1314/1121 1137/1315/1122
f 1159/1312/1119 1117/1311/1118 1141/1316/1123 1185/1314/1121
f 1185/1314/1121 1141/1316/1123 1118/1317/1124 1162/1318/1125
f 1137/1315/1122 1185/1314/1121 1162/1318/1125 1114/1319/1126
f 1114/1320/1126 1162/1321/1125 1186/1322/1127 1138/1323/1128
f 1162/1321/1125 1118/1324/1124 1142/1325/1129 1186/1322/1127
f 1186/1322/1127 1142/1325/1129 1119/1326/1130 1167/1327/1131
f 1138/1323/1128 1186/1322/1127 1167/1327/1131 1115/1328/1132
f 1115/1328/1132 1167/1327/1131 1187/1329/1133 1151/1330/1134
f 1167/1327/1131 1119/1326/1130 1171/1331/1135 1187/1329/1133
f 1187/1329/1133 1171/1331/1135 1116/1309/1116 1139/1306/1113
f 1151/1330/1134 1187/1329/1133 1139/1306/1113 1112/1305/1112
f 1116/1309/1116 1143/1332/1136 1188/1333/1137 1140/1310/1117
f 1143/1332/1136 1120/1334/1138 1144/1335/1139 1188/1333/1137
f 1188/1333/1137 1144/1335/1139 1121/1336/1140 1173/1337/1141
f 1140/1310/1117 1188/1333/1137 1173/1337/1141 1117/1311/1118
f 1117/1311/1118 1173/1337/1141 1189/1338/1142 1141/1316/1123
f 1173/1337/1141 1121/1336/1140 1145/1339/1143 1189/1338/1142
f 1189/1338/1142 1145/1339/1143 1122/1340/1144 1176/1341/1145
f 1141/1316/1123 1189/1338/1142 1176/1341/1145 1118/1317/1124
f 1118/1324/1124 1176/1342/1145 1190/1343/1146 1142/1325/1129
f 1176/1342/1145 1122/1344/1144 1146/1345/1147 1190/1343/1146
f 1190/1343/1146 1146/1345/1147 1123/1346/1148 1179/1347/1149
f 1142/1325/1129 1190/1343/1146 1179/1347/1149 1119/1326/1130
f 1119/1326/1130 1179/1347/1149 1191/1348/1150 1171/1331/1135
f 1179/1347/1149 1123/1346/1148 1181/1349/1151 1191/1348/1150
f 1191/1348/1150 1181/1349/1151 1120/1334/1138 1143/1332/1136
f 1171/1331/1135 1191/1348/1150 1143/1332/1136 1116/1309/1116
f 1120/1334/1138 1147/1350/1152 1192/1351/1153 1144/1335/1139
f 1147/1350/1152 1124/1352/1126 1148/1353/1154 1192/1351/1153
f 1192/1351/1153 1148/1353/1154 1125/1354/1155 1164/1355/1156
f 1144/1335/1139 1192/1351/1153 1164/1355/1156 1121/1336/1140
f 1121/1336/1140 1164/1355/1156 1193/1356/1157 1145/1339/1143
f 1164/1355/1156 1125/1354/1155 1149/1357/1158 1193/1356/1157
f 1193/1356/1157 1149/1357/1158 1126/1358/1112 1158/1359/1159
f 1145/1339/1143 1193/1356/1157 1158/1359/1159 1122/1340/1144
f 1122/1344/1144 1158/1360/1159 1194/1361/1160 1146/1345/1147
f 1158/1360/1159 1126/1362/1112 1150/1363/1161 1194/1361/1160
f 1194/1361/1160 1150/1363/1161 1127/1364/1162 1160/1365/1163
f 1146/1345/1147 1194/1361/1160 1160/1365/1163 1123/1346/1148
f 1123/1346/1148 1160/1365/1163 1195/1366/1164 1181/1349/1151
f 1160/1365/1163 1127/1364/1162 1161/1367/1165 1195/1366/1164
f 1195/1366/1164 1161/1367/1165 1124/1352/1126 1147/1350/1152
f 1181/1349/1151 1195/1366/1164 1147/1350/1152 1120/1334/1138
f 1124/1368/1126 1163/1369/1125 1196/1370/1166 1148/1371/1154
f 1163/1369/1125 1128/1372/1124 1152/1373/1167 1196/1370/1166
f 1196/1370/1166 1152/1373/1167 1129/1374/1168 1169/1375/1169
f 1148/1371/1154 1196/1370/1166 1169/1375/1169 1125/1376/1155
f 1125/1376/1155 1169/1375/1169 1197/1377/1170 1149/1378/1158
f 1169/1375/1169 1129/1374/1168 1153/1379/1171 1197/1377/1170
f 1197/1377/1170 1153/1379/1171 1130/1380/1116 1172/1381/1113
f 1149/1378/1158 1197/1377/1170 1172/1381/1113 1126/1382/1112
f 1126/1383/1112 1172/1384/1113 1198/1385/1172 1150/1386/1161
f 1172/1384/1113 1130/1387/1116 1154/1388/1173 1198/1385/1172
f 1198/1385/1172 1154/1388/1173 1131/1389/1174 1174/1390/1175
f 1150/1386/1161 1198/1385/1172 1174/1390/1175 1127/1391/1162
f 1127/1391/1162 1174/1390/1175 1199/1392/1176 1161/1393/1165
f 1174/1390/1175 1131/1389/1174 1175/1394/1177 1199/1392/1176
f 1199/1392/1176 1175/1394/1177 1128/1372/1124 1163/1369/1125
f 1161/1393/1165 1199/1392/1176 1163/1369/1125 1124/1368/1126
f 1128/1372/1124 1155/1395/1145 1200/1396/1178 1152/1373/1167
f 1155/1395/1145 1132/1397/1144 1156/1398/1179 1200/1396/1178
f 1200/1396/1178 1156/1398/1179 1133/1399/1180 1180/1400/1181
f 1152/1373/1167 1200/1396/1178 1180/1400/1181 1129/1374/1168
f 1129/1374/1168 1180/1400/1181 1201/1401/1182 1153/1379/1171
f 1180/1400/1181 1133/1399/1180 1157/1402/1183 1201/1401/1182
f 1201/1401/1182 1157/1402/1183 1134/1403/1138 1183/1404/1136
f 1153/1379/1171 1201/1401/1182 1183/1404/1136 1130/1380/1116
f 1130/1387/1116 1183/1405/1136 1202/1406/1184 1154/1388/1173
f 1183/1405/1136 1134/1407/1138 1165/1408/1185 1202/1406/1184
f 1202/1406/1184 1165/1408/1185 1135/1409/1186 1170/1410/1187
f 1154/1388/1173 1202/1406/1184 1170/1410/1187 1131/1389/1174
f 1131/1389/1174 1170/1410/1187 1203/1411/1188 1175/1394/1177
f 1170/1410/1187 1135/1409/1186 1178/1412/1189 1203/1411/1188
f 1203/1411/1188 1178/1412/1189 1132/1397/1144 1155/1395/1145
f 1175/1394/1177 1203/1411/1188 1155/1395/1145 1128/1372/1124
f 1132/1397/1144 1177/1413/1159 1204/1414/1190 1156/1398/1179
f 1177/1413/1159 1112/1305/1112 1136/1308/1115 1204/1414/1190
f 1204/1414/1190 1136/1308/1115 1113/1313/1120 1166/1415/1191
f 1156/1398/1179 1204/1414/1190 1166/1415/1191 1133/1399/1180
f 1133/1399/1180 1166/1415/1191 1205/1416/1192 1157/1402/1183
f 1166/1415/1191 1113/1313/1120 1137/1315/1122 1205/1416/1192
f 1205/1416/1192 1137/1315/1122 1114/1319/1126 1182/1417/1152
f 1157/1402/1183 1205/1416/1192 1182/1417/1152 1134/1403/1138
f 1134/1407/1138 1182/1418/1152 1206/1419/1193 1165/1408/1185
f 1182/1418/1152 1114/1320/1126 1138/1323/1128 1206/1419/1193
f 1206/1419/1193 1138/1323/1128 1115/1328/1132 1168/1420/1194
f 1165/1408/1185 1206/1419/1193 1168/1420/1194 1135/1409/1186
f 1135/1409/1186 1168/1420/1194 1207/1421/1195 1178/1412/1189
f 1168/1420/1194 1115/1328/1132 1151/1330/1134 1207/1421/1195
f 1207/1421/1195 1151/1330/1134 1112/1305/1112 1177/1413/1159
f 1178/1412/1189 1207/1421/1195 1177/1413/1159 1132/1397/1144
o Lonceng3_Circle.002
v 0.000000 0.346989 -1.566085
v -0.008383 0.346989 -1.559995
v -0.005181 0.346989 -1.550141
v 0.005181 0.346989 -1.550141
v 0.008383 0.346989 -1.559995
v 0.000000 0.098780 -1.566085
v -0.008383 0.098780 -1.559995
v -0.005181 0.098780 -1.550141
v 0.005181 0.098780 -1.550141
v 0.008383 0.098780 -1.559995
v 0.000000 0.091425 -1.572528
v -0.014510 0.091425 -1.561986
v -0.008968 0.091425 -1.544928
v 0.008968 0.091425 -1.544928
v 0.014510 0.091425 -1.561986
v 0.000000 0.084909 -1.574674
v -0.016551 0.084909 -1.562649
v -0.010229 0.084909 -1.543192
v 0.010229 0.084909 -1.543192
v 0.016551 0.084909 -1.562649
v 0.000000 0.077227 -1.571974
v -0.013983 0.077227 -1.561815
v -0.008642 0.077227 -1.545376
v 0.008642 0.077227 -1.545376
v 0.013984 0.077227 -1.561815
v 0.000000 0.070790 -1.564345
v -0.006727 0.070790 -1.559457
v -0.004158 0.070790 -1.551549
v 0.004158 0.070790 -1.551549
v 0.006727 0.070790 -1.559457
vt 0.000000 0.000000
vt 0.000000 0.000000
vt 0.000000 0.000000
vt 0.000000 0.000000
vt 0.000000 0.000000
vt 0.000000 0.000000
vt 0.000000 0.000000
vt 0.000000 0.000000
vt 0.000000 0.000000
vt 0.000000 0.000000
vt 0.000000 0.000000
vt 0.000000 0.000000
vt 0.000000 0.000000
vt 0.000000 0.000000
vt 0.000000 0.000000
vt 0.000000 0.000000
vt 0.000000 0.000000
vt 0.000000 0.000000
vt 0.000000 0.000000
vt 0.000000 0.000000
vt 0.000000 0.000000
vt 0.000000 0.000000
vt 0.000000 0.000000
vt 0.000000 0.000000
vt 0.000000 0.000000
vt 0.000000 0.000000
vt 0.000000 0.000000
vt 0.000000 0.000000
vt 0.000000 0.000000
vt 0.000000 0.000000
vn -0.5878 0.0000 0.8090
vn -0.9510 0.0000 -0.3090
vn -0.8696 0.4050 -0.2825
vn -0.5374 0.4049 0.7397
vn 0.0000 0.0000 -1.0000
vn 0.9510 0.0000 -0.3090
vn 0.8696 0.4050 -0.2825
vn 0.0000 0.4049 -0.9143
vn 0.5878 0.0000 0.8090
vn 0.5374 0.4049 0.7397
vn 0.5201 0.4658 0.7158
vn 0.8415 0.4658 -0.2734
vn -0.8415 0.4658 -0.2734
vn -0.5201 0.4658 0.7158
vn 0.0000 0.4659 -0.8849
vn 0.9510 -0.0089 -0.3090
vn 0.0000 -0.0089 -0.9999
vn -0.5878 -0.0089 0.8090
vn 0.5878 -0.0089 0.8090
vn -0.9510 -0.0089 -0.3090
vn 0.5000 -0.5255 0.6883
vn 0.8091 -0.5255 -0.2629
vn -0.8091 -0.5255 -0.2629
vn -0.5000 -0.5255 0.6883
vn 0.0000 -0.5255 -0.8508
vn 0.4291 -0.8924 -0.1394
vn 0.0000 -0.8924 -0.4512
vn -0.2652 -0.8924 0.3650
vn 0.2652 -0.8924 0.3650
vn -0.4291 -0.8924 -0.1394
usemtl Cooper
s 1
f 1210/1422/1196 1209/1423/1197 1214/1424/1198 1215/1425/1199
f 1208/1426/1200 1212/1427/1201 1217/1428/1202 1213/1429/1203
f 1211/1430/1204 1210/1422/1196 1215/1425/1199 1216/1431/1205
f 1209/1423/1197 1208/1426/1200 1213/1429/1203 1214/1424/1198
f 1212/1427/1201 1211/1430/1204 1216/1431/1205 1217/1428/1202
f 1217/1428/1202 1216/1431/1205 1221/1432/1206 1222/1433/1207
f 1215/1425/1199 1214/1424/1198 1219/1434/1208 1220/1435/1209
f 1213/1429/1203 1217/1428/1202 1222/1433/1207 1218/1436/1210
f 1216/1431/1205 1215/1425/1199 1220/1435/1209 1221/1432/1206
f 1214/1424/1198 1213/1429/1203 1218/1436/1210 1219/1434/1208
f 1218/1436/1210 1222/1433/1207 1227/1437/1211 1223/1438/1212
f 1221/1432/1206 1220/1435/1209 1225/1439/1213 1226/1440/1214
f 1219/1434/1208 1218/1436/1210 1223/1438/1212 1224/1441/1215
f 1222/1433/1207 1221/1432/1206 1226/1440/1214 1227/1437/1211
f 1220/1435/1209 1219/1434/1208 1224/1441/1215 1225/1439/1213
f 1227/1437/1211 1226/1440/1214 1231/1442/1216 1232/1443/1217
f 1225/1439/1213 1224/1441/1215 1229/1444/1218 1230/1445/1219
f 1223/1438/1212 1227/1437/1211 1232/1443/1217 1228/1446/1220
f 1226/1440/1214 1225/1439/1213 1230/1445/1219 1231/1442/1216
f 1224/1441/1215 1223/1438/1212 1228/1446/1220 1229/1444/1218
f 1228/1446/1220 1232/1443/1217 1237/1447/1221 1233/1448/1222
f 1231/1442/1216 1230/1445/1219 1235/1449/1223 1236/1450/1224
f 1229/1444/1218 1228/1446/1220 1233/1448/1222 1234/1451/1225
f 1232/1443/1217 1231/1442/1216 1236/1450/1224 1237/1447/1221
f 1230/1445/1219 1229/1444/1218 1234/1451/1225 1235/1449/1223
f 1234/1451/1225 1233/1448/1222 1237/1447/1221 1236/1450/1224 1235/1449/1223
o Mata_Circle.003
v 0.287694 0.585095 1.593415
v 0.271018 0.581024 1.602619
v 0.256490 0.566354 1.616552
v 0.244976 0.542204 1.633809
v 0.236096 0.510266 1.649606
v 0.230784 0.472593 1.663972
v 0.229436 0.431440 1.676228
v 0.231570 0.389226 1.684036
v 0.237519 0.349150 1.688122
v 0.247476 0.314342 1.689772
v 0.260763 0.287174 1.688872
v 0.276473 0.269497 1.685485
v 0.293536 0.262516 1.679841
v 0.310789 0.266707 1.672325
v 0.327057 0.281784 1.663449
v 0.341230 0.306720 1.653818
v 0.352344 0.339815 1.644088
v 0.359640 0.378815 1.634923
v 0.362024 0.420661 1.625381
v 0.358855 0.462182 1.614859
v 0.350921 0.500931 1.605572
v 0.338721 0.534582 1.597825
v 0.322777 0.560964 1.591108
v 0.305333 0.578234 1.589455
v 0.303316 0.429007 1.669888
v 0.292411 0.565005 1.610320
v 0.271933 0.555202 1.625053
v 0.255886 0.528122 1.646561
v 0.245770 0.484244 1.666017
v 0.242357 0.432329 1.682993
v 0.246961 0.378539 1.691996
v 0.258160 0.331042 1.695194
v 0.276468 0.299860 1.692948
v 0.298047 0.286161 1.686594
v 0.320033 0.296319 1.676242
v 0.339351 0.324442 1.664058
v 0.352135 0.369989 1.651663
v 0.357179 0.422994 1.638960
v 0.350944 0.475694 1.625684
v 0.337072 0.521521 1.615409
v 0.315493 0.551660 1.608332
v 0.299713 0.508036 1.643091
v 0.282349 0.494634 1.655086
v 0.271348 0.461475 1.670977
v 0.269394 0.431454 1.680851
v 0.272452 0.400599 1.687093
v 0.284350 0.364184 1.688616
v 0.302129 0.347239 1.684290
v 0.320436 0.361251 1.674777
v 0.333297 0.395653 1.663759
v 0.335820 0.426054 1.655377
v 0.332193 0.456528 1.647644
v 0.318435 0.491700 1.641247
v 0.302041 0.470096 1.657544
v 0.290140 0.454560 1.667604
v 0.286198 0.430428 1.676568
v 0.291152 0.405287 1.680977
v 0.303618 0.387269 1.679684
v 0.316187 0.403251 1.671376
v 0.320510 0.427638 1.663409
v 0.315175 0.452525 1.658003
v 0.293063 0.379980 1.457084
v -0.299444 0.573529 1.595454
v -0.282557 0.570120 1.604541
v -0.267366 0.556035 1.618371
v -0.254791 0.532360 1.635544
v -0.244550 0.500798 1.651275
v -0.237660 0.463366 1.665599
v -0.234606 0.422299 1.677839
v -0.235022 0.380035 1.685657
v -0.239360 0.339756 1.689778
v -0.247927 0.304583 1.691492
v -0.260139 0.276913 1.690681
v -0.275164 0.258631 1.687401
v -0.291978 0.250983 1.681874
v -0.309434 0.254490 1.674479
v -0.326344 0.268914 1.665718
v -0.341556 0.293271 1.656189
v -0.354031 0.325901 1.646541
v -0.362921 0.364581 1.637432
v -0.367017 0.406300 1.627913
v -0.365559 0.447912 1.617374
v -0.359221 0.486943 1.608038
v -0.348410 0.521047 1.600211
v -0.333565 0.548036 1.593387
v -0.316826 0.565979 1.591615
v -0.308375 0.416958 1.672012
v -0.303249 0.553272 1.612389
v -0.282298 0.544284 1.626977
v -0.265049 0.517860 1.648370
v -0.253078 0.474417 1.667749
v -0.247505 0.422679 1.684694
v -0.249925 0.368751 1.693722
v -0.259222 0.320850 1.696990
v -0.276303 0.288972 1.694868
v -0.297370 0.274432 1.688661
v -0.319810 0.283715 1.678463
v -0.340305 0.311054 1.666418
v -0.354958 0.356060 1.654118
v -0.362173 0.408824 1.641458
v -0.358111 0.461726 1.628146
v -0.346126 0.508063 1.617781
v -0.325800 0.539028 1.610559
v -0.308074 0.496063 1.645201
v -0.290112 0.483357 1.657073
v -0.277705 0.450659 1.672884
v -0.274501 0.420740 1.682739
v -0.276298 0.389790 1.688998
v -0.286742 0.352935 1.690599
v -0.303870 0.335302 1.686394
v -0.322780 0.348580 1.677010
v -0.337061 0.382448 1.666087
v -0.340838 0.412725 1.657726
v -0.338468 0.443317 1.649973
v -0.326151 0.479003 1.643485
v -0.308805 0.458063 1.659666
v -0.296233 0.443009 1.669640
v -0.291281 0.419052 1.678573
v -0.295211 0.393736 1.683013
v -0.306966 0.375241 1.681804
v -0.320212 0.390716 1.673586
v -0.325547 0.414912 1.665653
v -0.321234 0.439989 1.660213
v -0.297678 0.368343 1.459135
vt 0.789814 0.813039
vt 0.788512 0.813678
vt 0.789036 0.816065
vt 0.779212 0.815554
vt 0.779991 0.813235
vt 0.778768 0.812463
vt 0.783644 0.797081
vt 0.783225 0.799454
vt 0.785035 0.798658
vt 0.785135 0.796736
vt 0.790203 0.809749
vt 0.789109 0.809622
vt 0.779989 0.818260
vt 0.780792 0.816802
vt 0.782183 0.798266
vt 0.790203 0.806444
vt 0.788959 0.805535
vt 0.781023 0.820508
vt 0.782118 0.819319
vt 0.780847 0.800224
vt 0.781578 0.801617
vt 0.789818 0.803346
vt 0.782293 0.821962
vt 0.785203 0.822114
vt 0.785688 0.819504
vt 0.783835 0.820434
vt 0.783717 0.822507
vt 0.779790 0.802822
vt 0.780416 0.805090
vt 0.789036 0.800652
vt 0.788165 0.801960
vt 0.786650 0.820800
vt 0.779084 0.805863
vt 0.787911 0.798565
vt 0.786752 0.799638
vt 0.787957 0.818673
vt 0.787322 0.817139
vt 0.778735 0.809151
vt 0.779836 0.809139
vt 0.786582 0.797234
vt 0.784798 0.803203
vt 0.786174 0.804441
vt 0.784138 0.815472
vt 0.782765 0.814236
vt 0.786763 0.811775
vt 0.785640 0.814386
vt 0.782194 0.806891
vt 0.783300 0.804291
vt 0.787002 0.807142
vt 0.787098 0.809464
vt 0.781852 0.809191
vt 0.781934 0.811524
vt 0.784643 0.806175
vt 0.785560 0.807497
vt 0.785363 0.811241
vt 0.784303 0.812470
vt 0.783384 0.811138
vt 0.783126 0.809243
vt 0.783590 0.807394
vt 0.785825 0.809383
vt 0.784475 0.809315
vt 0.723979 0.509119
vt 0.710348 0.509002
vt 0.722864 0.513267
vt 0.705825 0.501085
vt 0.708949 0.499138
vt 0.702160 0.521439
vt 0.701132 0.519613
vt 0.720611 0.517166
vt 0.712197 0.497984
vt 0.700554 0.517190
vt 0.717332 0.520258
vt 0.715291 0.497639
vt 0.700324 0.514203
vt 0.713534 0.522286
vt 0.717824 0.497725
vt 0.719819 0.498263
vt 0.721506 0.499564
vt 0.700537 0.510798
vt 0.709772 0.523287
vt 0.722966 0.501872
vt 0.701393 0.507207
vt 0.706460 0.523370
vt 0.723979 0.505183
vt 0.703162 0.503821
vt 0.703890 0.522705
vt 0.789814 0.813039
vt 0.789036 0.816065
vt 0.788512 0.813678
vt 0.779212 0.815554
vt 0.778768 0.812463
vt 0.779991 0.813235
vt 0.783644 0.797081
vt 0.785135 0.796736
vt 0.785035 0.798658
vt 0.783225 0.799454
vt 0.790203 0.809749
vt 0.789109 0.809622
vt 0.779989 0.818260
vt 0.780792 0.816802
vt 0.782183 0.798266
vt 0.790203 0.806444
vt 0.788959 0.805535
vt 0.781023 0.820508
vt 0.782118 0.819319
vt 0.780847 0.800224
vt 0.781578 0.801617
vt 0.789818 0.803346
vt 0.782293 0.821962
vt 0.785203 0.822114
vt 0.783717 0.822507
vt 0.783835 0.820434
vt 0.785688 0.819504
vt 0.779790 0.802822
vt 0.780416 0.805090
vt 0.789036 0.800652
vt 0.788165 0.801960
vt 0.786650 0.820800
vt 0.779084 0.805863
vt 0.787911 0.798565
vt 0.786752 0.799638
vt 0.787957 0.818673
vt 0.787322 0.817139
vt 0.778735 0.809151
vt 0.779836 0.809139
vt 0.786582 0.797234
vt 0.786174 0.804441
vt 0.784798 0.803203
vt 0.782765 0.814236
vt 0.784138 0.815472
vt 0.785640 0.814386
vt 0.786763 0.811775
vt 0.783300 0.804291
vt 0.782194 0.806891
vt 0.787098 0.809464
vt 0.787002 0.807142
vt 0.781852 0.809191
vt 0.781934 0.811524
vt 0.785560 0.807497
vt 0.784643 0.806175
vt 0.784303 0.812470
vt 0.785363 0.811241
vt 0.783384 0.811138
vt 0.783590 0.807394
vt 0.783126 0.809243
vt 0.785825 0.809383
vt 0.784475 0.809315
vt 0.723979 0.509119
vt 0.722864 0.513267
vt 0.710348 0.509002
vt 0.705825 0.501085
vt 0.708949 0.499138
vt 0.702160 0.521439
vt 0.701132 0.519613
vt 0.720611 0.517166
vt 0.712197 0.497984
vt 0.700554 0.517190
vt 0.717332 0.520258
vt 0.715291 0.497639
vt 0.700324 0.514203
vt 0.713534 0.522286
vt 0.717824 0.497725
vt 0.719819 0.498263
vt 0.721506 0.499564
vt 0.700537 0.510798
vt 0.709772 0.523287
vt 0.722966 0.501872
vt 0.701393 0.507207
vt 0.706460 0.523370
vt 0.723979 0.505183
vt 0.703162 0.503821
vt 0.703890 0.522705
vn -0.9007 0.2029 0.3841
vn -0.1378 0.3737 0.9172
vn -0.8620 0.3533 0.3634
vn 0.9591 0.2802 -0.0389
vn 0.7644 0.2980 0.5718
vn 0.9910 0.1310 -0.0281
vn 0.4938 -0.8434 0.2115
vn 0.5874 -0.1485 0.7955
vn 0.3399 -0.1760 0.9238
vn 0.0261 -0.9370 0.3482
vn -0.9019 0.0962 0.4211
vn -0.1857 0.2330 0.9546
vn 0.8862 0.4622 -0.0306
vn 0.6409 0.4393 0.6294
vn 0.7810 -0.6116 0.1262
vn -0.9042 -0.0208 0.4265
vn -0.1769 0.0819 0.9808
vn 0.7660 0.6334 -0.1097
vn 0.5032 0.5469 0.6691
vn 0.9058 -0.4117 0.1003
vn 0.7238 -0.0799 0.6854
vn -0.8769 -0.1698 0.4495
vn 0.4756 0.8610 -0.1800
vn -0.4412 0.8954 0.0603
vn 0.1553 0.5773 0.8016
vn 0.3305 0.5920 0.7350
vn -0.0074 0.9912 -0.1316
vn 0.9655 -0.2560 0.0485
vn 0.7934 0.0027 0.6087
vn -0.8052 -0.3368 0.4880
vn -0.0866 -0.0140 0.9961
vn -0.6816 0.6940 0.2319
vn 0.9934 -0.1129 0.0170
vn -0.6902 -0.5359 0.4862
vn 0.0770 -0.1070 0.9912
vn -0.7705 0.5379 0.3421
vn 0.0113 0.4932 0.8698
vn 0.9998 0.0140 0.0078
vn 0.8039 0.1510 0.5752
vn -0.4209 -0.7829 0.4581
vn 0.3608 0.0432 0.9316
vn 0.2276 0.0865 0.9699
vn 0.3522 0.4424 0.8247
vn 0.4515 0.3715 0.8112
vn 0.1884 0.3234 0.9273
vn 0.2608 0.3876 0.8842
vn 0.5462 0.1296 0.8276
vn 0.4900 0.0651 0.8693
vn 0.1677 0.1606 0.9727
vn 0.1610 0.2493 0.9549
vn 0.5520 0.2168 0.8052
vn 0.5241 0.2952 0.7988
vn 0.3642 0.1315 0.9220
vn 0.3222 0.1897 0.9275
vn 0.3235 0.2992 0.8976
vn 0.3613 0.3291 0.8724
vn 0.4016 0.2926 0.8678
vn 0.4143 0.2428 0.8771
vn 0.4069 0.1828 0.8950
vn 0.3134 0.2512 0.9158
vn 0.3644 0.2487 0.8974
vn -0.0457 -0.2413 -0.9693
vn 0.8947 0.2383 0.3778
vn 0.8499 0.3871 0.3574
vn 0.1294 0.3790 0.9163
vn -0.9697 0.2422 -0.0322
vn -0.9955 0.0919 -0.0212
vn -0.7715 0.2677 0.5771
vn -0.4587 -0.8622 0.2148
vn 0.0132 -0.9373 0.3482
vn -0.3263 -0.1891 0.9261
vn -0.5756 -0.1714 0.7996
vn 0.9003 0.1317 0.4148
vn 0.1830 0.2403 0.9533
vn -0.9039 0.4270 -0.0244
vn -0.6533 0.4139 0.6339
vn -0.7554 -0.6418 0.1316
vn 0.9073 0.0148 0.4202
vn 0.1804 0.0889 0.9796
vn -0.7910 0.6028 -0.1043
vn -0.5197 0.5267 0.6727
vn -0.8881 -0.4470 0.1065
vn -0.7153 -0.1082 0.6903
vn 0.8860 -0.1351 0.4434
vn -0.5104 0.8416 -0.1765
vn 0.4060 0.9121 0.0574
vn -0.0325 0.9908 -0.1315
vn -0.3485 0.5786 0.7374
vn -0.1724 0.5708 0.8028
vn -0.9543 -0.2938 0.0552
vn -0.7886 -0.0284 0.6142
vn 0.8212 -0.3048 0.4823
vn 0.0940 -0.0104 0.9955
vn 0.6553 0.7203 0.2272
vn -0.9881 -0.1520 0.0239
vn 0.7141 -0.5082 0.4813
vn -0.0658 -0.1098 0.9918
vn 0.7510 0.5679 0.3368
vn -0.0247 0.4925 0.8700
vn -0.9995 -0.0254 0.0147
vn -0.8052 0.1193 0.5808
vn 0.4546 -0.7656 0.4551
vn -0.2241 0.0776 0.9715
vn -0.3557 0.0291 0.9341
vn -0.4602 0.3536 0.8144
vn -0.3637 0.4283 0.8272
vn -0.2697 0.3771 0.8860
vn -0.1945 0.3158 0.9286
vn -0.4861 0.0459 0.8726
vn -0.5451 0.1081 0.8314
vn -0.1640 0.2429 0.9561
vn -0.1671 0.1540 0.9738
vn -0.5545 0.1950 0.8090
vn -0.5298 0.2745 0.8025
vn -0.3229 0.1770 0.9297
vn -0.3627 0.1172 0.9245
vn -0.3679 0.3148 0.8749
vn -0.3288 0.2864 0.8999
vn -0.4068 0.2767 0.8706
vn -0.4076 0.1667 0.8978
vn -0.4175 0.2264 0.8800
vn -0.3167 0.2388 0.9180
vn -0.3676 0.2343 0.9000
vn 0.0485 -0.2395 -0.9697
usemtl cow_texture
s 1
f 1243/1452/1226 1266/1453/1227 1242/1454/1228
f 1258/1455/1229 1276/1456/1230 1257/1457/1231
f 1251/1458/1232 1272/1459/1233 1271/1460/1234 1250/1461/1235
f 1244/1462/1236 1267/1463/1237 1266/1453/1227 1243/1452/1226
f 1259/1464/1238 1277/1465/1239 1276/1456/1230 1258/1455/1229
f 1252/1466/1240 1272/1459/1233 1251/1458/1232
f 1245/1467/1241 1268/1468/1242 1267/1463/1237 1244/1462/1236
f 1260/1469/1243 1278/1470/1244 1277/1465/1239 1259/1464/1238
f 1253/1471/1245 1273/1472/1246 1272/1459/1233 1252/1466/1240
f 1246/1473/1247 1268/1468/1242 1245/1467/1241
f 1261/1474/1248 1278/1470/1244 1260/1469/1243
f 1239/1475/1249 1264/1476/1250 1263/1477/1251 1238/1478/1252
f 1254/1479/1253 1274/1480/1254 1273/1472/1246 1253/1471/1245
f 1247/1481/1255 1269/1482/1256 1268/1468/1242 1246/1473/1247
f 1238/1478/1252 1263/1477/1251 1278/1470/1244 1261/1474/1248
f 1240/1483/1257 1264/1476/1250 1239/1475/1249
f 1255/1484/1258 1274/1480/1254 1254/1479/1253
f 1248/1485/1259 1270/1486/1260 1269/1482/1256 1247/1481/1255
f 1241/1487/1261 1265/1488/1262 1264/1476/1250 1240/1483/1257
f 1256/1489/1263 1275/1490/1264 1274/1480/1254 1255/1484/1258
f 1249/1491/1265 1270/1486/1260 1248/1485/1259
f 1242/1454/1228 1266/1453/1227 1265/1488/1262 1241/1487/1261
f 1257/1457/1231 1276/1456/1230 1275/1490/1264 1256/1489/1263
f 1250/1461/1235 1271/1460/1234 1270/1486/1260 1249/1491/1265
f 1271/1460/1234 1285/1492/1266 1284/1493/1267 1270/1486/1260
f 1263/1477/1251 1279/1494/1268 1290/1495/1269 1278/1470/1244
f 1266/1453/1227 1281/1496/1270 1280/1497/1271 1265/1488/1262
f 1265/1488/1262 1280/1497/1271 1264/1476/1250
f 1274/1480/1254 1287/1498/1272 1286/1499/1273 1273/1472/1246
f 1268/1468/1242 1283/1500/1274 1282/1501/1275 1267/1463/1237
f 1275/1490/1264 1288/1502/1276 1287/1498/1272 1274/1480/1254
f 1273/1472/1246 1286/1499/1273 1272/1459/1233
f 1276/1456/1230 1289/1503/1277 1288/1502/1276 1275/1490/1264
f 1267/1463/1237 1282/1501/1275 1281/1496/1270 1266/1453/1227
f 1270/1486/1260 1284/1493/1267 1269/1482/1256
f 1278/1470/1244 1290/1495/1269 1277/1465/1239
f 1277/1465/1239 1290/1495/1269 1289/1503/1277 1276/1456/1230
f 1272/1459/1233 1286/1499/1273 1285/1492/1266 1271/1460/1234
f 1269/1482/1256 1284/1493/1267 1283/1500/1274 1268/1468/1242
f 1264/1476/1250 1280/1497/1271 1279/1494/1268 1263/1477/1251
f 1285/1492/1266 1295/1504/1278 1294/1505/1279 1284/1493/1267
f 1280/1497/1271 1292/1506/1280 1291/1507/1281 1279/1494/1268
f 1290/1495/1269 1298/1508/1282 1289/1503/1277
f 1288/1502/1276 1297/1509/1283 1296/1510/1284 1287/1498/1272
f 1281/1496/1270 1292/1506/1280 1280/1497/1271
f 1283/1500/1274 1294/1505/1279 1293/1511/1285 1282/1501/1275
f 1286/1499/1273 1296/1510/1284 1295/1504/1278 1285/1492/1266
f 1279/1494/1268 1291/1507/1281 1298/1508/1282 1290/1495/1269
f 1284/1493/1267 1294/1505/1279 1283/1500/1274
f 1282/1501/1275 1293/1511/1285 1292/1506/1280 1281/1496/1270
f 1287/1498/1272 1296/1510/1284 1286/1499/1273
f 1289/1503/1277 1298/1508/1282 1297/1509/1283 1288/1502/1276
f 1262/1512/1286 1295/1504/1278 1296/1510/1284 1297/1509/1283
f 1291/1507/1281 1262/1512/1286 1297/1509/1283 1298/1508/1282
f 1292/1506/1280 1293/1511/1285 1262/1512/1286 1291/1507/1281
f 1293/1511/1285 1294/1505/1279 1295/1504/1278 1262/1512/1286
f 1242/1513/1228 1299/1514/1287 1243/1515/1226
f 1257/1516/1231 1299/1514/1287 1258/1517/1229
f 1250/1518/1235 1299/1514/1287 1251/1519/1232
f 1243/1515/1226 1299/1514/1287 1244/1520/1236
f 1258/1517/1229 1299/1514/1287 1259/1521/1238
f 1251/1519/1232 1299/1514/1287 1252/1522/1240
f 1244/1520/1236 1299/1514/1287 1245/1523/1241
f 1259/1521/1238 1299/1514/1287 1260/1524/1243
f 1252/1522/1240 1299/1514/1287 1253/1525/1245
f 1245/1523/1241 1299/1514/1287 1246/1526/1247
f 1260/1524/1243 1299/1514/1287 1261/1527/1248
f 1238/1528/1252 1299/1514/1287 1239/1529/1249
f 1253/1525/1245 1299/1514/1287 1254/1530/1253
f 1246/1526/1247 1299/1514/1287 1247/1531/1255
f 1261/1527/1248 1299/1514/1287 1238/1528/1252
f 1239/1529/1249 1299/1514/1287 1240/1532/1257
f 1254/1530/1253 1299/1514/1287 1255/1533/1258
f 1247/1531/1255 1299/1514/1287 1248/1534/1259
f 1240/1532/1257 1299/1514/1287 1241/1535/1261
f 1255/1533/1258 1299/1514/1287 1256/1536/1263
f 1248/1534/1259 1299/1514/1287 1249/1537/1265
f 1241/1535/1261 1299/1514/1287 1242/1513/1228
f 1256/1536/1263 1299/1514/1287 1257/1516/1231
f 1249/1537/1265 1299/1514/1287 1250/1518/1235
f 1305/1538/1288 1304/1539/1289 1328/1540/1290
f 1320/1541/1291 1319/1542/1292 1338/1543/1293
f 1313/1544/1294 1312/1545/1295 1333/1546/1296 1334/1547/1297
f 1306/1548/1298 1305/1538/1288 1328/1540/1290 1329/1549/1299
f 1321/1550/1300 1320/1541/1291 1338/1543/1293 1339/1551/1301
f 1314/1552/1302 1313/1544/1294 1334/1547/1297
f 1307/1553/1303 1306/1548/1298 1329/1549/1299 1330/1554/1304
f 1322/1555/1305 1321/1550/1300 1339/1551/1301 1340/1556/1306
f 1315/1557/1307 1314/1552/1302 1334/1547/1297 1335/1558/1308
f 1308/1559/1309 1307/1553/1303 1330/1554/1304
f 1323/1560/1310 1322/1555/1305 1340/1556/1306
f 1301/1561/1311 1300/1562/1312 1325/1563/1313 1326/1564/1314
f 1316/1565/1315 1315/1557/1307 1335/1558/1308 1336/1566/1316
f 1309/1567/1317 1308/1559/1309 1330/1554/1304 1331/1568/1318
f 1300/1562/1312 1323/1560/1310 1340/1556/1306 1325/1563/1313
f 1302/1569/1319 1301/1561/1311 1326/1564/1314
f 1317/1570/1320 1316/1565/1315 1336/1566/1316
f 1310/1571/1321 1309/1567/1317 1331/1568/1318 1332/1572/1322
f 1303/1573/1323 1302/1569/1319 1326/1564/1314 1327/1574/1324
f 1318/1575/1325 1317/1570/1320 1336/1566/1316 1337/1576/1326
f 1311/1577/1327 1310/1571/1321 1332/1572/1322
f 1304/1539/1289 1303/1573/1323 1327/1574/1324 1328/1540/1290
f 1319/1542/1292 1318/1575/1325 1337/1576/1326 1338/1543/1293
f 1312/1545/1295 1311/1577/1327 1332/1572/1322 1333/1546/1296
f 1333/1546/1296 1332/1572/1322 1346/1578/1328 1347/1579/1329
f 1325/1563/1313 1340/1556/1306 1352/1580/1330 1341/1581/1331
f 1328/1540/1290 1327/1574/1324 1342/1582/1332 1343/1583/1333
f 1327/1574/1324 1326/1564/1314 1342/1582/1332
f 1336/1566/1316 1335/1558/1308 1348/1584/1334 1349/1585/1335
f 1330/1554/1304 1329/1549/1299 1344/1586/1336 1345/1587/1337
f 1337/1576/1326 1336/1566/1316 1349/1585/1335 1350/1588/1338
f 1335/1558/1308 1334/1547/1297 1348/1584/1334
f 1338/1543/1293 1337/1576/1326 1350/1588/1338 1351/1589/1339
f 1329/1549/1299 1328/1540/1290 1343/1583/1333 1344/1586/1336
f 1332/1572/1322 1331/1568/1318 1346/1578/1328
f 1340/1556/1306 1339/1551/1301 1352/1580/1330
f 1339/1551/1301 1338/1543/1293 1351/1589/1339 1352/1580/1330
f 1334/1547/1297 1333/1546/1296 1347/1579/1329 1348/1584/1334
f 1331/1568/1318 1330/1554/1304 1345/1587/1337 1346/1578/1328
f 1326/1564/1314 1325/1563/1313 1341/1581/1331 1342/1582/1332
f 1347/1579/1329 1346/1578/1328 1356/1590/1340 1357/1591/1341
f 1342/1582/1332 1341/1581/1331 1353/1592/1342 1354/1593/1343
f 1352/1580/1330 1351/1589/1339 1360/1594/1344
f 1350/1588/1338 1349/1585/1335 1358/1595/1345 1359/1596/1346
f 1343/1583/1333 1342/1582/1332 1354/1593/1343
f 1345/1587/1337 1344/1586/1336 1355/1597/1347 1356/1590/1340
f 1348/1584/1334 1347/1579/1329 1357/1591/1341 1358/1595/1345
f 1341/1581/1331 1352/1580/1330 1360/1594/1344 1353/1592/1342
f 1346/1578/1328 1345/1587/1337 1356/1590/1340
f 1344/1586/1336 1343/1583/1333 1354/1593/1343 1355/1597/1347
f 1349/1585/1335 1348/1584/1334 1358/1595/1345
f 1351/1589/1339 1350/1588/1338 1359/1596/1346 1360/1594/1344
f 1324/1598/1348 1359/1596/1346 1358/1595/1345 1357/1591/1341
f 1353/1592/1342 1360/1594/1344 1359/1596/1346 1324/1598/1348
f 1354/1593/1343 1353/1592/1342 1324/1598/1348 1355/1597/1347
f 1355/1597/1347 1324/1598/1348 1357/1591/1341 1356/1590/1340
f 1304/1599/1289 1305/1600/1288 1361/1601/1349
f 1319/1602/1292 1320/1603/1291 1361/1601/1349
f 1312/1604/1295 1313/1605/1294 1361/1601/1349
f 1305/1600/1288 1306/1606/1298 1361/1601/1349
f 1320/1603/1291 1321/1607/1300 1361/1601/1349
f 1313/1605/1294 1314/1608/1302 1361/1601/1349
f 1306/1606/1298 1307/1609/1303 1361/1601/1349
f 1321/1607/1300 1322/1610/1305 1361/1601/1349
f 1314/1608/1302 1315/1611/1307 1361/1601/1349
f 1307/1609/1303 1308/1612/1309 1361/1601/1349
f 1322/1610/1305 1323/1613/1310 1361/1601/1349
f 1300/1614/1312 1301/1615/1311 1361/1601/1349
f 1315/1611/1307 1316/1616/1315 1361/1601/1349
f 1308/1612/1309 1309/1617/1317 1361/1601/1349
f 1323/1613/1310 1300/1614/1312 1361/1601/1349
f 1301/1615/1311 1302/1618/1319 1361/1601/1349
f 1316/1616/1315 1317/1619/1320 1361/1601/1349
f 1309/1617/1317 1310/1620/1321 1361/1601/1349
f 1302/1618/1319 1303/1621/1323 1361/1601/1349
f 1317/1619/1320 1318/1622/1325 1361/1601/1349
f 1310/1620/1321 1311/1623/1327 1361/1601/1349
f 1303/1621/1323 1304/1599/1289 1361/1601/1349
f 1318/1622/1325 1319/1602/1292 1361/1601/1349
f 1311/1623/1327 1312/1604/1295 1361/1601/1349
o Susu_Cube.005
v 0.199072 -0.842866 -0.022264
v 0.201486 -0.847873 -0.640649
v 0.222107 -0.903207 -0.221164
v 0.275036 -0.481680 -0.718363
v 0.257152 -0.861957 -0.555499
v 0.275036 -0.481680 0.087730
v 0.256654 -0.862269 -0.114367
v 0.449733 -0.481680 -0.335821
v 0.417865 -0.481680 -0.106280
v 0.417865 -0.481680 -0.559728
v 0.225031 -0.716528 0.035277
v 0.093016 -0.874438 -0.015994
v 0.318499 -0.745817 -0.113409
v 0.222816 -0.899916 -0.449259
v 0.055623 -0.923714 -0.110754
v 0.092341 -0.934989 -0.221880
v 0.225698 -0.717779 -0.686674
v 0.300523 -0.801412 -0.335701
v 0.094263 -0.883519 -0.643121
v 0.318607 -0.745739 -0.554942
v 0.056754 -0.926677 -0.558032
v 0.096118 -0.937449 -0.449139
v 0.126815 -1.017034 -0.165762
v 0.119452 -1.026618 -0.115585
v 0.192091 -1.015870 -0.116634
v 0.129473 -1.001626 -0.069933
v 0.128388 -1.005033 -0.599605
v 0.119658 -1.027359 -0.555419
v 0.192424 -1.015793 -0.554688
v 0.129698 -1.017958 -0.504172
v 0.177498 -0.992762 -0.071218
v 0.181913 -1.010278 -0.165686
v 0.177353 -0.994641 -0.599401
v 0.183803 -1.009046 -0.504241
v -0.199072 -0.842866 -0.022264
v -0.201486 -0.847873 -0.640649
v -0.222107 -0.903207 -0.221164
v -0.000000 -0.773025 -0.709135
v -0.275036 -0.481680 -0.718363
v -0.257152 -0.861957 -0.555499
v -0.275036 -0.481680 0.087730
v 0.000000 -0.770548 0.068218
v -0.256654 -0.862269 -0.114367
v -0.000000 -0.920985 -0.335789
v -0.449733 -0.481680 -0.335821
v 0.000000 -0.481680 -0.774420
v -0.417865 -0.481680 -0.106280
v 0.000000 -0.481680 0.187935
v -0.000000 -0.898891 -0.107675
v 0.000000 -0.900373 -0.559275
v -0.417865 -0.481680 -0.559728
v -0.225031 -0.716528 0.035277
v -0.093016 -0.874438 -0.015994
v -0.318499 -0.745817 -0.113409
v -0.222816 -0.899916 -0.449259
v -0.055623 -0.923714 -0.110754
v -0.092341 -0.934989 -0.221880
v -0.225698 -0.717779 -0.686674
v -0.300523 -0.801412 -0.335701
v -0.094263 -0.883519 -0.643121
v -0.318607 -0.745739 -0.554942
v -0.056754 -0.926677 -0.558032
v -0.096118 -0.937449 -0.449139
v -0.126815 -1.017034 -0.165762
v -0.119452 -1.026618 -0.115585
v -0.192091 -1.015870 -0.116634
v -0.129473 -1.001626 -0.069933
v -0.128387 -1.005033 -0.599605
v -0.119658 -1.027359 -0.555419
v -0.192424 -1.015793 -0.554688
v -0.129698 -1.017958 -0.504172
v -0.177498 -0.992762 -0.071218
v -0.181913 -1.010278 -0.165686
v -0.177353 -0.994641 -0.599401
v -0.183803 -1.009046 -0.504241
v 0.129195 -0.729126 -0.713995
v 0.247775 -0.612195 -0.703843
v 0.328982 -0.762449 -0.457506
v 0.286603 -0.727738 -0.632651
v 0.247692 -0.612039 0.061923
v 0.128599 -0.727124 0.072597
v 0.286172 -0.727181 -0.028768
v 0.329052 -0.763064 -0.213574
v 0.161226 -0.881100 -0.335681
v 0.386941 -0.642907 -0.335809
v 0.148125 -0.481680 -0.760261
v -0.000000 -0.623609 -0.749514
v 0.443350 -0.481680 -0.218724
v 0.364208 -0.481680 -0.002931
v 0.364410 -0.630362 -0.110517
v 0.148125 -0.481680 0.158630
v 0.000000 -0.623337 0.135240
v 0.060782 -0.935645 -0.173352
v 0.114317 -0.947484 -0.048573
v 0.064726 -0.900796 -0.053919
v 0.065409 -0.906999 -0.609587
v 0.086117 -0.975036 -0.113361
v 0.063554 -0.938292 -0.497659
v 0.364208 -0.481680 -0.650204
v 0.443350 -0.481680 -0.452214
v 0.364423 -0.630352 -0.556754
v 0.144080 -0.853090 -0.005890
v 0.237745 -0.847343 -0.060649
v 0.254546 -0.882007 -0.173969
v 0.156936 -0.922602 -0.238643
v -0.000000 -0.919577 -0.205490
v 0.000000 -0.855591 -0.019212
v 0.064863 -0.824131 0.021374
v 0.210059 -0.781583 0.007157
v 0.284822 -0.809585 -0.114187
v 0.250385 -0.857156 -0.261452
v 0.068922 -0.916411 -0.261704
v 0.027259 -0.901749 -0.108583
v 0.146184 -0.861190 -0.653531
v 0.254556 -0.879214 -0.496660
v 0.239370 -0.849572 -0.606321
v 0.159516 -0.922125 -0.431942
v -0.000000 -0.858462 -0.637742
v -0.000000 -0.920769 -0.465564
v 0.211944 -0.785181 -0.665063
v 0.066008 -0.830667 -0.673307
v 0.250604 -0.854877 -0.409512
v 0.285141 -0.809360 -0.554959
v 0.071292 -0.918130 -0.409748
v 0.028058 -0.903972 -0.558949
v 0.120828 -1.026587 -0.143448
v 0.155623 -1.044656 -0.116738
v 0.123161 -1.019947 -0.089441
v 0.122156 -1.021704 -0.581344
v 0.155753 -1.044740 -0.554707
v 0.122626 -1.027299 -0.526935
v 0.153562 -1.008519 -0.070605
v 0.186877 -1.009752 -0.090773
v 0.189359 -1.017738 -0.143884
v 0.153979 -1.022888 -0.166194
v 0.152628 -1.010830 -0.599995
v 0.190602 -1.016974 -0.526622
v 0.186686 -1.010433 -0.580797
v 0.156536 -1.022754 -0.503536
v 0.198780 -0.965216 -0.187747
v 0.111369 -0.980208 -0.188186
v 0.114243 -0.954173 -0.617024
v 0.086857 -0.977166 -0.556690
v 0.187786 -0.929068 -0.051173
v 0.226605 -0.941517 -0.555229
v 0.189007 -0.932747 -0.616558
v 0.226111 -0.941741 -0.115457
v 0.115003 -0.982028 -0.482094
v 0.200282 -0.962787 -0.482279
v -0.129195 -0.729126 -0.713995
v -0.247775 -0.612195 -0.703843
v -0.328982 -0.762449 -0.457506
v -0.286603 -0.727738 -0.632651
v -0.247692 -0.612039 0.061923
v -0.128599 -0.727124 0.072597
v -0.286172 -0.727181 -0.028768
v -0.329052 -0.763064 -0.213574
v -0.161226 -0.881100 -0.335681
v -0.386941 -0.642907 -0.335809
v -0.148125 -0.481680 -0.760261
v -0.443350 -0.481680 -0.218724
v -0.364208 -0.481680 -0.002931
v -0.364410 -0.630362 -0.110517
v -0.148125 -0.481680 0.158630
v -0.060782 -0.935645 -0.173352
v -0.114317 -0.947484 -0.048573
v -0.064726 -0.900796 -0.053919
v -0.065409 -0.906999 -0.609587
v -0.086117 -0.975036 -0.113361
v -0.063554 -0.938292 -0.497659
v -0.364208 -0.481680 -0.650204
v -0.443350 -0.481680 -0.452214
v -0.364423 -0.630352 -0.556754
v -0.144080 -0.853090 -0.005890
v -0.237745 -0.847343 -0.060649
v -0.254546 -0.882007 -0.173969
v -0.156936 -0.922602 -0.238643
v -0.064863 -0.824131 0.021374
v -0.210059 -0.781583 0.007157
v -0.284822 -0.809584 -0.114187
v -0.250385 -0.857156 -0.261452
v -0.068922 -0.916411 -0.261704
v -0.027259 -0.901749 -0.108583
v -0.146184 -0.861190 -0.653531
v -0.254556 -0.879214 -0.496660
v -0.239370 -0.849572 -0.606321
v -0.159516 -0.922125 -0.431942
v -0.211944 -0.785181 -0.665063
v -0.066008 -0.830667 -0.673307
v -0.250604 -0.854877 -0.409512
v -0.285141 -0.809360 -0.554959
v -0.071292 -0.918130 -0.409748
v -0.028058 -0.903971 -0.558949
v -0.120828 -1.026587 -0.143448
v -0.155623 -1.044656 -0.116738
v -0.123161 -1.019947 -0.089441
v -0.122156 -1.021704 -0.581344
v -0.155753 -1.044740 -0.554707
v -0.122626 -1.027299 -0.526935
v -0.153562 -1.008519 -0.070605
v -0.186877 -1.009752 -0.090773
v -0.189359 -1.017738 -0.143884
v -0.153979 -1.022888 -0.166194
v -0.152628 -1.010830 -0.599995
v -0.190602 -1.016974 -0.526622
v -0.186686 -1.010433 -0.580797
v -0.156536 -1.022754 -0.503536
v -0.198780 -0.965216 -0.187747
v -0.111368 -0.980208 -0.188186
v -0.114243 -0.954173 -0.617024
v -0.086857 -0.977166 -0.556690
v -0.187786 -0.929068 -0.051173
v -0.226605 -0.941517 -0.555229
v -0.189007 -0.932747 -0.616558
v -0.226111 -0.941741 -0.115457
v -0.115003 -0.982028 -0.482094
v -0.200282 -0.962787 -0.482279
v 0.135238 -0.616637 -0.739016
v 0.383697 -0.638305 -0.219119
v 0.322229 -0.619091 -0.015378
v 0.135168 -0.616390 0.115620
v 0.150046 -0.936740 -0.041222
v 0.093464 -0.967328 -0.592869
v 0.154602 -0.975852 -0.198825
v 0.093651 -0.962828 -0.074845
v 0.322283 -0.619160 -0.642182
v 0.383688 -0.638239 -0.451959
v 0.135554 -0.793245 0.031966
v 0.259738 -0.790284 -0.043858
v 0.287434 -0.830436 -0.194591
v 0.160087 -0.891488 -0.283340
v 0.032202 -0.919231 -0.192864
v 0.034304 -0.866497 -0.031816
v 0.137310 -0.799061 -0.684238
v 0.287268 -0.828449 -0.476277
v 0.260967 -0.791886 -0.620515
v 0.161576 -0.891160 -0.387794
v 0.034954 -0.871092 -0.627546
v 0.033987 -0.921184 -0.478226
v 0.154719 -1.042516 -0.139970
v 0.155346 -1.039513 -0.094473
v 0.154358 -1.040014 -0.577584
v 0.156234 -1.042500 -0.530397
v 0.214951 -0.934353 -0.591664
v 0.089895 -0.980921 -0.155535
v 0.214020 -0.932731 -0.077977
v 0.157545 -0.975507 -0.471103
v 0.092390 -0.982838 -0.515127
v 0.150673 -0.942623 -0.624785
v 0.222298 -0.953749 -0.156046
v 0.222945 -0.951726 -0.514498
v -0.135238 -0.616637 -0.739016
v -0.383697 -0.638305 -0.219119
v -0.322229 -0.619091 -0.015378
v -0.135168 -0.616390 0.115620
v -0.150047 -0.936740 -0.041222
v -0.093464 -0.967328 -0.592869
v -0.154602 -0.975852 -0.198825
v -0.093651 -0.962828 -0.074845
v -0.322283 -0.619160 -0.642182
v -0.383688 -0.638239 -0.451959
v -0.135554 -0.793245 0.031966
v -0.259738 -0.790284 -0.043858
v -0.287434 -0.830436 -0.194591
v -0.160087 -0.891488 -0.283340
v -0.032202 -0.919231 -0.192864
v -0.034304 -0.866497 -0.031816
v -0.137310 -0.799061 -0.684238
v -0.287268 -0.828449 -0.476277
v -0.260967 -0.791886 -0.620515
v -0.161576 -0.891160 -0.387794
v -0.034954 -0.871092 -0.627546
v -0.033987 -0.921184 -0.478226
v -0.154719 -1.042516 -0.139970
v -0.155346 -1.039513 -0.094473
v -0.154358 -1.040014 -0.577583
v -0.156234 -1.042500 -0.530397
v -0.214951 -0.934353 -0.591664
v -0.089895 -0.980921 -0.155535
v -0.214020 -0.932731 -0.077977
v -0.157545 -0.975507 -0.471103
v -0.092390 -0.982838 -0.515127
v -0.150673 -0.942623 -0.624785
v -0.222298 -0.953749 -0.156046
v -0.222945 -0.951726 -0.514498
vt 0.960874 0.367926
vt 0.954372 0.378670
vt 0.944306 0.372419
vt 0.950487 0.364930
vt 0.946481 0.390027
vt 0.936079 0.380896
vt 0.927057 0.372005
vt 0.936154 0.365848
vt 0.943320 0.360551
vt 0.940629 0.330756
vt 0.925299 0.332297
vt 0.924378 0.322573
vt 0.935594 0.321739
vt 0.910988 0.333779
vt 0.910569 0.322934
vt 0.911624 0.312186
vt 0.924442 0.313159
vt 0.934538 0.313785
vt 0.925771 0.304178
vt 0.934851 0.306371
vt 0.914355 0.301607
vt 0.919207 0.290711
vt 0.929403 0.295395
vt 0.937532 0.299527
vt 0.936175 0.286574
vt 0.943753 0.293368
vt 0.926382 0.279052
vt 0.934871 0.266919
vt 0.944908 0.277788
vt 0.953513 0.288311
vt 0.765405 0.800371
vt 0.768801 0.804192
vt 0.762083 0.811199
vt 0.759594 0.808678
vt 0.770853 0.808986
vt 0.763774 0.814318
vt 0.756694 0.819650
vt 0.755366 0.818205
vt 0.753784 0.816986
vt 0.770926 0.888535
vt 0.770832 0.893306
vt 0.764187 0.890244
vt 0.764482 0.886975
vt 0.770166 0.897996
vt 0.763430 0.893422
vt 0.756694 0.888849
vt 0.757542 0.887183
vt 0.758039 0.885414
vt 0.770564 0.830871
vt 0.767929 0.837008
vt 0.762583 0.832652
vt 0.764380 0.828692
vt 0.763936 0.842599
vt 0.759854 0.836182
vt 0.755773 0.829765
vt 0.757237 0.828295
vt 0.758195 0.826514
vt 0.771417 0.814048
vt 0.764513 0.817636
vt 0.771357 0.819331
vt 0.764766 0.821117
vt 0.758175 0.822904
vt 0.757609 0.821223
vt 0.931078 0.358773
vt 0.939497 0.354954
vt 0.920444 0.363409
vt 0.915878 0.354431
vt 0.928163 0.350888
vt 0.937856 0.348248
vt 0.926306 0.341960
vt 0.937392 0.340487
vt 0.912765 0.344446
vt 0.953217 0.302877
vt 0.948707 0.303062
vt 0.947274 0.298788
vt 0.953456 0.297852
vt 0.944829 0.305405
vt 0.942214 0.302742
vt 0.942885 0.309123
vt 0.940036 0.307936
vt 0.942938 0.313532
vt 0.940099 0.313832
vt 0.944812 0.317860
vt 0.941684 0.319902
vt 0.948619 0.320881
vt 0.946042 0.324475
vt 0.954029 0.321481
vt 0.953935 0.325281
vt 0.958683 0.319434
vt 0.961056 0.322667
vt 0.967308 0.328441
vt 0.954072 0.329565
vt 0.960367 0.315039
vt 0.962990 0.316479
vt 0.959486 0.309792
vt 0.961523 0.308947
vt 0.963560 0.308103
vt 0.966002 0.318173
vt 0.956972 0.305357
vt 0.958307 0.302050
vt 0.959611 0.298287
vt 0.949283 0.353687
vt 0.953543 0.354900
vt 0.952936 0.359250
vt 0.947267 0.356689
vt 0.958006 0.354275
vt 0.959131 0.359072
vt 0.950042 0.338870
vt 0.946998 0.342453
vt 0.943629 0.341065
vt 0.946985 0.335874
vt 0.946015 0.346881
vt 0.943231 0.347113
vt 0.946736 0.350856
vt 0.944224 0.352496
vt 0.959931 0.338678
vt 0.955087 0.337412
vt 0.954510 0.333770
vt 0.961913 0.335152
vt 0.961126 0.351752
vt 0.963016 0.354744
vt 0.962622 0.347648
vt 0.964816 0.348149
vt 0.967010 0.348650
vt 0.964957 0.358147
vt 0.962408 0.342667
vt 0.964878 0.340845
vt 0.967690 0.338705
vt 0.785556 0.844147
vt 0.785556 0.846457
vt 0.783794 0.846593
vt 0.783777 0.843695
vt 0.785556 0.848767
vt 0.783812 0.849490
vt 0.782094 0.849816
vt 0.782066 0.846675
vt 0.782038 0.843535
vt 0.780393 0.846669
vt 0.780366 0.843861
vt 0.780420 0.849478
vt 0.778773 0.848741
vt 0.778754 0.846610
vt 0.778735 0.844479
vt 0.778735 0.835354
vt 0.778769 0.833108
vt 0.780501 0.832975
vt 0.780431 0.835844
vt 0.778802 0.830861
vt 0.780570 0.830107
vt 0.782353 0.829728
vt 0.782271 0.832892
vt 0.782189 0.836057
vt 0.784106 0.832891
vt 0.784053 0.835809
vt 0.784159 0.829973
vt 0.785979 0.830592
vt 0.785979 0.832938
vt 0.785979 0.835284
vt 0.765696 0.907354
vt 0.762026 0.910126
vt 0.757092 0.901549
vt 0.759764 0.899602
vt 0.757870 0.911918
vt 0.754161 0.902921
vt 0.750453 0.893924
vt 0.752160 0.892972
vt 0.753832 0.891850
vt 0.771381 0.824930
vt 0.764913 0.824807
vt 0.758444 0.824684
vt 0.756276 0.796736
vt 0.761076 0.798093
vt 0.756602 0.807077
vt 0.753365 0.806022
vt 0.752129 0.816061
vt 0.750453 0.815307
vt 0.763938 0.865286
vt 0.767524 0.870889
vt 0.762236 0.875314
vt 0.759683 0.871779
vt 0.769864 0.877110
vt 0.763912 0.879338
vt 0.757961 0.881565
vt 0.756948 0.879739
vt 0.755429 0.878272
vt 0.770795 0.883111
vt 0.764525 0.883310
vt 0.758256 0.883508
vt 0.768461 0.903001
vt 0.761933 0.896722
vt 0.755405 0.890443
vt 0.759312 0.847018
vt 0.756691 0.838871
vt 0.754418 0.850717
vt 0.753341 0.841045
vt 0.752264 0.831374
vt 0.754070 0.830723
vt 0.754564 0.857437
vt 0.759474 0.860968
vt 0.756578 0.869150
vt 0.753201 0.867072
vt 0.753682 0.877333
vt 0.751838 0.876708
vt 0.950487 0.364930
vt 0.944306 0.372419
vt 0.943320 0.360551
vt 0.936154 0.365848
vt 0.927057 0.372005
vt 0.936079 0.380896
vt 0.940629 0.330756
vt 0.935594 0.321739
vt 0.924378 0.322573
vt 0.925299 0.332297
vt 0.934538 0.313785
vt 0.924442 0.313159
vt 0.911624 0.312186
vt 0.910569 0.322934
vt 0.910988 0.333779
vt 0.934851 0.306371
vt 0.925771 0.304178
vt 0.937532 0.299527
vt 0.929403 0.295395
vt 0.919207 0.290711
vt 0.914355 0.301607
vt 0.943753 0.293368
vt 0.936175 0.286574
vt 0.926382 0.279052
vt 0.765405 0.800371
vt 0.759594 0.808678
vt 0.762083 0.811199
vt 0.768801 0.804192
vt 0.753784 0.816986
vt 0.755366 0.818205
vt 0.756694 0.819650
vt 0.763774 0.814318
vt 0.770853 0.808986
vt 0.770926 0.888535
vt 0.764482 0.886975
vt 0.764187 0.890244
vt 0.770832 0.893306
vt 0.758039 0.885414
vt 0.757542 0.887183
vt 0.756694 0.888849
vt 0.763430 0.893422
vt 0.770166 0.897996
vt 0.770564 0.830871
vt 0.764380 0.828692
vt 0.762583 0.832652
vt 0.767929 0.837008
vt 0.758195 0.826514
vt 0.757237 0.828295
vt 0.755773 0.829765
vt 0.759854 0.836182
vt 0.763936 0.842599
vt 0.764513 0.817636
vt 0.771417 0.814048
vt 0.757609 0.821223
vt 0.758175 0.822904
vt 0.764766 0.821117
vt 0.771357 0.819331
vt 0.939497 0.354954
vt 0.931078 0.358773
vt 0.937856 0.348248
vt 0.928163 0.350888
vt 0.915878 0.354431
vt 0.920444 0.363409
vt 0.937392 0.340487
vt 0.926306 0.341960
vt 0.912765 0.344446
vt 0.953217 0.302877
vt 0.953456 0.297852
vt 0.947274 0.298788
vt 0.948707 0.303062
vt 0.942214 0.302742
vt 0.944829 0.305405
vt 0.940036 0.307936
vt 0.942885 0.309123
vt 0.940099 0.313832
vt 0.942938 0.313532
vt 0.941684 0.319902
vt 0.944812 0.317860
vt 0.946042 0.324475
vt 0.948619 0.320881
vt 0.953935 0.325281
vt 0.954029 0.321481
vt 0.954072 0.329565
vt 0.961056 0.322667
vt 0.958683 0.319434
vt 0.962990 0.316479
vt 0.960367 0.315039
vt 0.961523 0.308947
vt 0.959486 0.309792
vt 0.958307 0.302050
vt 0.956972 0.305357
vt 0.949283 0.353687
vt 0.947267 0.356689
vt 0.952936 0.359250
vt 0.953543 0.354900
vt 0.959131 0.359072
vt 0.958006 0.354275
vt 0.950042 0.338870
vt 0.946985 0.335874
vt 0.943629 0.341065
vt 0.946998 0.342453
vt 0.943231 0.347113
vt 0.946015 0.346881
vt 0.944224 0.352496
vt 0.946736 0.350856
vt 0.959931 0.338678
vt 0.961913 0.335152
vt 0.954510 0.333770
vt 0.955087 0.337412
vt 0.963016 0.354744
vt 0.961126 0.351752
vt 0.964816 0.348149
vt 0.962622 0.347648
vt 0.964878 0.340845
vt 0.962408 0.342667
vt 0.785556 0.844147
vt 0.783777 0.843695
vt 0.783794 0.846593
vt 0.785556 0.846457
vt 0.782038 0.843535
vt 0.782066 0.846675
vt 0.782094 0.849816
vt 0.783812 0.849490
vt 0.785556 0.848767
vt 0.780366 0.843861
vt 0.780393 0.846669
vt 0.778735 0.844479
vt 0.778754 0.846610
vt 0.778773 0.848741
vt 0.780420 0.849478
vt 0.778735 0.835354
vt 0.780431 0.835844
vt 0.780501 0.832975
vt 0.778769 0.833108
vt 0.782189 0.836057
vt 0.782271 0.832892
vt 0.782353 0.829728
vt 0.780570 0.830107
vt 0.778802 0.830861
vt 0.784053 0.835809
vt 0.784106 0.832891
vt 0.785979 0.835284
vt 0.785979 0.832938
vt 0.785979 0.830592
vt 0.784159 0.829973
vt 0.765696 0.907354
vt 0.759764 0.899602
vt 0.757093 0.901549
vt 0.762026 0.910126
vt 0.753832 0.891850
vt 0.752160 0.892972
vt 0.750453 0.893924
vt 0.754161 0.902921
vt 0.757870 0.911918
vt 0.764913 0.824807
vt 0.771381 0.824930
vt 0.758444 0.824684
vt 0.756276 0.796736
vt 0.753365 0.806022
vt 0.756602 0.807077
vt 0.761076 0.798093
vt 0.750453 0.815307
vt 0.752129 0.816061
vt 0.763938 0.865286
vt 0.759683 0.871779
vt 0.762236 0.875314
vt 0.767524 0.870889
vt 0.755429 0.878272
vt 0.756948 0.879739
vt 0.757961 0.881565
vt 0.763912 0.879337
vt 0.769864 0.877110
vt 0.764525 0.883310
vt 0.770795 0.883111
vt 0.758256 0.883508
vt 0.761933 0.896722
vt 0.768461 0.903001
vt 0.755405 0.890443
vt 0.756691 0.838871
vt 0.759312 0.847018
vt 0.754070 0.830723
vt 0.752264 0.831374
vt 0.753341 0.841045
vt 0.754418 0.850717
vt 0.754564 0.857437
vt 0.753201 0.867072
vt 0.756578 0.869150
vt 0.759474 0.860968
vt 0.751838 0.876708
vt 0.753682 0.877333
vn 0.0000 -0.4171 -0.9088
vn 0.0000 -0.2071 -0.9783
vn 0.1888 -0.2008 -0.9612
vn 0.1794 -0.3018 -0.9363
vn 0.0000 -0.1685 -0.9857
vn 0.2025 -0.1711 -0.9642
vn 0.4718 -0.2009 -0.8585
vn 0.4586 -0.2189 -0.8612
vn 0.4516 -0.2938 -0.8424
vn 0.7660 -0.6428 -0.0035
vn 0.9147 -0.4041 -0.0005
vn 0.9180 -0.3836 0.1005
vn 0.8740 -0.4819 0.0627
vn 0.9331 -0.3595 -0.0002
vn 0.9281 -0.3524 0.1199
vn 0.8924 -0.3292 0.3085
vn 0.8879 -0.3450 0.3043
vn 0.8655 -0.4091 0.2889
vn 0.7710 -0.3115 0.5553
vn 0.7451 -0.3790 0.5488
vn 0.7807 -0.2955 0.5506
vn 0.5742 -0.2835 0.7680
vn 0.5548 -0.3034 0.7747
vn 0.5154 -0.3780 0.7690
vn 0.2864 -0.3382 0.8964
vn 0.2496 -0.4248 0.8702
vn 0.3089 -0.3123 0.8983
vn 0.0000 -0.3344 0.9424
vn 0.0000 -0.3649 0.9310
vn 0.0000 -0.5331 0.8460
vn 0.4881 -0.4032 0.7741
vn 0.1913 -0.4519 0.8713
vn 0.1268 -0.3744 0.9185
vn 0.4940 -0.3412 0.7997
vn -0.1632 -0.5555 0.8153
vn -0.3128 -0.4464 0.8383
vn -0.3304 -0.4928 0.8050
vn 0.1050 -0.5316 0.8404
vn 0.4777 -0.4008 0.7817
vn -0.7276 -0.6533 -0.2092
vn -0.5732 -0.5900 -0.5686
vn -0.7200 -0.4780 -0.5031
vn -0.8412 -0.5266 -0.1224
vn -0.1986 -0.4847 -0.8518
vn -0.3274 -0.4031 -0.8545
vn -0.3408 -0.4743 -0.8117
vn -0.5642 -0.6709 -0.4811
vn -0.6597 -0.7471 -0.0816
vn -0.2553 -0.8188 -0.5141
vn 0.1965 -0.7268 -0.6581
vn 0.1023 -0.5796 -0.8084
vn -0.4250 -0.6229 -0.6567
vn 0.6100 -0.6366 -0.4718
vn 0.5865 -0.5365 -0.6066
vn 0.5222 -0.6029 -0.6032
vn 0.0824 -0.7283 -0.6803
vn -0.3999 -0.6706 -0.6248
vn -0.5476 -0.6269 0.5541
vn -0.7059 -0.4936 0.5080
vn -0.7167 -0.6607 0.2231
vn -0.8364 -0.5258 0.1546
vn -0.6607 -0.7410 0.1201
vn -0.5522 -0.6648 0.5030
vn 0.7330 -0.2792 -0.6203
vn 0.7255 -0.3430 -0.5967
vn 0.7407 -0.2660 -0.6168
vn 0.8859 -0.3234 -0.3325
vn 0.8823 -0.3387 -0.3267
vn 0.8646 -0.4026 -0.3005
vn 0.9176 -0.3836 -0.1038
vn 0.8723 -0.4847 -0.0648
vn 0.9278 -0.3520 -0.1237
vn 0.2332 -0.4996 0.8343
vn 0.0028 -0.6265 0.7794
vn 0.4841 -0.4465 0.7525
vn 0.7428 -0.3887 0.5451
vn 0.7172 -0.4349 0.5445
vn 0.8744 -0.4119 0.2565
vn 0.8432 -0.4581 0.2814
vn 0.8603 -0.5030 -0.0821
vn 0.8302 -0.5572 0.0132
vn 0.6261 -0.7396 -0.2468
vn 0.3105 -0.8791 -0.3616
vn 0.0504 -0.9758 -0.2126
vn 0.0000 -1.0000 0.0074
vn 0.3608 -0.9326 0.0011
vn -0.6392 -0.7583 -0.1281
vn -0.2194 -0.9753 0.0229
vn -0.3372 -0.8900 0.3067
vn 0.0000 -0.9457 0.3250
vn 0.0000 -0.9969 0.0789
vn -0.2189 -0.7841 0.5807
vn 0.0000 -0.8019 0.5974
vn 0.4646 -0.3567 -0.8105
vn 0.1527 -0.3833 -0.9109
vn 0.1824 -0.4024 -0.8971
vn 0.4487 -0.3735 -0.8119
vn -0.0481 -0.5374 -0.8419
vn 0.6251 -0.6286 0.4627
vn 0.8610 -0.5006 0.0899
vn 0.8274 -0.5614 -0.0111
vn 0.6304 -0.7395 0.2360
vn 0.8798 -0.4086 -0.2427
vn 0.8470 -0.4523 -0.2791
vn 0.7442 -0.3693 -0.5565
vn 0.7140 -0.4006 -0.5742
vn -0.2427 -0.8130 0.5292
vn 0.2232 -0.7179 0.6593
vn 0.3250 -0.8730 0.3637
vn 0.0492 -0.9724 0.2281
vn -0.2678 -0.7379 -0.6195
vn -0.3658 -0.8772 -0.3109
vn 0.0000 -0.9404 -0.3401
vn 0.0000 -0.7590 -0.6510
vn -0.6363 -0.7578 0.1443
vn -0.2329 -0.9724 -0.0172
vn 0.0000 -0.9971 -0.0755
vn 0.0851 -0.9582 -0.2730
vn -0.5938 -0.7626 -0.2565
vn 0.7107 -0.6608 -0.2413
vn 0.7809 -0.6102 0.1334
vn 0.1044 -0.9881 0.1129
vn 0.1014 -0.8636 0.4939
vn 0.6772 -0.5385 0.5014
vn 0.0952 -0.5178 -0.8502
vn 0.0931 -0.8706 -0.4830
vn 0.4633 -0.3909 -0.7953
vn 0.6752 -0.5423 -0.4999
vn 0.7815 -0.6092 -0.1342
vn 0.1100 -0.9891 -0.0975
vn 0.1088 -0.9560 0.2723
vn -0.5805 -0.7659 0.2764
vn 0.7234 -0.6508 0.2304
vn 0.5496 -0.5901 0.5913
vn 0.1112 -0.7276 0.6769
vn -0.3842 -0.6746 0.6303
vn 0.7799 -0.3399 -0.5255
vn 0.4755 -0.3183 -0.8201
vn 0.9054 -0.3817 -0.1858
vn -0.7844 -0.5794 -0.2214
vn 0.7796 -0.3440 0.5233
vn 0.9022 -0.3833 0.1979
vn 0.1285 -0.5730 0.8094
vn 0.6082 -0.5224 0.5976
vn -0.4100 -0.6212 0.6678
vn -0.7754 -0.5816 0.2459
vn 0.1004 -0.3321 -0.9379
vn 0.8734 -0.4535 -0.1776
vn 0.8784 -0.4429 0.1795
vn -0.1794 -0.3018 -0.9363
vn -0.1888 -0.2008 -0.9612
vn -0.4516 -0.2938 -0.8424
vn -0.4586 -0.2189 -0.8612
vn -0.4718 -0.2009 -0.8585
vn -0.2025 -0.1711 -0.9642
vn -0.7660 -0.6428 -0.0035
vn -0.8740 -0.4819 0.0627
vn -0.9180 -0.3836 0.1005
vn -0.9147 -0.4041 -0.0005
vn -0.8655 -0.4091 0.2889
vn -0.8879 -0.3450 0.3043
vn -0.8924 -0.3292 0.3085
vn -0.9281 -0.3524 0.1199
vn -0.9331 -0.3595 -0.0002
vn -0.7451 -0.3790 0.5488
vn -0.7711 -0.3115 0.5553
vn -0.5154 -0.3780 0.7690
vn -0.5548 -0.3034 0.7747
vn -0.5742 -0.2835 0.7680
vn -0.7807 -0.2955 0.5506
vn -0.2496 -0.4248 0.8702
vn -0.2864 -0.3382 0.8964
vn -0.3089 -0.3123 0.8983
vn -0.4881 -0.4032 0.7741
vn -0.4940 -0.3412 0.7997
vn -0.1268 -0.3744 0.9185
vn -0.1913 -0.4519 0.8713
vn -0.4777 -0.4008 0.7817
vn -0.1050 -0.5316 0.8404
vn 0.3304 -0.4928 0.8050
vn 0.3128 -0.4464 0.8383
vn 0.1632 -0.5555 0.8153
vn 0.7276 -0.6533 -0.2092
vn 0.8412 -0.5266 -0.1224
vn 0.7200 -0.4780 -0.5031
vn 0.5732 -0.5900 -0.5686
vn 0.6597 -0.7471 -0.0816
vn 0.5642 -0.6709 -0.4811
vn 0.3408 -0.4743 -0.8117
vn 0.3274 -0.4031 -0.8545
vn 0.1986 -0.4847 -0.8518
vn 0.2553 -0.8188 -0.5141
vn 0.4250 -0.6229 -0.6567
vn -0.1023 -0.5796 -0.8084
vn -0.1965 -0.7268 -0.6581
vn 0.3999 -0.6706 -0.6248
vn -0.0824 -0.7283 -0.6803
vn -0.5222 -0.6029 -0.6032
vn -0.5865 -0.5365 -0.6066
vn -0.6100 -0.6366 -0.4718
vn 0.7059 -0.4936 0.5080
vn 0.5476 -0.6269 0.5541
vn 0.5522 -0.6648 0.5030
vn 0.6607 -0.7410 0.1201
vn 0.8364 -0.5258 0.1546
vn 0.7167 -0.6607 0.2231
vn -0.7255 -0.3430 -0.5967
vn -0.7330 -0.2792 -0.6203
vn -0.8646 -0.4026 -0.3005
vn -0.8823 -0.3387 -0.3267
vn -0.8859 -0.3234 -0.3325
vn -0.7407 -0.2660 -0.6168
vn -0.8723 -0.4847 -0.0648
vn -0.9176 -0.3836 -0.1038
vn -0.9278 -0.3520 -0.1237
vn -0.0028 -0.6265 0.7794
vn -0.2332 -0.4996 0.8343
vn -0.4841 -0.4465 0.7525
vn -0.7172 -0.4349 0.5445
vn -0.7428 -0.3887 0.5451
vn -0.8432 -0.4581 0.2814
vn -0.8744 -0.4119 0.2565
vn -0.8302 -0.5572 0.0132
vn -0.8603 -0.5030 -0.0821
vn -0.6261 -0.7396 -0.2468
vn -0.3105 -0.8791 -0.3616
vn -0.3608 -0.9326 0.0011
vn -0.0504 -0.9758 -0.2126
vn 0.2194 -0.9753 0.0229
vn 0.6392 -0.7583 -0.1281
vn 0.3372 -0.8900 0.3067
vn 0.2189 -0.7841 0.5807
vn -0.4646 -0.3567 -0.8105
vn -0.4487 -0.3735 -0.8119
vn -0.1824 -0.4024 -0.8971
vn -0.1527 -0.3833 -0.9109
vn 0.0481 -0.5374 -0.8419
vn -0.6251 -0.6286 0.4627
vn -0.6304 -0.7395 0.2360
vn -0.8274 -0.5614 -0.0111
vn -0.8610 -0.5006 0.0900
vn -0.8470 -0.4523 -0.2791
vn -0.8798 -0.4086 -0.2427
vn -0.7140 -0.4006 -0.5742
vn -0.7442 -0.3693 -0.5565
vn 0.2427 -0.8130 0.5292
vn -0.0492 -0.9724 0.2281
vn -0.3250 -0.8730 0.3637
vn -0.2232 -0.7179 0.6593
vn 0.2678 -0.7379 -0.6195
vn 0.3658 -0.8772 -0.3109
vn 0.2329 -0.9724 -0.0172
vn 0.6363 -0.7578 0.1443
vn 0.5938 -0.7626 -0.2565
vn -0.0851 -0.9582 -0.2730
vn -0.1044 -0.9881 0.1129
vn -0.7809 -0.6102 0.1334
vn -0.7107 -0.6608 -0.2413
vn -0.1014 -0.8636 0.4939
vn -0.6772 -0.5385 0.5014
vn -0.0931 -0.8706 -0.4830
vn -0.0952 -0.5178 -0.8502
vn -0.1100 -0.9891 -0.0975
vn -0.7815 -0.6092 -0.1342
vn -0.6752 -0.5423 -0.4999
vn -0.4633 -0.3909 -0.7953
vn 0.5805 -0.7659 0.2764
vn -0.1088 -0.9560 0.2723
vn 0.3842 -0.6746 0.6303
vn -0.1112 -0.7276 0.6769
vn -0.5496 -0.5901 0.5913
vn -0.7234 -0.6508 0.2304
vn -0.4755 -0.3183 -0.8201
vn -0.7799 -0.3399 -0.5255
vn -0.9054 -0.3817 -0.1858
vn 0.7844 -0.5794 -0.2214
vn -0.9022 -0.3833 0.1979
vn -0.7796 -0.3440 0.5233
vn -0.6082 -0.5224 0.5976
vn -0.1285 -0.5730 0.8094
vn 0.4100 -0.6212 0.6678
vn 0.7754 -0.5816 0.2459
vn -0.1004 -0.3321 -0.9379
vn -0.8734 -0.4535 -0.1776
vn -0.8784 -0.4429 0.1795
usemtl pinkish
s 1
f 1399/1624/1350 1448/1625/1351 1579/1626/1352 1437/1627/1353
f 1448/1625/1351 1407/1628/1354 1447/1629/1355 1579/1626/1352
f 1579/1626/1352 1447/1629/1355 1365/1630/1356 1438/1631/1357
f 1437/1627/1353 1579/1626/1352 1438/1631/1357 1378/1632/1358
f 1379/1633/1359 1446/1634/1360 1580/1635/1361 1444/1636/1362
f 1446/1634/1360 1369/1637/1363 1449/1638/1364 1580/1635/1361
f 1580/1635/1361 1449/1638/1364 1370/1639/1365 1451/1640/1366
f 1444/1636/1362 1580/1635/1361 1451/1640/1366 1374/1641/1367
f 1374/1641/1367 1451/1640/1366 1581/1642/1368 1443/1643/1369
f 1451/1640/1366 1370/1639/1365 1450/1644/1370 1581/1642/1368
f 1581/1642/1368 1450/1644/1370 1367/1645/1371 1441/1646/1372
f 1443/1643/1369 1581/1642/1368 1441/1646/1372 1372/1647/1373
f 1372/1647/1373 1441/1646/1372 1582/1648/1374 1442/1649/1375
f 1441/1646/1372 1367/1645/1371 1452/1650/1376 1582/1648/1374
f 1582/1648/1374 1452/1650/1376 1409/1651/1377 1453/1652/1378
f 1442/1649/1375 1582/1648/1374 1453/1652/1378 1403/1653/1379
f 1362/1654/1380 1463/1655/1381 1583/1656/1382 1505/1657/1383
f 1463/1655/1381 1373/1658/1384 1455/1659/1385 1583/1656/1382
f 1583/1656/1382 1455/1659/1385 1387/1660/1386 1493/1661/1387
f 1505/1657/1383 1583/1656/1382 1493/1661/1387 1392/1662/1388
f 1382/1663/1389 1457/1664/1390 1584/1665/1391 1504/1666/1392
f 1457/1664/1390 1380/1667/1393 1503/1668/1394 1584/1665/1391
f 1584/1665/1391 1503/1668/1394 1388/1669/1395 1490/1670/1396
f 1504/1666/1392 1584/1665/1391 1490/1670/1396 1389/1671/1397
f 1377/1672/1398 1466/1673/1399 1585/1674/1400 1502/1675/1401
f 1466/1673/1399 1364/1676/1402 1501/1677/1403 1585/1674/1400
f 1585/1674/1400 1501/1677/1403 1393/1678/1404 1496/1679/1405
f 1502/1675/1401 1585/1674/1400 1496/1679/1405 1384/1680/1406
f 1373/1658/1384 1456/1681/1407 1586/1682/1408 1455/1659/1385
f 1456/1681/1407 1376/1683/1409 1458/1684/1410 1586/1682/1408
f 1586/1682/1408 1458/1684/1410 1385/1685/1411 1489/1686/1412
f 1455/1659/1385 1586/1682/1408 1489/1686/1412 1387/1660/1386
f 1378/1632/1358 1438/1631/1357 1587/1687/1413 1440/1688/1414
f 1438/1631/1357 1365/1630/1356 1460/1689/1415 1587/1687/1413
f 1587/1687/1413 1460/1689/1415 1371/1690/1416 1462/1691/1417
f 1440/1688/1414 1587/1687/1413 1462/1691/1417 1381/1692/1418
f 1381/1692/1418 1462/1691/1417 1588/1693/1419 1439/1694/1420
f 1462/1691/1417 1371/1690/1416 1461/1695/1421 1588/1693/1419
f 1588/1693/1419 1461/1695/1421 1369/1637/1363 1446/1634/1360
f 1439/1694/1420 1588/1693/1419 1446/1634/1360 1379/1633/1359
f 1373/1696/1384 1463/1697/1381 1589/1698/1422 1469/1699/1423
f 1463/1697/1381 1362/1700/1380 1470/1701/1424 1589/1698/1422
f 1589/1698/1422 1470/1701/1424 1372/1647/1373 1442/1649/1375
f 1469/1699/1423 1589/1698/1422 1442/1649/1375 1403/1653/1379
f 1362/1700/1380 1464/1702/1425 1590/1703/1426 1470/1701/1424
f 1464/1702/1425 1368/1704/1427 1471/1705/1428 1590/1703/1426
f 1590/1703/1426 1471/1705/1428 1374/1641/1367 1443/1643/1369
f 1470/1701/1424 1590/1703/1426 1443/1643/1369 1372/1647/1373
f 1368/1704/1427 1465/1706/1429 1591/1707/1430 1471/1705/1428
f 1465/1706/1429 1364/1708/1402 1472/1709/1431 1591/1707/1430
f 1591/1707/1430 1472/1709/1431 1379/1633/1359 1444/1636/1362
f 1471/1705/1428 1591/1707/1430 1444/1636/1362 1374/1641/1367
f 1364/1708/1402 1466/1710/1399 1592/1711/1432 1472/1709/1431
f 1466/1710/1399 1377/1712/1398 1473/1713/1433 1592/1711/1432
f 1592/1711/1432 1473/1713/1433 1405/1714/1434 1445/1715/1435
f 1472/1709/1431 1592/1711/1432 1445/1715/1435 1379/1633/1359
f 1377/1712/1398 1454/1716/1436 1593/1717/1437 1473/1713/1433
f 1454/1716/1436 1376/1718/1409 1474/1719/1438 1593/1717/1437
f 1593/1717/1437 1474/1719/1438 1410/1720/1439 1467/1721/1440
f 1473/1713/1433 1593/1717/1437 1467/1721/1440 1405/1714/1434
f 1376/1718/1409 1456/1722/1407 1594/1723/1441 1474/1719/1438
f 1456/1722/1407 1373/1696/1384 1469/1699/1423 1594/1723/1441
f 1594/1723/1441 1469/1699/1423 1403/1653/1379 1468/1724/1442
f 1474/1719/1438 1594/1723/1441 1468/1724/1442 1410/1720/1439
f 1363/1725/1443 1475/1726/1444 1595/1727/1445 1481/1728/1446
f 1475/1726/1444 1380/1729/1393 1482/1730/1447 1595/1727/1445
f 1595/1727/1445 1482/1730/1447 1399/1624/1350 1437/1627/1353
f 1481/1728/1446 1595/1727/1445 1437/1627/1353 1378/1632/1358
f 1375/1731/1448 1476/1732/1449 1596/1733/1450 1483/1734/1451
f 1476/1732/1449 1366/1735/1452 1484/1736/1453 1596/1733/1450
f 1596/1733/1450 1484/1736/1453 1381/1692/1418 1439/1694/1420
f 1483/1734/1451 1596/1733/1450 1439/1694/1420 1379/1633/1359
f 1366/1735/1452 1477/1737/1454 1597/1738/1455 1484/1736/1453
f 1477/1737/1454 1363/1725/1443 1481/1728/1446 1597/1738/1455
f 1597/1738/1455 1481/1728/1446 1378/1632/1358 1440/1688/1414
f 1484/1736/1453 1597/1738/1455 1440/1688/1414 1381/1692/1418
f 1383/1739/1456 1478/1740/1457 1598/1741/1458 1485/1742/1459
f 1478/1740/1457 1375/1731/1448 1483/1734/1451 1598/1741/1458
f 1598/1741/1458 1483/1734/1451 1379/1633/1359 1445/1715/1435
f 1485/1742/1459 1598/1741/1458 1445/1715/1435 1405/1714/1434
f 1380/1729/1393 1457/1743/1390 1599/1744/1460 1482/1730/1447
f 1457/1743/1390 1382/1745/1389 1486/1746/1461 1599/1744/1460
f 1599/1744/1460 1486/1746/1461 1411/1747/1462 1479/1748/1463
f 1482/1730/1447 1599/1744/1460 1479/1748/1463 1399/1624/1350
f 1382/1745/1389 1459/1749/1464 1600/1750/1465 1486/1746/1461
f 1459/1749/1464 1383/1739/1456 1485/1742/1459 1600/1750/1465
f 1600/1750/1465 1485/1742/1459 1405/1714/1434 1480/1751/1466
f 1486/1746/1461 1600/1750/1465 1480/1751/1466 1411/1747/1462
f 1384/1752/1406 1496/1753/1405 1601/1754/1467 1487/1755/1468
f 1496/1753/1405 1393/1756/1404 1495/1757/1469 1601/1754/1467
f 1601/1754/1467 1495/1757/1469 1386/1758/1470 1488/1759/1471
f 1487/1755/1468 1601/1754/1467 1488/1759/1471 1385/1760/1411
f 1385/1760/1411 1488/1759/1471 1602/1761/1472 1489/1762/1412
f 1488/1759/1471 1386/1758/1470 1494/1763/1473 1602/1761/1472
f 1602/1761/1472 1494/1763/1473 1392/1764/1388 1493/1765/1387
f 1489/1762/1412 1602/1761/1472 1493/1765/1387 1387/1766/1386
f 1388/1767/1395 1497/1768/1474 1603/1769/1475 1490/1770/1396
f 1497/1768/1474 1394/1771/1476 1499/1772/1477 1603/1769/1475
f 1603/1769/1475 1499/1772/1477 1390/1773/1478 1491/1774/1479
f 1490/1770/1396 1603/1769/1475 1491/1774/1479 1389/1775/1397
f 1389/1775/1397 1491/1774/1479 1604/1776/1480 1492/1777/1481
f 1491/1774/1479 1390/1773/1478 1498/1778/1482 1604/1776/1480
f 1604/1776/1480 1498/1778/1482 1395/1779/1483 1500/1780/1484
f 1492/1777/1481 1604/1776/1480 1500/1780/1484 1391/1781/1485
f 1363/1782/1443 1477/1783/1454 1605/1784/1486 1507/1785/1487
f 1477/1783/1454 1366/1786/1452 1506/1787/1488 1605/1784/1486
f 1605/1784/1486 1506/1787/1488 1390/1788/1478 1499/1789/1477
f 1507/1785/1487 1605/1784/1486 1499/1789/1477 1394/1790/1476
f 1376/1683/1409 1454/1791/1436 1606/1792/1489 1458/1684/1410
f 1454/1791/1436 1377/1672/1398 1502/1675/1401 1606/1792/1489
f 1606/1792/1489 1502/1675/1401 1384/1680/1406 1487/1793/1468
f 1458/1684/1410 1606/1792/1489 1487/1793/1468 1385/1685/1411
f 1368/1794/1427 1464/1795/1425 1607/1796/1490 1508/1797/1491
f 1464/1795/1425 1362/1654/1380 1505/1657/1383 1607/1796/1490
f 1607/1796/1490 1505/1657/1383 1392/1662/1388 1494/1798/1473
f 1508/1797/1491 1607/1796/1490 1494/1798/1473 1386/1799/1470
f 1375/1800/1448 1478/1801/1457 1608/1802/1492 1510/1803/1493
f 1478/1801/1457 1383/1804/1456 1509/1805/1494 1608/1802/1492
f 1608/1802/1492 1509/1805/1494 1391/1806/1485 1500/1807/1484
f 1510/1803/1493 1608/1802/1492 1500/1807/1484 1395/1808/1483
f 1383/1804/1456 1459/1809/1464 1609/1810/1495 1509/1805/1494
f 1459/1809/1464 1382/1663/1389 1504/1666/1392 1609/1810/1495
f 1609/1810/1495 1504/1666/1392 1389/1671/1397 1492/1811/1481
f 1509/1805/1494 1609/1810/1495 1492/1811/1481 1391/1806/1485
f 1380/1667/1393 1475/1812/1444 1610/1813/1496 1503/1668/1394
f 1475/1812/1444 1363/1782/1443 1507/1785/1487 1610/1813/1496
f 1610/1813/1496 1507/1785/1487 1394/1790/1476 1497/1814/1474
f 1503/1668/1394 1610/1813/1496 1497/1814/1474 1388/1669/1395
f 1364/1676/1402 1465/1815/1429 1611/1816/1497 1501/1677/1403
f 1465/1815/1429 1368/1817/1427 1508/1818/1491 1611/1816/1497
f 1611/1816/1497 1508/1818/1491 1386/1819/1470 1495/1820/1469
f 1501/1677/1403 1611/1816/1497 1495/1820/1469 1393/1678/1404
f 1366/1821/1452 1476/1822/1449 1612/1823/1498 1506/1824/1488
f 1476/1822/1449 1375/1800/1448 1510/1803/1493 1612/1823/1498
f 1612/1823/1498 1510/1803/1493 1395/1808/1483 1498/1825/1482
f 1506/1824/1488 1612/1823/1498 1498/1825/1482 1390/1826/1478
f 1399/1624/1350 1511/1827/1499 1613/1828/1500 1448/1625/1351
f 1511/1827/1499 1419/1829/1501 1512/1830/1502 1613/1828/1500
f 1613/1828/1500 1512/1830/1502 1400/1831/1503 1521/1832/1504
f 1448/1625/1351 1613/1828/1500 1521/1832/1504 1407/1628/1354
f 1420/1833/1505 1518/1834/1506 1614/1835/1507 1520/1836/1508
f 1518/1834/1506 1415/1837/1509 1524/1838/1510 1614/1835/1507
f 1614/1835/1507 1524/1838/1510 1408/1839/1511 1522/1840/1512
f 1520/1836/1508 1614/1835/1507 1522/1840/1512 1406/1841/1513
f 1415/1837/1509 1517/1842/1514 1615/1843/1515 1524/1838/1510
f 1517/1842/1514 1413/1844/1516 1515/1845/1517 1615/1843/1515
f 1615/1843/1515 1515/1845/1517 1402/1846/1518 1523/1847/1519
f 1524/1838/1510 1615/1843/1515 1523/1847/1519 1408/1839/1511
f 1413/1844/1516 1516/1848/1520 1616/1849/1521 1515/1845/1517
f 1516/1848/1520 1403/1653/1379 1453/1652/1378 1616/1849/1521
f 1616/1849/1521 1453/1652/1378 1409/1651/1377 1525/1850/1522
f 1515/1845/1517 1616/1849/1521 1525/1850/1522 1402/1846/1518
f 1396/1851/1523 1573/1852/1524 1617/1853/1525 1535/1854/1526
f 1573/1852/1524 1433/1855/1527 1561/1856/1528 1617/1853/1525
f 1617/1853/1525 1561/1856/1528 1428/1857/1529 1527/1858/1530
f 1535/1854/1526 1617/1853/1525 1527/1858/1530 1414/1859/1531
f 1423/1860/1532 1572/1861/1533 1618/1862/1534 1529/1863/1535
f 1572/1861/1533 1430/1864/1536 1558/1865/1537 1618/1862/1534
f 1618/1862/1534 1558/1865/1537 1429/1866/1538 1571/1867/1539
f 1529/1863/1535 1618/1862/1534 1571/1867/1539 1421/1868/1540
f 1418/1869/1541 1570/1870/1542 1619/1871/1543 1538/1872/1544
f 1570/1870/1542 1425/1873/1545 1564/1874/1546 1619/1871/1543
f 1619/1871/1543 1564/1874/1546 1434/1875/1547 1569/1876/1548
f 1538/1872/1544 1619/1871/1543 1569/1876/1548 1398/1877/1549
f 1414/1859/1531 1527/1858/1530 1620/1878/1550 1528/1879/1551
f 1527/1858/1530 1428/1857/1529 1557/1880/1552 1620/1878/1550
f 1620/1878/1550 1557/1880/1552 1426/1881/1553 1530/1882/1554
f 1528/1879/1551 1620/1878/1550 1530/1882/1554 1417/1883/1555
f 1419/1829/1501 1514/1884/1556 1621/1885/1557 1512/1830/1502
f 1514/1884/1556 1422/1886/1558 1534/1887/1559 1621/1885/1557
f 1621/1885/1557 1534/1887/1559 1412/1888/1560 1532/1889/1561
f 1512/1830/1502 1621/1885/1557 1532/1889/1561 1400/1831/1503
f 1422/1886/1558 1513/1890/1562 1622/1891/1563 1534/1887/1559
f 1513/1890/1562 1420/1833/1505 1520/1836/1508 1622/1891/1563
f 1622/1891/1563 1520/1836/1508 1406/1841/1513 1533/1892/1564
f 1534/1887/1559 1622/1891/1563 1533/1892/1564 1412/1888/1560
f 1414/1893/1531 1539/1894/1565 1623/1895/1566 1535/1896/1526
f 1539/1894/1565 1403/1653/1379 1516/1848/1520 1623/1895/1566
f 1623/1895/1566 1516/1848/1520 1413/1844/1516 1540/1897/1567
f 1535/1896/1526 1623/1895/1566 1540/1897/1567 1396/1898/1523
f 1396/1898/1523 1540/1897/1567 1624/1899/1568 1536/1900/1569
f 1540/1897/1567 1413/1844/1516 1517/1842/1514 1624/1899/1568
f 1624/1899/1568 1517/1842/1514 1415/1837/1509 1541/1901/1570
f 1536/1900/1569 1624/1899/1568 1541/1901/1570 1404/1902/1571
f 1404/1902/1571 1541/1901/1570 1625/1903/1572 1537/1904/1573
f 1541/1901/1570 1415/1837/1509 1518/1834/1506 1625/1903/1572
f 1625/1903/1572 1518/1834/1506 1420/1833/1505 1542/1905/1574
f 1537/1904/1573 1625/1903/1572 1542/1905/1574 1398/1906/1549
f 1398/1906/1549 1542/1905/1574 1626/1907/1575 1538/1908/1544
f 1542/1905/1574 1420/1833/1505 1519/1909/1576 1626/1907/1575
f 1626/1907/1575 1519/1909/1576 1405/1714/1434 1543/1910/1577
f 1538/1908/1544 1626/1907/1575 1543/1910/1577 1418/1911/1541
f 1418/1911/1541 1543/1910/1577 1627/1912/1578 1526/1913/1579
f 1543/1910/1577 1405/1714/1434 1467/1721/1440 1627/1912/1578
f 1627/1912/1578 1467/1721/1440 1410/1720/1439 1544/1914/1580
f 1526/1913/1579 1627/1912/1578 1544/1914/1580 1417/1915/1555
f 1417/1915/1555 1544/1914/1580 1628/1916/1581 1528/1917/1551
f 1544/1914/1580 1410/1720/1439 1468/1724/1442 1628/1916/1581
f 1628/1916/1581 1468/1724/1442 1403/1653/1379 1539/1894/1565
f 1528/1917/1551 1628/1916/1581 1539/1894/1565 1414/1893/1531
f 1397/1918/1582 1549/1919/1583 1629/1920/1584 1545/1921/1585
f 1549/1919/1583 1419/1829/1501 1511/1827/1499 1629/1920/1584
f 1629/1920/1584 1511/1827/1499 1399/1624/1350 1550/1922/1586
f 1545/1921/1585 1629/1920/1584 1550/1922/1586 1421/1923/1540
f 1416/1924/1587 1551/1925/1588 1630/1926/1589 1546/1927/1590
f 1551/1925/1588 1420/1833/1505 1513/1890/1562 1630/1926/1589
f 1630/1926/1589 1513/1890/1562 1422/1886/1558 1552/1928/1591
f 1546/1927/1590 1630/1926/1589 1552/1928/1591 1401/1929/1592
f 1401/1929/1592 1552/1928/1591 1631/1930/1593 1547/1931/1594
f 1552/1928/1591 1422/1886/1558 1514/1884/1556 1631/1930/1593
f 1631/1930/1593 1514/1884/1556 1419/1829/1501 1549/1919/1583
f 1547/1931/1594 1631/1930/1593 1549/1919/1583 1397/1918/1582
f 1424/1932/1595 1553/1933/1596 1632/1934/1597 1548/1935/1598
f 1553/1933/1596 1405/1714/1434 1519/1909/1576 1632/1934/1597
f 1632/1934/1597 1519/1909/1576 1420/1833/1505 1551/1925/1588
f 1548/1935/1598 1632/1934/1597 1551/1925/1588 1416/1924/1587
f 1421/1923/1540 1550/1922/1586 1633/1936/1599 1529/1937/1535
f 1550/1922/1586 1399/1624/1350 1479/1748/1463 1633/1936/1599
f 1633/1936/1599 1479/1748/1463 1411/1747/1462 1554/1938/1600
f 1529/1937/1535 1633/1936/1599 1554/1938/1600 1423/1939/1532
f 1423/1939/1532 1554/1938/1600 1634/1940/1601 1531/1941/1602
f 1554/1938/1600 1411/1747/1462 1480/1751/1466 1634/1940/1601
f 1634/1940/1601 1480/1751/1466 1405/1714/1434 1553/1933/1596
f 1531/1941/1602 1634/1940/1601 1553/1933/1596 1424/1932/1595
f 1425/1942/1545 1555/1943/1603 1635/1944/1604 1564/1945/1546
f 1555/1943/1603 1426/1946/1553 1556/1947/1605 1635/1944/1604
f 1635/1944/1604 1556/1947/1605 1427/1948/1606 1563/1949/1607
f 1564/1945/1546 1635/1944/1604 1563/1949/1607 1434/1950/1547
f 1426/1946/1553 1557/1951/1552 1636/1952/1608 1556/1947/1605
f 1557/1951/1552 1428/1953/1529 1561/1954/1528 1636/1952/1608
f 1636/1952/1608 1561/1954/1528 1433/1955/1527 1562/1956/1609
f 1556/1947/1605 1636/1952/1608 1562/1956/1609 1427/1948/1606
f 1429/1957/1538 1558/1958/1537 1637/1959/1610 1565/1960/1611
f 1558/1958/1537 1430/1961/1536 1559/1962/1612 1637/1959/1610
f 1637/1959/1610 1559/1962/1612 1431/1963/1613 1567/1964/1614
f 1565/1960/1611 1637/1959/1610 1567/1964/1614 1435/1965/1615
f 1430/1961/1536 1560/1966/1616 1638/1967/1617 1559/1962/1612
f 1560/1966/1616 1432/1968/1618 1568/1969/1619 1638/1967/1617
f 1638/1967/1617 1568/1969/1619 1436/1970/1620 1566/1971/1621
f 1559/1962/1612 1638/1967/1617 1566/1971/1621 1431/1963/1613
f 1397/1972/1582 1575/1973/1622 1639/1974/1623 1547/1975/1594
f 1575/1973/1622 1435/1976/1615 1567/1977/1614 1639/1974/1623
f 1639/1974/1623 1567/1977/1614 1431/1978/1613 1574/1979/1624
f 1547/1975/1594 1639/1974/1623 1574/1979/1624 1401/1980/1592
f 1417/1883/1555 1530/1882/1554 1640/1981/1625 1526/1982/1579
f 1530/1882/1554 1426/1881/1553 1555/1983/1603 1640/1981/1625
f 1640/1981/1625 1555/1983/1603 1425/1873/1545 1570/1870/1542
f 1526/1982/1579 1640/1981/1625 1570/1870/1542 1418/1869/1541
f 1404/1984/1571 1576/1985/1626 1641/1986/1627 1536/1987/1569
f 1576/1985/1626 1427/1988/1606 1562/1989/1609 1641/1986/1627
f 1641/1986/1627 1562/1989/1609 1433/1855/1527 1573/1852/1524
f 1536/1987/1569 1641/1986/1627 1573/1852/1524 1396/1851/1523
f 1416/1990/1587 1578/1991/1628 1642/1992/1629 1548/1993/1598
f 1578/1991/1628 1436/1994/1620 1568/1995/1619 1642/1992/1629
f 1642/1992/1629 1568/1995/1619 1432/1996/1618 1577/1997/1630
f 1548/1993/1598 1642/1992/1629 1577/1997/1630 1424/1998/1595
f 1424/1998/1595 1577/1997/1630 1643/1999/1631 1531/2000/1602
f 1577/1997/1630 1432/1996/1618 1560/2001/1616 1643/1999/1631
f 1643/1999/1631 1560/2001/1616 1430/1864/1536 1572/1861/1533
f 1531/2000/1602 1643/1999/1631 1572/1861/1533 1423/1860/1532
f 1421/1868/1540 1571/1867/1539 1644/2002/1632 1545/2003/1585
f 1571/1867/1539 1429/1866/1538 1565/2004/1611 1644/2002/1632
f 1644/2002/1632 1565/2004/1611 1435/1976/1615 1575/1973/1622
f 1545/2003/1585 1644/2002/1632 1575/1973/1622 1397/1972/1582
f 1398/1877/1549 1569/1876/1548 1645/2005/1633 1537/2006/1573
f 1569/1876/1548 1434/1875/1547 1563/2007/1607 1645/2005/1633
f 1645/2005/1633 1563/2007/1607 1427/2008/1606 1576/2009/1626
f 1537/2006/1573 1645/2005/1633 1576/2009/1626 1404/2010/1571
f 1401/2011/1592 1574/2012/1624 1646/2013/1634 1546/2014/1590
f 1574/2012/1624 1431/2015/1613 1566/2016/1621 1646/2013/1634
f 1646/2013/1634 1566/2016/1621 1436/1994/1620 1578/1991/1628
f 1546/2014/1590 1646/2013/1634 1578/1991/1628 1416/1990/1587
o Badan_Retopo_Circle.004
v 0.155692 -0.526930 0.808122
v 0.302278 -0.482763 0.800039
v 0.447344 -0.397764 0.780974
v 0.569080 -0.270903 0.743725
v 0.652556 -0.110069 0.696738
v 0.684687 0.214580 0.611636
v 0.653058 0.346126 0.568979
v 0.599621 0.459707 0.525740
v 0.530917 0.548722 0.489348
v 0.316786 0.688571 0.426011
v 0.166871 0.732266 0.408104
v 0.303075 -0.493784 0.900967
v 0.672717 -0.162335 0.988819
v 0.713934 -0.040378 1.072958
v 0.140880 0.363607 1.705428
v 0.453004 -0.411573 0.901503
v 0.688323 -0.103914 0.860764
v 0.735973 0.040214 1.006986
v 0.733534 0.170203 1.145608
v 0.612398 0.350653 1.416834
v 0.518775 0.403442 1.511568
v 0.406307 0.442262 1.583567
v 0.285414 0.466761 1.632337
v 0.149786 0.481511 1.664124
v 0.735933 0.103020 0.816459
v 0.688448 0.053587 0.653424
v 0.717697 0.259612 0.719218
v 0.683487 0.394401 0.669755
v 0.628934 0.512774 0.629079
v 0.553924 0.616105 0.592699
v 0.326633 0.769122 0.532357
v 0.172905 0.812402 0.515619
v 0.752615 0.140790 0.956734
v 0.742113 0.289313 1.072564
v 0.623291 0.447150 1.360690
v 0.536163 0.508749 1.449165
v 0.424940 0.556574 1.521972
v 0.299843 0.587245 1.573070
v 0.155833 0.606246 1.606497
v 0.740189 0.307307 0.819599
v 0.705202 0.437870 0.781413
v 0.648456 0.559239 0.744825
v 0.566561 0.672177 0.710155
v 0.327207 0.836145 0.656547
v 0.171245 0.880686 0.642921
v 0.170530 0.926201 0.785892
v 0.172696 0.944355 0.930160
v 0.173792 0.935426 1.092323
v 0.173028 0.894397 1.256015
v 0.170464 0.825116 1.397181
v 0.162733 0.725801 1.517393
v 0.328053 0.878886 0.792815
v 0.328395 0.896778 0.929349
v 0.327956 0.889021 1.083184
v 0.328285 0.851407 1.237998
v 0.324118 0.791191 1.367948
v 0.312119 0.697762 1.486455
v 0.436515 0.627488 0.454301
v 0.450399 0.706891 0.559215
v 0.457620 0.768487 0.680005
v 0.463521 0.806341 0.808600
v 0.463196 0.823514 0.931512
v 0.462258 0.816880 1.068153
v 0.460208 0.786065 1.205493
v 0.453185 0.737223 1.323499
v 0.440388 0.655494 1.435470
v 0.548078 0.596713 1.366614
v 0.558345 0.668389 1.258272
v 0.563674 0.708970 1.149773
v 0.563466 0.733537 1.053256
v 0.566617 0.735268 0.953786
v 0.570842 0.712276 0.836803
v 0.629409 0.530640 1.286788
v 0.636837 0.587173 1.188374
v 0.636260 0.635560 1.042366
v 0.654656 0.596749 0.874593
v 0.690162 0.270746 1.287451
v 0.695718 0.369671 1.234885
v 0.683558 0.479873 1.184573
v 0.706916 0.477034 1.047917
v 0.712771 0.470192 0.905044
v 0.748031 0.326873 0.927726
v 0.753271 0.207600 0.854196
v 0.757924 0.218414 0.912570
v 0.177362 0.757571 0.291020
v 0.343217 0.709523 0.308034
v 0.479506 0.637783 0.334915
v 0.587292 0.544782 0.369934
v 0.660463 0.444068 0.404718
v 0.711421 0.324004 0.445395
v 0.740021 0.183453 0.490292
v 0.741681 0.017298 0.538170
v 0.703005 -0.153152 0.588513
v 0.610956 -0.325014 0.640199
v 0.479647 -0.461101 0.686588
v 0.332929 -0.560037 0.699985
v 0.157108 -0.604690 0.715397
v 0.316106 -0.787942 0.150667
v 0.145133 -0.806827 0.216100
v 0.111936 -0.781391 0.402902
v 0.154097 -0.705564 0.581521
v 0.316711 -0.671362 0.606081
v 0.451226 -0.650607 0.517836
v 0.511090 -0.668519 0.355105
v 0.475225 -0.720528 0.186295
v 0.326580 -0.691461 -0.683731
v 0.149708 -0.736855 -0.650870
v 0.096511 -0.804452 -0.476527
v 0.150108 -0.824570 -0.291267
v 0.320878 -0.798403 -0.225245
v 0.480260 -0.729532 -0.274982
v 0.529093 -0.683750 -0.444655
v 0.468408 -0.670125 -0.602447
v 0.312636 -0.778422 0.035015
v 0.148631 -0.809924 0.046093
v 0.150651 -0.816675 -0.112176
v 0.313724 -0.783569 -0.107946
v 0.460918 -0.723173 -0.127735
v 0.459141 -0.718748 0.037730
v 0.156965 -0.840355 0.386937
v 0.189095 -0.794907 0.512691
v 0.322406 -0.766323 0.565972
v 0.438640 -0.747236 0.502793
v 0.488246 -0.754644 0.372595
v 0.446541 -0.792301 0.254082
v 0.326123 -0.835152 0.210848
v 0.205846 -0.855765 0.263836
v 0.154536 -0.857413 -0.474888
v 0.204694 -0.873155 -0.344705
v 0.335611 -0.849763 -0.279925
v 0.457886 -0.807983 -0.325409
v 0.507516 -0.768329 -0.453147
v 0.456190 -0.755516 -0.589740
v 0.334349 -0.774076 -0.652168
v 0.209083 -0.816395 -0.605802
v 0.582115 -0.621449 0.081504
v 0.584221 -0.630115 -0.210053
v 0.582474 -0.600224 -0.441671
v 0.497274 -0.595846 -0.628147
v 0.337333 -0.611203 -0.747406
v 0.157092 -0.626391 -0.795464
v 0.580019 -0.575051 0.329168
v 0.506391 -0.538518 0.558178
v 0.651151 -0.383890 0.497371
v 0.693747 -0.427581 0.292015
v 0.713736 -0.461431 0.039395
v 0.704498 -0.477404 -0.229729
v 0.658658 -0.477310 -0.465662
v 0.549845 -0.480895 -0.678172
v 0.372598 -0.487911 -0.833208
v 0.176484 -0.492933 -0.911268
v 0.746248 -0.200299 0.445766
v 0.790953 -0.019134 0.394418
v 0.792634 0.157258 0.341722
v 0.763053 0.305693 0.297044
v 0.709851 0.432618 0.257658
v 0.632509 0.543577 0.222187
v 0.517810 0.647295 0.188566
v 0.367195 0.729693 0.162944
v 0.189430 0.781936 0.144401
v 0.785975 -0.242068 0.246564
v 0.805701 -0.275459 -0.004669
v 0.788054 -0.295940 -0.265186
v 0.726328 -0.308533 -0.502884
v 0.600932 -0.322488 -0.730938
v 0.407878 -0.333846 -0.903540
v 0.194998 -0.339970 -0.993696
v 0.831123 -0.053776 0.200595
v 0.849069 -0.079285 -0.045594
v 0.828559 -0.099314 -0.305340
v 0.763837 -0.116501 -0.543428
v 0.634405 -0.131393 -0.774964
v 0.435847 -0.142941 -0.954183
v 0.212055 -0.150802 -1.050980
v 0.832505 0.131706 0.155643
v 0.849829 0.111572 -0.082969
v 0.829996 0.090706 -0.342198
v 0.766480 0.071278 -0.579267
v 0.644635 0.054310 -0.797181
v 0.452074 0.041097 -0.971173
v 0.220292 0.033594 -1.072310
v 0.198313 0.798985 -0.031925
v 0.204047 0.800674 -0.244868
v 0.203889 0.780146 -0.480887
v 0.199550 0.727376 -0.678968
v 0.195755 0.627193 -0.854989
v 0.386360 0.743168 -0.010718
v 0.545191 0.654710 0.014803
v 0.664357 0.543626 0.048151
v 0.746223 0.421823 0.082859
v 0.801501 0.287529 0.117295
v 0.400241 0.744208 -0.227619
v 0.559958 0.655972 -0.206494
v 0.681955 0.539741 -0.178770
v 0.767020 0.407122 -0.148116
v 0.820564 0.267942 -0.116719
v 0.399588 0.725144 -0.468267
v 0.555960 0.640163 -0.448807
v 0.674083 0.524747 -0.424949
v 0.754398 0.390275 -0.398960
v 0.804372 0.246590 -0.372303
v 0.385092 0.676642 -0.669519
v 0.528499 0.601725 -0.653658
v 0.635537 0.497288 -0.634059
v 0.704235 0.370026 -0.616952
v 0.746267 0.226590 -0.601304
v 0.360349 0.589570 -0.834576
v 0.486979 0.538412 -0.804808
v 0.570213 0.462211 -0.785225
v 0.613097 0.349844 -0.790904
v 0.637195 0.210223 -0.799131
v 0.454564 0.199117 -0.963937
v 0.219824 0.194745 -1.065808
v 0.446861 0.357214 -0.938287
v 0.224225 0.364807 -1.029379
v 0.340675 0.475523 -0.944754
v 0.190687 0.504439 -0.972508
v 0.470229 0.465553 -0.880397
v 0.335715 -0.927650 0.234900
v 0.228320 -0.944502 0.277597
v 0.183044 -0.934382 0.387836
v 0.222813 -0.911720 0.500643
v 0.332407 -0.889189 0.546934
v 0.436927 -0.873315 0.493830
v 0.481833 -0.872712 0.380991
v 0.441450 -0.896222 0.274805
v 0.339234 -0.891453 -0.635421
v 0.232160 -0.919805 -0.593636
v 0.185316 -0.949987 -0.476116
v 0.228369 -0.962146 -0.362880
v 0.342098 -0.950078 -0.308353
v 0.447388 -0.924995 -0.351941
v 0.493682 -0.894908 -0.465822
v 0.448224 -0.881772 -0.583259
v 0.352278 -1.203695 0.538861
v 0.428497 -1.203541 0.484907
v 0.460027 -1.203568 0.383926
v 0.428398 -1.203760 0.302896
v 0.352137 -1.204005 0.271353
v 0.275917 -1.204159 0.303035
v 0.244387 -1.204132 0.384100
v 0.276017 -1.203940 0.484956
v 0.352300 -1.204057 -0.330846
v 0.428566 -1.203795 -0.384895
v 0.460138 -1.203575 -0.484140
v 0.428522 -1.203526 -0.564722
v 0.352238 -1.203677 -0.596344
v 0.275973 -1.203939 -0.564729
v 0.244400 -1.204159 -0.484169
v 0.276016 -1.204208 -0.384977
v 0.266518 -1.179297 -0.571271
v 0.231913 -1.181365 -0.483841
v 0.266926 -1.181825 -0.380562
v 0.351048 -1.180406 -0.324582
v 0.435001 -1.177941 -0.380269
v 0.469606 -1.175873 -0.483690
v 0.434593 -1.175413 -0.571204
v 0.350471 -1.176832 -0.606089
v 0.266218 -1.181365 0.296615
v 0.232613 -1.181112 0.384135
v 0.267139 -1.179303 0.488052
v 0.350840 -1.176997 0.543076
v 0.434359 -1.175546 0.487044
v 0.468564 -1.175799 0.382360
v 0.433438 -1.177608 0.295307
v 0.349582 -1.179913 0.261971
v 0.352449 -1.206870 0.492578
v 0.410124 -1.206870 0.466344
v 0.423806 -1.206870 0.386684
v 0.410124 -1.206870 0.322066
v 0.352449 -1.206870 0.309000
v 0.294773 -1.206870 0.322066
v 0.281091 -1.206870 0.386684
v 0.294773 -1.206870 0.466344
v 0.352449 -1.206870 -0.377297
v 0.410124 -1.206870 -0.403444
v 0.423806 -1.206870 -0.481593
v 0.410124 -1.206870 -0.545727
v 0.352449 -1.206870 -0.558745
v 0.294773 -1.206870 -0.545727
v 0.281091 -1.206870 -0.481593
v 0.294773 -1.206870 -0.403444
v 0.352449 -1.206870 -0.476126
v 0.352449 -1.206870 0.391987
v 0.212097 -1.099643 -0.481737
v 0.251381 -1.103102 -0.378890
v 0.347279 -1.097968 -0.328374
v 0.441094 -1.087860 -0.377130
v 0.480278 -1.077273 -0.479924
v 0.440490 -1.073400 -0.577511
v 0.345348 -1.078194 -0.618280
v 0.251164 -1.089061 -0.579700
v 0.214259 -1.095962 0.384793
v 0.251085 -1.087864 0.486247
v 0.345056 -1.078320 0.534162
v 0.437891 -1.071823 0.482039
v 0.475838 -1.071929 0.379590
v 0.436719 -1.080378 0.286166
v 0.342965 -1.091727 0.252284
v 0.249961 -1.098309 0.289501
v 0.000000 0.748535 0.402953
v -0.000000 -0.541126 0.809302
v -0.155692 -0.526930 0.808122
v -0.302278 -0.482763 0.800039
v -0.447344 -0.397764 0.780974
v -0.569080 -0.270903 0.743725
v -0.652556 -0.110069 0.696738
v -0.684687 0.214580 0.611636
v -0.653058 0.346126 0.568979
v -0.599621 0.459707 0.525740
v -0.530917 0.548722 0.489348
v -0.316786 0.688571 0.426011
v -0.166871 0.732266 0.408104
v -0.151230 -0.536106 0.905894
v -0.303075 -0.493784 0.900967
v -0.585477 -0.292079 0.928226
v -0.713830 0.084635 1.199959
v -0.590700 0.249407 1.464101
v -0.497976 0.296340 1.556144
v -0.387299 0.329654 1.626076
v -0.269382 0.351092 1.674747
v -0.453004 -0.411573 0.901503
v -0.688323 -0.103914 0.860764
v -0.735973 0.040214 1.006986
v -0.733534 0.170203 1.145608
v -0.612398 0.350653 1.416834
v -0.518775 0.403442 1.511568
v -0.406307 0.442262 1.583567
v -0.285414 0.466761 1.632337
v -0.149786 0.481511 1.664124
v 0.000000 0.487017 1.677402
v -0.735933 0.103020 0.816459
v -0.688448 0.053587 0.653424
v -0.717697 0.259612 0.719218
v -0.683487 0.394401 0.669755
v -0.628934 0.512774 0.629079
v -0.553924 0.616105 0.592699
v -0.326633 0.769122 0.532357
v -0.172905 0.812401 0.515619
v 0.000000 0.829004 0.509236
v -0.752615 0.140790 0.956734
v -0.742114 0.289313 1.072564
v -0.623291 0.447150 1.360690
v -0.536163 0.508749 1.449165
v -0.424940 0.556574 1.521972
v -0.299843 0.587245 1.573070
v -0.155833 0.606246 1.606497
v 0.000000 0.613406 1.619199
v -0.740189 0.307307 0.819599
v -0.705202 0.437870 0.781413
v -0.648456 0.559239 0.744825
v -0.566561 0.672177 0.710155
v -0.327207 0.836145 0.656547
v -0.171245 0.880686 0.642921
v 0.000000 0.897987 0.638195
v -0.000000 0.944326 0.785060
v 0.000000 0.962014 0.930670
v 0.000000 0.952883 1.094542
v -0.000000 0.910895 1.261579
v 0.000000 0.838478 1.408157
v 0.000000 0.737947 1.527687
v -0.170530 0.926201 0.785892
v -0.172696 0.944355 0.930160
v -0.173792 0.935426 1.092323
v -0.173028 0.894397 1.256015
v -0.170464 0.825116 1.397181
v -0.162733 0.725801 1.517393
v -0.328053 0.878886 0.792815
v -0.328395 0.896778 0.929349
v -0.327956 0.889021 1.083184
v -0.328285 0.851407 1.237998
v -0.324118 0.791191 1.367948
v -0.312119 0.697762 1.486455
v -0.436515 0.627488 0.454301
v -0.450399 0.706891 0.559215
v -0.457620 0.768487 0.680005
v -0.463521 0.806341 0.808600
v -0.463196 0.823514 0.931512
v -0.462258 0.816880 1.068153
v -0.460208 0.786065 1.205493
v -0.453185 0.737223 1.323499
v -0.440388 0.655494 1.435470
v -0.548078 0.596713 1.366614
v -0.558345 0.668389 1.258272
v -0.563674 0.708970 1.149773
v -0.563466 0.733537 1.053256
v -0.566617 0.735268 0.953786
v -0.570842 0.712276 0.836803
v -0.629409 0.530640 1.286788
v -0.636837 0.587173 1.188374
v -0.636260 0.635560 1.042366
v -0.654656 0.596749 0.874593
v -0.690162 0.270746 1.287451
v -0.695718 0.369671 1.234885
v -0.683558 0.479873 1.184573
v -0.706916 0.477034 1.047917
v -0.712771 0.470192 0.905043
v -0.748031 0.326873 0.927726
v -0.753271 0.207600 0.854196
v -0.757924 0.218414 0.912570
v 0.000000 0.774557 0.284480
v -0.177362 0.757571 0.291020
v -0.343217 0.709523 0.308034
v -0.479506 0.637783 0.334915
v -0.587292 0.544782 0.369934
v -0.660463 0.444068 0.404718
v -0.711421 0.324004 0.445395
v -0.740021 0.183453 0.490292
v -0.741681 0.017298 0.538170
v -0.703005 -0.153152 0.588513
v -0.610956 -0.325014 0.640199
v -0.479647 -0.461101 0.686588
v -0.332929 -0.560036 0.699985
v -0.157108 -0.604690 0.715397
v -0.000000 -0.617524 0.714917
v -0.316106 -0.787942 0.150667
v -0.145133 -0.806827 0.216100
v -0.111936 -0.781391 0.402902
v -0.154097 -0.705564 0.581521
v -0.316711 -0.671362 0.606081
v -0.451226 -0.650607 0.517836
v -0.511090 -0.668519 0.355105
v -0.475225 -0.720528 0.186295
v -0.326580 -0.691461 -0.683731
v -0.149708 -0.736855 -0.650870
v -0.096511 -0.804452 -0.476527
v -0.150108 -0.824570 -0.291267
v -0.320878 -0.798403 -0.225245
v -0.480260 -0.729532 -0.274982
v -0.529093 -0.683750 -0.444655
v -0.468408 -0.670125 -0.602447
v -0.000000 -0.696487 0.581266
v -0.000000 -0.767236 0.389326
v -0.000000 -0.802401 0.217379
v -0.000000 -0.728767 -0.652417
v -0.000000 -0.792434 -0.476670
v -0.000000 -0.821287 -0.293418
v -0.312636 -0.778422 0.035014
v -0.148631 -0.809924 0.046093
v -0.150651 -0.816675 -0.112176
v -0.313724 -0.783569 -0.107946
v -0.000000 -0.819797 0.049127
v -0.000000 -0.826613 -0.113085
v -0.460918 -0.723173 -0.127735
v -0.459141 -0.718748 0.037730
v -0.156965 -0.840355 0.386937
v -0.189095 -0.794907 0.512691
v -0.322406 -0.766323 0.565972
v -0.438640 -0.747236 0.502793
v -0.488246 -0.754644 0.372595
v -0.446541 -0.792301 0.254082
v -0.326123 -0.835152 0.210848
v -0.205846 -0.855765 0.263836
v -0.154536 -0.857413 -0.474888
v -0.204694 -0.873155 -0.344705
v -0.335611 -0.849763 -0.279925
v -0.457886 -0.807983 -0.325409
v -0.507516 -0.768329 -0.453147
v -0.456190 -0.755516 -0.589740
v -0.334349 -0.774076 -0.652168
v -0.209083 -0.816395 -0.605802
v -0.582115 -0.621449 0.081504
v -0.584221 -0.630115 -0.210053
v -0.582474 -0.600224 -0.441671
v -0.497274 -0.595846 -0.628147
v -0.337333 -0.611203 -0.747406
v -0.157092 -0.626391 -0.795464
v -0.000000 -0.628690 -0.811540
v -0.580019 -0.575051 0.329168
v -0.506391 -0.538518 0.558178
v -0.651151 -0.383890 0.497370
v -0.693747 -0.427581 0.292015
v -0.713736 -0.461431 0.039395
v -0.704498 -0.477404 -0.229729
v -0.658658 -0.477310 -0.465662
v -0.549845 -0.480895 -0.678172
v -0.372598 -0.487911 -0.833208
v -0.176484 -0.492933 -0.911268
v -0.000000 -0.493599 -0.935821
v -0.746248 -0.200299 0.445766
v -0.790953 -0.019134 0.394418
v -0.792634 0.157258 0.341722
v -0.763053 0.305693 0.297044
v -0.709851 0.432618 0.257658
v -0.632509 0.543577 0.222187
v -0.517810 0.647295 0.188566
v -0.367195 0.729694 0.162944
v -0.189430 0.781936 0.144401
v -0.000000 0.799878 0.136344
v -0.785975 -0.242068 0.246564
v -0.805701 -0.275459 -0.004669
v -0.788054 -0.295940 -0.265186
v -0.726328 -0.308533 -0.502884
v -0.600932 -0.322488 -0.730938
v -0.407878 -0.333846 -0.903540
v -0.194998 -0.339971 -0.993696
v -0.000000 -0.342440 -1.019758
v -0.831123 -0.053776 0.200595
v -0.849069 -0.079285 -0.045594
v -0.828559 -0.099314 -0.305340
v -0.763837 -0.116501 -0.543429
v -0.634405 -0.131393 -0.774964
v -0.435847 -0.142941 -0.954183
v -0.212055 -0.150802 -1.050979
v -0.000000 -0.153975 -1.079130
v -0.832505 0.131706 0.155643
v -0.849829 0.111572 -0.082969
v -0.829996 0.090706 -0.342198
v -0.766480 0.071278 -0.579267
v -0.644635 0.054310 -0.797181
v -0.452074 0.041097 -0.971173
v -0.220292 0.033594 -1.072310
v -0.000000 0.031760 -1.102294
v -0.198313 0.798985 -0.031925
v 0.000000 0.817003 -0.041731
v -0.204047 0.800674 -0.244867
v 0.000000 0.817902 -0.254331
v -0.203889 0.780146 -0.480887
v -0.000000 0.798677 -0.485335
v -0.199550 0.727376 -0.678968
v -0.000000 0.746277 -0.680819
v -0.195755 0.627193 -0.854989
v -0.000000 0.644287 -0.863589
v -0.386360 0.743168 -0.010718
v -0.545191 0.654710 0.014803
v -0.664357 0.543626 0.048151
v -0.746223 0.421823 0.082859
v -0.801501 0.287529 0.117295
v -0.400241 0.744208 -0.227619
v -0.559958 0.655972 -0.206494
v -0.681955 0.539741 -0.178770
v -0.767020 0.407122 -0.148116
v -0.820564 0.267942 -0.116719
v -0.399588 0.725144 -0.468267
v -0.555960 0.640164 -0.448807
v -0.674083 0.524747 -0.424949
v -0.754397 0.390275 -0.398960
v -0.804372 0.246590 -0.372303
v -0.385092 0.676642 -0.669519
v -0.528499 0.601725 -0.653658
v -0.635537 0.497288 -0.634059
v -0.704235 0.370026 -0.616952
v -0.746267 0.226590 -0.601304
v -0.360349 0.589570 -0.834576
v -0.486979 0.538411 -0.804808
v -0.570213 0.462211 -0.785225
v -0.613097 0.349844 -0.790904
v -0.637195 0.210223 -0.799131
v -0.454564 0.199117 -0.963937
v -0.219824 0.194745 -1.065808
v -0.000000 0.195041 -1.095578
v -0.446861 0.357214 -0.938287
v -0.224225 0.364807 -1.029379
v 0.000000 0.356828 -1.060282
v -0.340675 0.475523 -0.944754
v -0.000000 0.512119 -0.987494
v -0.190687 0.504439 -0.972508
v -0.470229 0.465553 -0.880397
v -0.335715 -0.927650 0.234900
v -0.228320 -0.944502 0.277597
v -0.183044 -0.934382 0.387837
v -0.222813 -0.911720 0.500643
v -0.332407 -0.889189 0.546934
v -0.436927 -0.873315 0.493830
v -0.481833 -0.872712 0.380991
v -0.441450 -0.896222 0.274805
v -0.339234 -0.891453 -0.635421
v -0.232160 -0.919805 -0.593636
v -0.185316 -0.949987 -0.476116
v -0.228369 -0.962146 -0.362880
v -0.342098 -0.950078 -0.308353
v -0.447388 -0.924995 -0.351941
v -0.493682 -0.894908 -0.465822
v -0.448224 -0.881772 -0.583259
v -0.352278 -1.203695 0.538861
v -0.428497 -1.203541 0.484907
v -0.460027 -1.203568 0.383926
v -0.428398 -1.203760 0.302895
v -0.352137 -1.204005 0.271353
v -0.275917 -1.204159 0.303035
v -0.244387 -1.204132 0.384100
v -0.276017 -1.203940 0.484955
v -0.352300 -1.204057 -0.330846
v -0.428566 -1.203795 -0.384895
v -0.460138 -1.203575 -0.484140
v -0.428522 -1.203527 -0.564722
v -0.352238 -1.203677 -0.596344
v -0.275973 -1.203939 -0.564729
v -0.244400 -1.204159 -0.484169
v -0.276016 -1.204208 -0.384977
v -0.266518 -1.179297 -0.571271
v -0.231913 -1.181365 -0.483841
v -0.266926 -1.181824 -0.380562
v -0.351048 -1.180406 -0.324582
v -0.435001 -1.177941 -0.380269
v -0.469606 -1.175873 -0.483690
v -0.434593 -1.175413 -0.571204
v -0.350471 -1.176832 -0.606089
v -0.266218 -1.181365 0.296615
v -0.232613 -1.181112 0.384135
v -0.267139 -1.179303 0.488052
v -0.350840 -1.176997 0.543076
v -0.434359 -1.175546 0.487044
v -0.468564 -1.175799 0.382360
v -0.433438 -1.177608 0.295307
v -0.349582 -1.179913 0.261971
v -0.352449 -1.206870 0.492578
v -0.410124 -1.206870 0.466344
v -0.423806 -1.206870 0.386684
v -0.410124 -1.206870 0.322066
v -0.352449 -1.206870 0.309000
v -0.294773 -1.206870 0.322066
v -0.281091 -1.206870 0.386684
v -0.294773 -1.206870 0.466344
v -0.352449 -1.206870 -0.377297
v -0.410124 -1.206870 -0.403444
v -0.423806 -1.206870 -0.481593
v -0.410124 -1.206870 -0.545728
v -0.352449 -1.206870 -0.558745
v -0.294773 -1.206870 -0.545727
v -0.281091 -1.206870 -0.481593
v -0.294773 -1.206870 -0.403444
v -0.352449 -1.206870 -0.476126
v -0.352449 -1.206870 0.391987
v -0.212097 -1.099643 -0.481737
v -0.251381 -1.103102 -0.378890
v -0.347279 -1.097968 -0.328374
v -0.441094 -1.087860 -0.377130
v -0.480278 -1.077273 -0.479924
v -0.440490 -1.073400 -0.577511
v -0.345348 -1.078194 -0.618280
v -0.251164 -1.089061 -0.579700
v -0.214259 -1.095962 0.384793
v -0.251085 -1.087864 0.486247
v -0.345056 -1.078320 0.534162
v -0.437891 -1.071823 0.482039
v -0.475839 -1.071929 0.379590
v -0.436719 -1.080378 0.286166
v -0.342965 -1.091727 0.252284
v -0.249961 -1.098309 0.289500
v 0.151230 -0.536106 0.905894
v 0.585477 -0.292079 0.928226
v 0.713830 0.084635 1.199959
v 0.590700 0.249407 1.464101
v 0.497976 0.296340 1.556144
v 0.387299 0.329654 1.626076
v 0.269382 0.351092 1.674747
v 0.669316 0.180185 1.339146
v 0.151443 0.343032 1.789689
v 0.288656 0.329522 1.755503
v 0.414428 0.306594 1.699758
v 0.530037 0.272602 1.620022
v 0.628361 0.222115 1.519400
v 0.708808 0.146162 1.391902
v 0.750695 0.046119 1.253142
v 0.749927 -0.074595 1.130567
v 0.709103 -0.203505 1.046895
v 0.615688 -0.341398 0.992288
v 0.472574 -0.458542 0.964929
v 0.313339 -0.535762 0.962723
v 0.157028 -0.574569 0.969219
v 0.164716 0.305734 1.888968
v 0.313304 0.292658 1.851041
v 0.450277 0.269572 1.789646
v 0.567456 0.234964 1.700759
v 0.668487 0.181286 1.590635
v 0.747855 0.103887 1.458815
v 0.789693 0.003275 1.321430
v 0.789227 -0.115031 1.207245
v 0.744708 -0.245068 1.124748
v 0.645358 -0.386113 1.073573
v 0.497522 -0.502272 1.049797
v 0.328847 -0.577261 1.046265
v 0.166531 -0.615451 1.052383
v 0.177644 0.246937 1.992966
v 0.190304 0.164800 2.087576
v 0.200686 0.052799 2.160247
v 0.206409 -0.097226 2.200725
v 0.205301 -0.251231 2.194118
v 0.203889 -0.392184 2.141172
v 0.200712 -0.516361 2.045758
v 0.196556 -0.602471 1.908350
v 0.193017 -0.654956 1.759287
v 0.192289 -0.682277 1.610227
v 0.190068 -0.689665 1.456531
v 0.183146 -0.678388 1.299779
v 0.175086 -0.650993 1.159062
v 0.342399 0.232896 1.953199
v 0.487949 0.209999 1.887961
v 0.604090 0.176977 1.794600
v 0.703786 0.125456 1.678029
v 0.777494 0.052328 1.546021
v 0.824412 -0.053396 1.416994
v 0.821216 -0.174653 1.303980
v 0.772590 -0.286541 1.215509
v 0.669752 -0.428005 1.173747
v 0.519567 -0.537623 1.153338
v 0.344700 -0.611172 1.151270
v 0.367514 0.153540 2.039803
v 0.385437 0.043997 2.106491
v 0.396065 -0.102931 2.143719
v 0.394724 -0.251422 2.136480
v 0.390881 -0.385570 2.088721
v 0.386861 -0.495721 2.006874
v 0.384384 -0.570310 1.882319
v 0.381838 -0.617259 1.739306
v 0.378392 -0.643287 1.592073
v 0.373354 -0.649254 1.444420
v 0.361505 -0.638134 1.292653
v 0.536210 -0.567091 1.290303
v 0.680443 -0.463847 1.296598
v 0.785270 -0.316247 1.311485
v 0.546148 -0.579493 1.435196
v 0.687144 -0.477435 1.430098
v 0.793161 -0.325335 1.428520
v 0.836324 -0.175406 1.427714
v 0.795630 -0.009246 1.629356
v 0.827598 -0.060968 1.533972
v 0.547989 -0.575800 1.575025
v 0.686947 -0.474068 1.564362
v 0.790070 -0.322130 1.555337
v 0.833606 -0.162184 1.546158
v 0.809321 -0.132048 1.677778
v 0.732284 0.054312 1.750497
v 0.633789 0.101875 1.873026
v 0.516867 0.132443 1.969362
v 0.755644 -0.040971 1.793652
v 0.657727 0.001634 1.923874
v 0.536065 0.027383 2.028341
v 0.770118 -0.310114 1.685829
v 0.663772 -0.466154 1.715407
v 0.541383 -0.556363 1.718521
v 0.545758 -0.113999 2.060747
v 0.541721 -0.257098 2.055120
v 0.549108 -0.508800 1.852468
v 0.528206 -0.381583 2.019493
v 0.519869 -0.463723 1.965250
v 0.667001 -0.133615 1.950547
v 0.650425 -0.272408 1.951196
v 0.653069 -0.422386 1.831911
v 0.760657 -0.153627 1.814538
v 0.728242 -0.293493 1.821630
v 0.601044 -0.402603 1.935233
v -0.672717 -0.162335 0.988819
v -0.713934 -0.040378 1.072958
v -0.140880 0.363607 1.705428
v -0.669316 0.180185 1.339146
v -0.151443 0.343032 1.789689
v -0.288656 0.329522 1.755503
v -0.414428 0.306594 1.699758
v -0.530037 0.272602 1.620022
v -0.628361 0.222115 1.519400
v -0.708808 0.146162 1.391902
v -0.750695 0.046119 1.253142
v -0.749927 -0.074595 1.130567
v -0.709103 -0.203505 1.046895
v -0.615688 -0.341398 0.992288
v -0.472574 -0.458542 0.964929
v -0.313339 -0.535762 0.962723
v -0.157028 -0.574569 0.969219
v -0.164716 0.305734 1.888968
v -0.313304 0.292658 1.851041
v -0.450277 0.269572 1.789646
v -0.567456 0.234964 1.700759
v -0.668487 0.181286 1.590635
v -0.747855 0.103887 1.458815
v -0.789693 0.003275 1.321430
v -0.789227 -0.115031 1.207245
v -0.744708 -0.245068 1.124748
v -0.645358 -0.386113 1.073573
v -0.497522 -0.502272 1.049797
v -0.328847 -0.577261 1.046265
v -0.166531 -0.615451 1.052383
v -0.177644 0.246937 1.992966
v -0.190304 0.164800 2.087576
v -0.200686 0.052799 2.160247
v -0.206409 -0.097226 2.200725
v -0.205301 -0.251231 2.194118
v -0.203889 -0.392184 2.141172
v -0.200712 -0.516361 2.045758
v -0.196556 -0.602471 1.908350
v -0.193017 -0.654956 1.759287
v -0.192289 -0.682277 1.610227
v -0.190068 -0.689665 1.456531
v -0.183146 -0.678388 1.299779
v -0.175086 -0.650993 1.159062
v -0.342399 0.232896 1.953199
v -0.487949 0.209999 1.887961
v -0.604090 0.176977 1.794600
v -0.703786 0.125456 1.678029
v -0.777494 0.052328 1.546021
v -0.824412 -0.053396 1.416994
v -0.821216 -0.174652 1.303980
v -0.772591 -0.286541 1.215509
v -0.669752 -0.428005 1.173747
v -0.519567 -0.537623 1.153338
v -0.344700 -0.611172 1.151270
v -0.367515 0.153540 2.039803
v -0.385437 0.043997 2.106491
v -0.396065 -0.102931 2.143719
v -0.394724 -0.251422 2.136480
v -0.390881 -0.385570 2.088721
v -0.386861 -0.495721 2.006874
v -0.384384 -0.570310 1.882320
v -0.381838 -0.617259 1.739306
v -0.378392 -0.643287 1.592073
v -0.373354 -0.649254 1.444420
v -0.361505 -0.638134 1.292653
v -0.536210 -0.567091 1.290303
v -0.680443 -0.463847 1.296598
v -0.785270 -0.316247 1.311485
v -0.546148 -0.579493 1.435196
v -0.687144 -0.477435 1.430098
v -0.793161 -0.325335 1.428520
v -0.836324 -0.175406 1.427714
v -0.795630 -0.009246 1.629356
v -0.827598 -0.060968 1.533972
v -0.547989 -0.575800 1.575025
v -0.686947 -0.474068 1.564362
v -0.790071 -0.322130 1.555337
v -0.833606 -0.162184 1.546158
v -0.809321 -0.132048 1.677778
v -0.732284 0.054312 1.750497
v -0.633789 0.101875 1.873026
v -0.516867 0.132443 1.969362
v -0.755644 -0.040971 1.793652
v -0.657727 0.001634 1.923874
v -0.536065 0.027383 2.028341
v -0.770118 -0.310114 1.685829
v -0.663772 -0.466154 1.715407
v -0.541383 -0.556363 1.718521
v -0.545758 -0.113999 2.060747
v -0.541721 -0.257098 2.055120
v -0.549108 -0.508800 1.852468
v -0.528206 -0.381583 2.019493
v -0.519869 -0.463723 1.965250
v -0.667001 -0.133615 1.950547
v -0.650425 -0.272408 1.951196
v -0.653070 -0.422386 1.831911
v -0.760657 -0.153627 1.814538
v -0.728242 -0.293493 1.821630
v -0.601044 -0.402603 1.935233
v 0.000000 0.367204 1.715427
v -0.000000 -0.550072 0.908061
v 0.000000 0.347710 1.801256
v -0.000000 -0.587672 0.973407
v -0.000000 -0.665115 1.166403
v -0.000000 -0.691895 1.305411
v -0.000000 -0.703090 1.463902
v -0.000000 -0.694878 1.620389
v 0.000000 -0.666432 1.771250
v 0.000000 -0.612760 1.920830
v 0.000000 -0.394632 2.162122
v 0.000000 -0.094182 2.220163
v 0.000000 0.167834 2.106331
v 0.000000 0.251567 2.008291
v 0.000000 0.310332 1.903181
v 0.000000 -0.523577 2.061833
v -0.000000 -0.628677 1.058110
v 0.000000 -0.251041 2.215395
v 0.000000 0.055768 2.179993
v 0.155692 -0.526930 0.808122
v -0.000000 -0.541126 0.809302
v 0.302278 -0.482763 0.800039
v 0.447344 -0.397764 0.780974
v 0.652556 -0.110069 0.696738
v 0.569080 -0.270903 0.743725
v 0.688448 0.053587 0.653424
v 0.653058 0.346126 0.568979
v 0.684687 0.214580 0.611636
v 0.599621 0.459707 0.525740
v 0.530917 0.548722 0.489348
v 0.436515 0.627488 0.454301
v 0.166871 0.732266 0.408104
v 0.316786 0.688571 0.426011
v 0.000000 0.748535 0.402953
v 0.453004 -0.411573 0.901503
v 0.303075 -0.493784 0.900967
v 0.713934 -0.040378 1.072958
v 0.672717 -0.162335 0.988819
v -0.155692 -0.526930 0.808122
v -0.302278 -0.482763 0.800039
v -0.447344 -0.397764 0.780974
v -0.652556 -0.110069 0.696738
v -0.569080 -0.270903 0.743725
v -0.688448 0.053587 0.653424
v -0.653058 0.346126 0.568979
v -0.684687 0.214580 0.611636
v -0.599621 0.459707 0.525740
v -0.530917 0.548722 0.489348
v -0.436515 0.627488 0.454301
v -0.166871 0.732266 0.408104
v -0.316786 0.688571 0.426011
v -0.303075 -0.493784 0.900967
v -0.151230 -0.536106 0.905894
v -0.453004 -0.411573 0.901503
v -0.497976 0.296340 1.556144
v -0.590700 0.249407 1.464101
v -0.387299 0.329654 1.626076
v -0.269382 0.351092 1.674747
v -0.585477 -0.292079 0.928226
v 0.151230 -0.536106 0.905894
v -0.000000 -0.550072 0.908061
v 0.669316 0.180185 1.339146
v 0.713830 0.084635 1.199959
v 0.497976 0.296340 1.556144
v 0.590700 0.249407 1.464101
v 0.387299 0.329654 1.626076
v 0.269382 0.351092 1.674747
v -0.713934 -0.040378 1.072958
v -0.672717 -0.162335 0.988819
v 0.000000 0.367204 1.715427
v -0.140880 0.363607 1.705428
v 0.585477 -0.292079 0.928226
v 0.140880 0.363607 1.705428
v -0.713830 0.084635 1.199959
v -0.669316 0.180185 1.339146
v 0.078835 -0.537519 0.809193
v 0.229435 -0.509278 0.805150
v 0.376009 -0.445597 0.792452
v 0.668842 0.370604 0.618458
v 0.616409 -0.192616 0.720412
v 0.676254 -0.028276 0.674547
v 0.671983 0.283591 0.590571
v 0.628411 0.405536 0.546845
v 0.567775 0.506449 0.506988
v 0.486980 0.589602 0.471489
v 0.245098 0.713065 0.415529
v 0.084466 0.744368 0.404104
v 0.378840 -0.458044 0.899333
v 0.698619 -0.101429 1.026502
v 0.302676 -0.488273 0.850503
v 0.450174 -0.404668 0.841238
v 0.634969 -0.190832 0.802959
v 0.674776 -0.097499 0.768633
v 0.685706 -0.129241 0.938209
v 0.722100 -0.022415 0.939258
v 0.739715 0.106346 1.075509
v 0.654195 0.313567 1.355541
v 0.567678 0.379791 1.468059
v 0.464275 0.424418 1.550258
v 0.347062 0.456114 1.610568
v 0.219744 0.475189 1.650155
v 0.075948 0.485572 1.673758
v 0.719647 0.005252 0.837502
v 0.690682 0.136293 0.632537
v 0.728992 0.183893 0.758561
v 0.702839 0.329574 0.691430
v 0.658666 0.455540 0.649071
v 0.594657 0.565861 0.610425
v 0.391590 0.741160 0.544657
v 0.253302 0.793252 0.522721
v 0.087672 0.824696 0.510947
v 0.701919 0.236453 0.666228
v 0.512289 -0.339577 0.764436
v 0.711645 0.072814 0.732707
v 0.725279 -0.002325 1.038345
v 0.145628 0.421832 1.685764
v 0.615002 0.486718 0.576388
v 0.543290 0.583220 0.539884
v 0.322650 0.729695 0.477744
v 0.170665 0.773070 0.460317
v 0.000000 0.789482 0.454339
v 0.747616 0.105890 0.895596
v 0.745341 0.089739 0.980847
v 0.752056 0.201505 1.013414
v 0.661996 0.409017 1.302238
v 0.582119 0.480107 1.408282
v 0.483039 0.534545 1.487573
v 0.364287 0.573815 1.550167
v 0.230061 0.598047 1.591966
v 0.078653 0.611527 1.615871
v 0.152996 0.543497 1.638468
v 0.000000 0.549484 1.651995
v 0.292952 0.527252 1.605492
v 0.415877 0.500335 1.555641
v 0.528138 0.457446 1.482775
v 0.618935 0.400031 1.390577
v 0.739641 0.220248 1.115863
v 0.730708 0.284391 0.769708
v 0.725394 0.372606 0.800375
v 0.679691 0.499892 0.762918
v 0.610949 0.616950 0.727108
v 0.395372 0.805680 0.667200
v 0.252074 0.861279 0.648531
v 0.086583 0.893402 0.639422
v 0.695903 0.416917 0.724232
v 0.640191 0.537049 0.685362
v 0.561524 0.645965 0.649558
v 0.327576 0.805160 0.592081
v 0.172630 0.848778 0.576483
v -0.000000 0.865664 0.570479
v 0.000000 0.924568 0.711110
v 0.000000 0.956589 0.856926
v 0.000000 0.936002 1.179386
v 0.000000 0.878255 1.338155
v -0.000000 0.791778 1.471266
v 0.000000 0.677391 1.577433
v 0.171493 0.938615 0.856870
v 0.173553 0.918712 1.175912
v 0.172277 0.863424 1.329467
v 0.166945 0.778847 1.460374
v 0.087668 0.957372 0.930511
v 0.086146 0.939505 0.785090
v 0.082246 0.734562 1.525123
v 0.086391 0.834852 1.405300
v 0.087824 0.906503 1.260250
v 0.088510 0.948250 1.094100
v 0.328410 0.890842 0.860006
v 0.328239 0.873311 1.162764
v 0.327201 0.824905 1.305224
v 0.318624 0.747885 1.429640
v 0.250119 0.810612 1.384489
v 0.253392 0.875924 1.248585
v 0.253393 0.915692 1.088674
v 0.252960 0.924093 0.929772
v 0.251524 0.905877 0.788376
v 0.239793 0.713410 1.504474
v 0.158991 0.667655 1.566251
v 0.306001 0.644126 1.534010
v 0.170420 0.906750 0.713802
v 0.327441 0.860738 0.724386
v 0.380221 0.660281 0.439015
v 0.505157 0.664208 0.575463
v 0.515039 0.723426 0.694394
v 0.454474 0.740574 0.617619
v 0.444135 0.668454 0.505438
v 0.461025 0.790192 0.744710
v 0.463905 0.817590 0.869623
v 0.461626 0.803776 1.138616
v 0.457480 0.765002 1.266006
v 0.447291 0.699717 1.381164
v 0.433022 0.608020 1.482307
v 0.399124 0.845446 0.799397
v 0.399030 0.862707 0.929262
v 0.398228 0.855484 1.076121
v 0.397411 0.821108 1.224081
v 0.391706 0.766543 1.347949
v 0.378831 0.678722 1.463441
v 0.542572 0.554730 1.411070
v 0.553406 0.635813 1.314540
v 0.562250 0.691398 1.202186
v 0.497194 0.627629 1.402800
v 0.508906 0.704093 1.293557
v 0.515970 0.747800 1.180851
v 0.562699 0.724361 1.102051
v 0.569653 0.725835 0.897827
v 0.517719 0.775458 1.060133
v 0.519159 0.780874 0.938651
v 0.569731 0.694356 0.773357
v 0.520430 0.762178 0.820942
v 0.626842 0.490816 1.325961
v 0.631642 0.564599 1.242465
v 0.173513 0.943655 1.009274
v 0.328101 0.896576 1.004278
v 0.650838 0.612672 0.949601
v 0.591926 0.564406 1.328008
v 0.600940 0.630515 1.219955
v 0.000000 0.961160 1.010500
v 0.605374 0.687517 0.981818
v 0.653511 0.579180 0.807178
v 0.615790 0.656321 0.855797
v 0.716941 0.224169 1.216743
v 0.721739 0.332271 1.160972
v 0.694962 0.318750 1.261636
v 0.692689 0.423801 1.207385
v 0.660759 0.498268 1.240935
v 0.665407 0.535741 1.174773
v 0.698242 0.475479 1.119013
v 0.563459 0.739209 1.003903
v 0.599415 0.692255 1.048190
v 0.710755 0.456551 0.840978
v 0.686751 0.535550 0.890340
v 0.602554 0.672389 1.110118
v 0.462654 0.823455 0.998140
v 0.640998 0.605784 1.125329
v 0.711550 0.476491 0.975130
v 0.678927 0.552337 1.040677
v 0.727155 0.392672 1.062266
v 0.733416 0.398828 0.919862
v 0.747481 0.313340 0.991178
v 0.745763 0.323560 0.871461
v 0.756770 0.210709 0.882837
v 0.749430 0.247585 0.838587
v 0.755908 0.262221 0.922681
v 0.756975 0.186378 0.931956
v 0.749159 0.170202 0.841594
v 0.089189 0.770275 0.286223
v 0.171886 0.744895 0.351931
v 0.000000 0.761485 0.346086
v 0.263080 0.736882 0.298327
v 0.415092 0.676634 0.320175
v 0.537463 0.592879 0.352070
v 0.627562 0.495924 0.387082
v 0.688451 0.386593 0.424269
v 0.728713 0.256940 0.467449
v 0.744859 0.102258 0.513900
v 0.728548 -0.067456 0.563021
v 0.663295 -0.240709 0.614542
v 0.548578 -0.399910 0.664454
v 0.408491 -0.508493 0.702871
v 0.237204 -0.587615 0.714131
v 0.078560 -0.614417 0.715051
v 0.330134 0.699006 0.369226
v 0.458252 0.632677 0.396867
v 0.559932 0.546522 0.432112
v 0.630906 0.451509 0.467454
v 0.682650 0.334693 0.509170
v 0.712392 0.198497 0.553020
v 0.715320 0.035449 0.597653
v 0.678499 -0.131097 0.644920
v 0.590371 -0.297116 0.694522
v 0.462520 -0.430028 0.735556
v 0.311335 -0.518760 0.757117
v 0.156651 -0.564376 0.764298
v -0.000000 -0.579073 0.764344
v 0.233033 -0.803150 0.169360
v 0.113127 -0.799571 0.307471
v 0.118205 -0.745994 0.493359
v 0.238913 -0.686947 0.609645
v 0.390170 -0.657696 0.574516
v 0.492001 -0.654447 0.441308
v 0.508031 -0.690775 0.269640
v 0.396472 -0.762213 0.157499
v 0.242178 -0.711739 -0.683235
v 0.108829 -0.778670 -0.562221
v 0.109388 -0.820284 -0.389181
v 0.238965 -0.816770 -0.242740
v 0.400440 -0.771057 -0.236473
v 0.520257 -0.702802 -0.360430
v 0.511135 -0.672523 -0.528669
v 0.404444 -0.676917 -0.655844
v 0.067096 -0.802666 0.218007
v 0.073629 -0.698184 0.580867
v -0.000000 -0.735054 0.487550
v -0.000000 -0.788678 0.300677
v 0.058094 -0.769589 0.391612
v -0.000000 -0.765094 -0.565868
v -0.000000 -0.810689 -0.385625
v 0.051411 -0.794481 -0.476731
v 0.069876 -0.821398 -0.293599
v 0.068717 -0.730386 -0.651521
v 0.230391 -0.797283 0.039974
v 0.313569 -0.779543 0.098890
v 0.146559 -0.806322 0.126829
v 0.232027 -0.803337 -0.108823
v 0.151404 -0.819137 -0.196226
v 0.316111 -0.788144 -0.173361
v 0.149857 -0.813680 -0.032481
v 0.312683 -0.780332 -0.036132
v -0.000000 -0.824474 -0.031220
v 0.073826 -0.824229 -0.113263
v 0.072475 -0.817341 0.048784
v -0.000000 -0.812474 0.132819
v -0.000000 -0.826019 -0.201323
v 0.464645 -0.727620 -0.198735
v 0.459635 -0.719364 -0.045082
v 0.462232 -0.720661 0.108934
v 0.389499 -0.752339 0.035361
v 0.390760 -0.756848 -0.114397
v 0.138444 -0.811571 0.383615
v 0.163890 -0.824503 0.449933
v 0.254785 -0.779982 0.556688
v 0.386086 -0.754580 0.546461
v 0.473886 -0.746816 0.441406
v 0.479283 -0.770888 0.307162
v 0.392087 -0.814894 0.220845
v 0.260540 -0.849762 0.225685
v 0.170605 -0.851525 0.321260
v 0.454879 -0.756747 0.231831
v 0.320655 -0.807133 0.187270
v 0.184184 -0.826775 0.249572
v 0.183828 -0.747960 0.546539
v 0.318468 -0.719184 0.580666
v 0.442270 -0.698398 0.508088
v 0.495752 -0.710858 0.364815
v 0.130491 -0.826374 -0.475714
v 0.166468 -0.869891 -0.405176
v 0.265204 -0.865445 -0.300373
v 0.402646 -0.829892 -0.289180
v 0.494543 -0.786192 -0.382972
v 0.493688 -0.757896 -0.525986
v 0.400389 -0.761034 -0.633580
v 0.267131 -0.793635 -0.642550
v 0.169797 -0.838644 -0.545967
v 0.461136 -0.709831 -0.595089
v 0.329765 -0.730905 -0.664744
v 0.515672 -0.723581 -0.448721
v 0.464277 -0.767560 -0.309209
v 0.187805 -0.777800 -0.619128
v 0.328387 -0.818781 -0.258960
v 0.185665 -0.844257 -0.328113
v 0.530775 -0.670115 0.155441
v 0.521201 -0.677485 0.043505
v 0.535375 -0.679457 -0.262209
v 0.523318 -0.682748 -0.151071
v 0.591173 -0.619650 -0.067220
v 0.594033 -0.610944 -0.336227
v 0.550497 -0.595122 -0.540634
v 0.423882 -0.602088 -0.697749
v 0.245916 -0.620118 -0.777728
v 0.076084 -0.628588 -0.807053
v -0.000000 -0.683634 -0.735149
v 0.152717 -0.680988 -0.728806
v 0.328507 -0.654348 -0.711332
v 0.479773 -0.634975 -0.612547
v 0.551565 -0.644651 -0.440915
v 0.590461 -0.594671 0.212618
v 0.554606 -0.556390 0.441345
v 0.469702 -0.601780 0.534250
v 0.538451 -0.625948 0.343390
v 0.319358 -0.619760 0.646770
v 0.417737 -0.559062 0.636112
v 0.156559 -0.650371 0.656850
v -0.000000 -0.656800 0.656116
v 0.497162 -0.492502 0.630981
v 0.630626 -0.355192 0.575845
v 0.673537 -0.407523 0.402078
v 0.707395 -0.446000 0.170276
v 0.712854 -0.472048 -0.096924
v 0.687663 -0.478068 -0.351495
v 0.613515 -0.478273 -0.576190
v 0.467361 -0.484343 -0.765135
v 0.273458 -0.490952 -0.880604
v 0.086149 -0.493587 -0.929567
v -0.000000 -0.563812 -0.878972
v 0.165848 -0.562749 -0.857041
v 0.353327 -0.554608 -0.790119
v 0.521865 -0.544486 -0.651168
v 0.619595 -0.544947 -0.450658
v 0.650558 -0.554234 -0.217178
v 0.653790 -0.542114 0.058720
v 0.635131 -0.508390 0.311985
v 0.586283 -0.464421 0.524210
v 0.704879 -0.293811 0.471417
v 0.774658 -0.109120 0.420341
v 0.796413 0.071094 0.367633
v 0.781164 0.235025 0.318382
v 0.739130 0.371478 0.276801
v 0.675055 0.489313 0.239670
v 0.580041 0.596952 0.204773
v 0.446580 0.691923 0.174726
v 0.280773 0.759888 0.152735
v 0.095353 0.795356 0.138565
v -0.000000 0.787663 0.214427
v 0.183496 0.770177 0.221679
v 0.355728 0.720023 0.239045
v 0.499691 0.642707 0.265073
v 0.611601 0.543843 0.299274
v 0.686860 0.437906 0.334278
v 0.738531 0.314537 0.374559
v 0.767234 0.170064 0.420052
v 0.767037 -0.000883 0.471415
v 0.725176 -0.176741 0.523202
v 0.767218 -0.222126 0.353737
v 0.799681 -0.260138 0.125281
v 0.801913 -0.287243 -0.136841
v 0.763748 -0.302488 -0.385792
v 0.672770 -0.315408 -0.620145
v 0.510538 -0.328791 -0.826955
v 0.300574 -0.337451 -0.958228
v 0.095552 -0.341741 -1.013521
v 0.186059 -0.420221 -0.956108
v -0.000000 -0.421600 -0.981647
v 0.391047 -0.415335 -0.870867
v 0.745235 -0.336881 0.269779
v 0.765140 -0.371433 0.017801
v 0.750957 -0.390384 -0.246228
v 0.695237 -0.397510 -0.483476
v 0.576904 -0.406788 -0.705119
v 0.812802 -0.037221 0.304632
v 0.844068 -0.067599 0.082291
v 0.843915 -0.089742 -0.177033
v 0.802819 -0.108192 -0.425946
v 0.708380 -0.124292 -0.661962
v 0.541658 -0.137617 -0.874025
v 0.323950 -0.147362 -1.012536
v 0.104561 -0.153118 -1.072435
v 0.000000 -0.251233 -1.053064
v 0.814522 -0.147930 0.223535
v 0.833452 -0.177800 -0.025766
v 0.813815 -0.198287 -0.285248
v 0.749582 -0.213906 -0.523144
v 0.620465 -0.228992 -0.754934
v 0.423003 -0.240871 -0.932262
v 0.204070 -0.248116 -1.026101
v 0.814704 0.144078 0.254724
v 0.844957 0.121275 0.041889
v 0.845009 0.101239 -0.213403
v 0.804380 0.080691 -0.463584
v 0.714147 0.062438 -0.691491
v 0.556245 0.047101 -0.891911
v 0.337259 0.036566 -1.031329
v 0.108351 0.032133 -1.095219
v -0.000000 -0.058392 -1.095162
v 0.217534 -0.055705 -1.065879
v 0.836615 0.041064 0.177620
v 0.853960 0.019010 -0.064690
v 0.833355 -0.001162 -0.324534
v 0.768804 -0.019595 -0.562709
v 0.642141 -0.035475 -0.789030
v 0.445736 -0.047793 -0.966587
v 0.099626 0.812620 -0.039007
v 0.194303 0.791885 0.060211
v 0.000000 0.810055 0.051228
v 0.102045 0.813901 -0.251515
v 0.201728 0.802212 -0.133387
v 0.000000 0.819703 -0.143558
v 0.101925 0.794106 -0.484200
v 0.204734 0.793547 -0.364505
v -0.000000 0.811301 -0.371794
v 0.100247 0.741395 -0.680546
v 0.201886 0.759250 -0.584000
v -0.000000 0.778168 -0.586121
v 0.100188 0.639492 -0.861207
v 0.197585 0.682061 -0.771559
v -0.000000 0.700544 -0.776154
v 0.294776 0.775634 -0.022055
v 0.470356 0.702497 0.001261
v 0.609847 0.601103 0.030783
v 0.709280 0.483932 0.065617
v 0.776788 0.356616 0.099912
v 0.820383 0.213407 0.135649
v 0.784157 0.296746 0.212892
v 0.729535 0.427530 0.175839
v 0.377282 0.737617 0.080567
v 0.532981 0.651368 0.106483
v 0.650002 0.543682 0.140330
v 0.305025 0.777013 -0.236682
v 0.485180 0.703816 -0.217758
v 0.625578 0.600792 -0.193316
v 0.728914 0.474609 -0.163578
v 0.797135 0.338492 -0.132569
v 0.304870 0.756746 -0.475534
v 0.483087 0.686474 -0.459250
v 0.619725 0.585729 -0.437282
v 0.718632 0.459154 -0.412072
v 0.782669 0.319186 -0.385808
v 0.296156 0.705280 -0.675220
v 0.462038 0.642539 -0.662283
v 0.586656 0.552953 -0.643910
v 0.674109 0.436142 -0.625074
v 0.728100 0.299542 -0.609323
v 0.394549 0.745703 -0.113615
v 0.838325 0.193645 -0.100264
v 0.814430 0.277985 0.006182
v 0.554448 0.656805 -0.090270
v 0.675538 0.542704 -0.059477
v 0.759647 0.414890 -0.026573
v 0.820164 0.172018 -0.357972
v 0.817489 0.257328 -0.245372
v 0.401848 0.737632 -0.349494
v 0.560752 0.650556 -0.329048
v 0.681818 0.533723 -0.303298
v 0.765482 0.398985 -0.274823
v 0.758938 0.152029 -0.591789
v 0.780779 0.236245 -0.491133
v 0.733807 0.380666 -0.513739
v 0.658288 0.512923 -0.536263
v 0.545017 0.624416 -0.557386
v 0.393999 0.705634 -0.574111
v 0.282805 0.610144 -0.846075
v 0.428263 0.565966 -0.820543
v 0.535632 0.504981 -0.790421
v 0.594857 0.410199 -0.786558
v 0.627153 0.282328 -0.795618
v 0.642976 0.135247 -0.800121
v 0.699704 0.217853 -0.703697
v 0.665374 0.358836 -0.708345
v 0.606709 0.478181 -0.716796
v 0.507867 0.571508 -0.737409
v 0.373184 0.636692 -0.757972
v 0.454630 0.122402 -0.970222
v 0.338957 0.196090 -1.024067
v 0.555227 0.203894 -0.887362
v 0.220643 0.115809 -1.072280
v 0.000000 0.115006 -1.102297
v 0.107460 0.194755 -1.088728
v 0.543001 0.346709 -0.867314
v 0.338424 0.345757 -0.995264
v 0.105812 0.356985 -1.053817
v 0.000000 0.275776 -1.081959
v 0.452892 0.274974 -0.952580
v 0.219508 0.275050 -1.052427
v 0.472054 0.417001 -0.902948
v 0.348949 0.538658 -0.894622
v 0.389243 0.417059 -0.951339
v 0.191767 0.438880 -1.009633
v -0.000000 0.436496 -1.029188
v -0.000000 0.581380 -0.933540
v 0.193597 0.567469 -0.921562
v 0.100273 0.509355 -0.983303
v 0.265290 0.498018 -0.958617
v 0.471790 0.505436 -0.851905
v 0.412924 0.477185 -0.910054
v 0.524269 0.457055 -0.840064
v 0.287539 0.423024 -0.990840
v 0.277658 -0.939159 0.245967
v 0.195697 -0.942229 0.327628
v 0.192040 -0.923635 0.448586
v 0.273073 -0.899983 0.535476
v 0.389423 -0.880009 0.531506
v 0.469153 -0.870238 0.440903
v 0.472134 -0.882043 0.322710
v 0.393331 -0.912395 0.244762
v 0.281374 -0.904127 -0.626521
v 0.198615 -0.936020 -0.539689
v 0.195362 -0.959145 -0.415044
v 0.281064 -0.958517 -0.324996
v 0.399562 -0.938806 -0.318273
v 0.480717 -0.909226 -0.403843
v 0.481938 -0.885494 -0.528875
v 0.397840 -0.883810 -0.620185
v 0.393486 -1.203599 0.523324
v 0.451732 -1.203530 0.435311
v 0.451678 -1.203649 0.338548
v 0.393356 -1.203885 0.279642
v 0.310929 -1.204101 0.279717
v 0.252682 -1.204170 0.338727
v 0.252736 -1.204051 0.435427
v 0.311059 -1.203815 0.523337
v 0.270636 -1.197244 0.298729
v 0.198757 -1.015518 0.386095
v 0.237228 -1.000904 0.492033
v 0.339012 -0.984917 0.538390
v 0.437676 -0.973482 0.486781
v 0.479144 -0.972617 0.380553
v 0.439207 -0.988169 0.280840
v 0.339461 -1.009554 0.244122
v 0.393529 -1.203931 -0.346529
v 0.451824 -1.203671 -0.433697
v 0.451800 -1.203526 -0.529106
v 0.393473 -1.203580 -0.588013
v 0.311009 -1.203804 -0.588017
v 0.252714 -1.204064 -0.529117
v 0.252738 -1.204209 -0.433760
v 0.311065 -1.204154 -0.346584
v 0.270806 -1.196464 -0.569024
v 0.198960 -1.025164 -0.478896
v 0.240042 -1.033009 -0.371904
v 0.344646 -1.025150 -0.320737
v 0.443945 -1.008164 -0.366305
v 0.486876 -0.987778 -0.473610
v 0.444296 -0.978831 -0.580536
v 0.342079 -0.985582 -0.626813
v 0.259841 -1.146439 -0.574514
v 0.237361 -1.197244 -0.484154
v 0.270960 -1.197417 -0.381168
v 0.351920 -1.196882 -0.324404
v 0.432817 -1.195952 -0.380937
v 0.466261 -1.195171 -0.484067
v 0.432663 -1.194998 -0.568999
v 0.351702 -1.195533 -0.602552
v 0.305065 -1.178020 -0.596923
v 0.395922 -1.175920 -0.596887
v 0.460323 -1.175402 -0.532118
v 0.460543 -1.176768 -0.430758
v 0.396454 -1.179219 -0.340706
v 0.305598 -1.181318 -0.340897
v 0.241196 -1.181837 -0.431008
v 0.240976 -1.180470 -0.532212
v 0.259353 -1.151022 0.293803
v 0.237418 -1.197149 0.384030
v 0.270988 -1.196466 0.488399
v 0.351842 -1.195596 0.544585
v 0.432574 -1.195048 0.488157
v 0.465868 -1.195143 0.383395
v 0.432222 -1.195826 0.298236
v 0.351349 -1.196696 0.265080
v 0.304387 -1.180816 0.271200
v 0.394867 -1.178785 0.270492
v 0.459175 -1.176561 0.333878
v 0.459680 -1.175447 0.435915
v 0.396042 -1.176094 0.526796
v 0.305562 -1.178125 0.527297
v 0.241773 -1.180349 0.437406
v 0.241268 -1.181464 0.335576
v 0.386298 -1.206870 0.483222
v 0.419045 -1.206870 0.432000
v 0.419045 -1.206870 0.347201
v 0.386298 -1.206870 0.313486
v 0.318599 -1.206870 0.313486
v 0.285852 -1.206870 0.347201
v 0.285852 -1.206870 0.432000
v 0.318599 -1.206870 0.483222
v 0.258122 -1.206527 0.384733
v 0.285002 -1.206504 0.476684
v 0.352410 -1.206511 0.285007
v 0.284990 -1.206531 0.311893
v 0.446715 -1.206457 0.384711
v 0.419834 -1.206481 0.311876
v 0.352427 -1.206473 0.523119
v 0.419847 -1.206454 0.476678
v 0.386298 -1.206870 -0.386663
v 0.419045 -1.206870 -0.437123
v 0.419045 -1.206870 -0.520671
v 0.386298 -1.206870 -0.554278
v 0.318599 -1.206870 -0.554278
v 0.285852 -1.206870 -0.520671
v 0.285852 -1.206870 -0.437123
v 0.318599 -1.206870 -0.386664
v 0.419850 -1.206452 -0.555893
v 0.352422 -1.206471 -0.582752
v 0.419855 -1.206485 -0.393288
v 0.446729 -1.206458 -0.483568
v 0.258123 -1.206531 -0.483572
v 0.285002 -1.206537 -0.393298
v 0.284997 -1.206503 -0.555894
v 0.352430 -1.206518 -0.346946
v 0.352449 -1.206870 -0.522599
v 0.352449 -1.206870 -0.423811
v 0.313977 -1.206870 -0.478118
v 0.390920 -1.206870 -0.478118
v 0.352449 -1.206870 0.345154
v 0.352449 -1.206870 0.445208
v 0.313977 -1.206870 0.390059
v 0.390920 -1.206870 0.390059
v 0.223481 -1.151190 -0.483256
v 0.260545 -1.152383 -0.380959
v 0.349481 -1.149390 -0.328001
v 0.437876 -1.144040 -0.380596
v 0.474251 -1.139289 -0.482865
v 0.437125 -1.138043 -0.574130
v 0.348283 -1.140994 -0.611167
v 0.241684 -1.004778 -0.586756
v 0.294362 -1.083206 -0.608583
v 0.396652 -1.074793 -0.607211
v 0.469744 -1.074248 -0.532926
v 0.469882 -1.082157 -0.425637
v 0.398141 -1.093304 -0.341792
v 0.295584 -1.101430 -0.342870
v 0.222318 -1.102492 -0.427472
v 0.222447 -1.094871 -0.535056
v 0.225503 -1.150309 0.384259
v 0.261009 -1.146298 0.485969
v 0.348859 -1.141284 0.537452
v 0.436412 -1.138066 0.483380
v 0.471970 -1.138498 0.380568
v 0.434751 -1.142553 0.291218
v 0.346561 -1.147793 0.258141
v 0.238994 -1.021314 0.283720
v 0.292291 -1.096015 0.262130
v 0.393657 -1.086185 0.260371
v 0.465398 -1.075327 0.328066
v 0.465960 -1.070836 0.433202
v 0.395456 -1.074453 0.518849
v 0.294057 -1.082984 0.521209
v 0.223743 -1.092361 0.438345
v 0.223213 -1.098151 0.332609
v 0.209889 -0.845921 0.508416
v 0.326957 -0.818552 0.555770
v 0.437113 -0.800628 0.498852
v 0.484362 -0.803182 0.378257
v 0.443154 -0.833734 0.266887
v 0.331263 -0.871582 0.225126
v 0.218736 -0.891445 0.271780
v 0.170413 -0.877543 0.389057
v 0.217519 -0.910044 -0.354673
v 0.339725 -0.891915 -0.295201
v 0.452339 -0.858501 -0.338472
v 0.500516 -0.822644 -0.458819
v 0.452093 -0.809120 -0.586061
v 0.337174 -0.823279 -0.643253
v 0.222433 -0.859399 -0.598934
v 0.171550 -0.895687 -0.474827
v 0.146819 -0.783884 0.464750
v -0.078835 -0.537519 0.809193
v -0.229435 -0.509278 0.805150
v -0.376009 -0.445597 0.792452
v -0.668842 0.370604 0.618458
v -0.616409 -0.192617 0.720412
v -0.676254 -0.028276 0.674547
v -0.671983 0.283591 0.590571
v -0.628411 0.405536 0.546845
v -0.567775 0.506449 0.506988
v -0.486980 0.589602 0.471489
v -0.245098 0.713065 0.415529
v -0.084466 0.744368 0.404104
v -0.227088 -0.519156 0.903524
v -0.378840 -0.458044 0.899333
v -0.546247 0.275123 1.513795
v -0.444315 0.314500 1.593644
v -0.329167 0.341672 1.652866
v -0.153461 -0.531518 0.857008
v -0.302676 -0.488273 0.850503
v -0.523368 -0.355091 0.910509
v -0.450174 -0.404668 0.841238
v -0.577259 -0.283729 0.837321
v -0.642407 -0.201183 0.886209
v -0.634969 -0.190832 0.802959
v -0.674776 -0.097499 0.768633
v -0.722100 -0.022415 0.939258
v -0.739715 0.106346 1.075509
v -0.654195 0.313567 1.355541
v -0.567678 0.379791 1.468059
v -0.464275 0.424418 1.550258
v -0.347062 0.456114 1.610568
v -0.219744 0.475189 1.650156
v -0.075948 0.485572 1.673758
v -0.719647 0.005252 0.837502
v -0.690682 0.136293 0.632537
v -0.728992 0.183893 0.758561
v -0.702839 0.329574 0.691430
v -0.658666 0.455540 0.649071
v -0.594657 0.565861 0.610425
v -0.391590 0.741160 0.544657
v -0.253302 0.793253 0.522721
v -0.087672 0.824696 0.510947
v -0.701919 0.236453 0.666228
v -0.512289 -0.339577 0.764436
v -0.711645 0.072814 0.732707
v -0.724487 0.126138 1.173058
v -0.602536 0.300247 1.440972
v -0.508579 0.349665 1.535282
v -0.396766 0.385439 1.606250
v -0.277490 0.408242 1.654720
v -0.615002 0.486718 0.576388
v -0.543290 0.583220 0.539884
v -0.322650 0.729695 0.477744
v -0.170665 0.773070 0.460317
v -0.747616 0.105890 0.895596
v -0.745340 0.089739 0.980847
v -0.752056 0.201505 1.013414
v -0.661996 0.409017 1.302238
v -0.582119 0.480107 1.408282
v -0.483039 0.534545 1.487573
v -0.364287 0.573815 1.550167
v -0.230061 0.598047 1.591966
v -0.078653 0.611527 1.615871
v -0.152996 0.543497 1.638468
v -0.292952 0.527252 1.605492
v -0.415877 0.500335 1.555641
v -0.528138 0.457446 1.482775
v -0.618935 0.400031 1.390577
v -0.739641 0.220248 1.115863
v -0.730708 0.284391 0.769708
v -0.725394 0.372607 0.800375
v -0.679691 0.499892 0.762918
v -0.610949 0.616950 0.727108
v -0.395372 0.805680 0.667200
v -0.252074 0.861279 0.648531
v -0.086583 0.893402 0.639422
v -0.695903 0.416917 0.724232
v -0.640191 0.537049 0.685362
v -0.561524 0.645965 0.649558
v -0.327576 0.805160 0.592081
v -0.172630 0.848778 0.576483
v -0.171493 0.938615 0.856870
v -0.173553 0.918712 1.175912
v -0.172277 0.863424 1.329467
v -0.166945 0.778847 1.460375
v -0.087668 0.957372 0.930511
v -0.086146 0.939505 0.785090
v -0.082246 0.734562 1.525123
v -0.086391 0.834852 1.405300
v -0.087824 0.906503 1.260250
v -0.088510 0.948250 1.094100
v -0.328410 0.890842 0.860006
v -0.328239 0.873311 1.162764
v -0.327201 0.824905 1.305224
v -0.318624 0.747885 1.429640
v -0.250119 0.810613 1.384489
v -0.253392 0.875924 1.248585
v -0.253393 0.915692 1.088674
v -0.252960 0.924093 0.929772
v -0.251524 0.905877 0.788376
v -0.239793 0.713410 1.504474
v -0.158991 0.667655 1.566251
v -0.306001 0.644126 1.534010
v -0.170420 0.906750 0.713802
v -0.327441 0.860738 0.724385
v -0.380221 0.660281 0.439015
v -0.505157 0.664208 0.575463
v -0.515039 0.723426 0.694394
v -0.454474 0.740574 0.617619
v -0.444135 0.668454 0.505438
v -0.461025 0.790192 0.744710
v -0.463905 0.817590 0.869623
v -0.461626 0.803776 1.138615
v -0.457480 0.765002 1.266006
v -0.447291 0.699717 1.381164
v -0.433022 0.608020 1.482307
v -0.399124 0.845446 0.799397
v -0.399030 0.862707 0.929262
v -0.398228 0.855483 1.076121
v -0.397411 0.821108 1.224081
v -0.391706 0.766543 1.347949
v -0.378831 0.678722 1.463441
v -0.542572 0.554730 1.411070
v -0.553406 0.635813 1.314540
v -0.562250 0.691398 1.202186
v -0.497194 0.627629 1.402800
v -0.508906 0.704093 1.293557
v -0.515970 0.747800 1.180851
v -0.562699 0.724361 1.102051
v -0.569653 0.725835 0.897828
v -0.517719 0.775458 1.060133
v -0.519159 0.780874 0.938651
v -0.569731 0.694356 0.773357
v -0.520430 0.762178 0.820942
v -0.626842 0.490816 1.325961
v -0.631642 0.564599 1.242465
v -0.173513 0.943655 1.009274
v -0.328101 0.896576 1.004278
v -0.650838 0.612672 0.949602
v -0.591926 0.564406 1.328008
v -0.600940 0.630515 1.219955
v -0.605374 0.687517 0.981818
v -0.653511 0.579180 0.807178
v -0.615790 0.656321 0.855797
v -0.716941 0.224169 1.216743
v -0.721739 0.332271 1.160972
v -0.694962 0.318750 1.261636
v -0.692689 0.423801 1.207385
v -0.660759 0.498268 1.240935
v -0.665407 0.535741 1.174773
v -0.698242 0.475479 1.119013
v -0.563459 0.739209 1.003903
v -0.599415 0.692255 1.048190
v -0.710755 0.456551 0.840978
v -0.686751 0.535550 0.890340
v -0.602554 0.672389 1.110118
v -0.462654 0.823455 0.998140
v -0.640998 0.605784 1.125329
v -0.711550 0.476491 0.975130
v -0.678927 0.552337 1.040677
v -0.727155 0.392672 1.062266
v -0.733416 0.398828 0.919862
v -0.747481 0.313340 0.991178
v -0.745763 0.323560 0.871461
v -0.756770 0.210709 0.882837
v -0.749430 0.247585 0.838587
v -0.755908 0.262221 0.922681
v -0.756976 0.186378 0.931956
v -0.749159 0.170202 0.841594
v -0.089189 0.770275 0.286223
v -0.171886 0.744895 0.351931
v -0.263080 0.736882 0.298327
v -0.415092 0.676634 0.320175
v -0.537463 0.592879 0.352070
v -0.627562 0.495924 0.387082
v -0.688451 0.386593 0.424269
v -0.728713 0.256940 0.467449
v -0.744859 0.102258 0.513900
v -0.728548 -0.067456 0.563021
v -0.663295 -0.240709 0.614542
v -0.548578 -0.399910 0.664454
v -0.408491 -0.508493 0.702871
v -0.237204 -0.587615 0.714131
v -0.078560 -0.614417 0.715051
v -0.330134 0.699006 0.369226
v -0.458252 0.632677 0.396867
v -0.559932 0.546522 0.432112
v -0.630906 0.451509 0.467454
v -0.682650 0.334693 0.509170
v -0.712392 0.198497 0.553020
v -0.715320 0.035449 0.597653
v -0.678499 -0.131097 0.644920
v -0.590371 -0.297116 0.694522
v -0.462520 -0.430028 0.735556
v -0.311335 -0.518760 0.757117
v -0.156651 -0.564376 0.764298
v -0.233033 -0.803150 0.169360
v -0.113127 -0.799571 0.307471
v -0.118205 -0.745994 0.493359
v -0.238913 -0.686947 0.609645
v -0.390170 -0.657696 0.574516
v -0.492001 -0.654447 0.441308
v -0.508031 -0.690775 0.269639
v -0.396472 -0.762213 0.157499
v -0.242178 -0.711739 -0.683235
v -0.108829 -0.778670 -0.562221
v -0.109388 -0.820285 -0.389181
v -0.238965 -0.816770 -0.242740
v -0.400440 -0.771057 -0.236472
v -0.520257 -0.702802 -0.360430
v -0.511135 -0.672523 -0.528669
v -0.404444 -0.676917 -0.655844
v -0.067096 -0.802666 0.218007
v -0.073629 -0.698184 0.580867
v -0.058094 -0.769589 0.391612
v -0.051411 -0.794481 -0.476731
v -0.069876 -0.821398 -0.293599
v -0.068717 -0.730386 -0.651521
v -0.230391 -0.797283 0.039974
v -0.313569 -0.779543 0.098890
v -0.146559 -0.806322 0.126829
v -0.232027 -0.803337 -0.108823
v -0.151404 -0.819137 -0.196226
v -0.316111 -0.788144 -0.173361
v -0.149857 -0.813680 -0.032481
v -0.312683 -0.780332 -0.036132
v -0.073826 -0.824230 -0.113263
v -0.072475 -0.817341 0.048784
v -0.464645 -0.727620 -0.198735
v -0.459635 -0.719364 -0.045082
v -0.462232 -0.720661 0.108934
v -0.389499 -0.752339 0.035361
v -0.390760 -0.756848 -0.114397
v -0.138444 -0.811571 0.383615
v -0.163890 -0.824502 0.449933
v -0.254785 -0.779982 0.556688
v -0.386086 -0.754580 0.546460
v -0.473886 -0.746816 0.441406
v -0.479283 -0.770888 0.307162
v -0.392087 -0.814894 0.220845
v -0.260540 -0.849762 0.225685
v -0.170605 -0.851525 0.321260
v -0.454879 -0.756747 0.231831
v -0.320655 -0.807133 0.187270
v -0.184184 -0.826775 0.249572
v -0.183828 -0.747960 0.546539
v -0.318468 -0.719184 0.580666
v -0.442270 -0.698398 0.508088
v -0.495752 -0.710858 0.364815
v -0.130491 -0.826374 -0.475714
v -0.166468 -0.869891 -0.405176
v -0.265204 -0.865445 -0.300373
v -0.402646 -0.829892 -0.289180
v -0.494543 -0.786192 -0.382972
v -0.493688 -0.757896 -0.525986
v -0.400389 -0.761034 -0.633580
v -0.267131 -0.793635 -0.642550
v -0.169797 -0.838644 -0.545967
v -0.461136 -0.709831 -0.595089
v -0.329765 -0.730906 -0.664744
v -0.515672 -0.723581 -0.448721
v -0.464277 -0.767560 -0.309209
v -0.187805 -0.777800 -0.619128
v -0.328387 -0.818781 -0.258960
v -0.185665 -0.844257 -0.328113
v -0.530775 -0.670115 0.155441
v -0.521201 -0.677485 0.043505
v -0.535375 -0.679457 -0.262209
v -0.523318 -0.682748 -0.151071
v -0.591173 -0.619650 -0.067220
v -0.594033 -0.610944 -0.336227
v -0.550497 -0.595122 -0.540634
v -0.423882 -0.602088 -0.697749
v -0.245916 -0.620118 -0.777728
v -0.076084 -0.628588 -0.807053
v -0.152717 -0.680988 -0.728806
v -0.328507 -0.654348 -0.711332
v -0.479773 -0.634975 -0.612547
v -0.551565 -0.644651 -0.440915
v -0.590461 -0.594671 0.212618
v -0.554607 -0.556390 0.441345
v -0.469702 -0.601780 0.534250
v -0.538451 -0.625948 0.343390
v -0.319358 -0.619760 0.646770
v -0.417737 -0.559062 0.636112
v -0.156559 -0.650371 0.656850
v -0.497162 -0.492502 0.630981
v -0.630626 -0.355192 0.575845
v -0.673537 -0.407523 0.402078
v -0.707395 -0.446000 0.170276
v -0.712854 -0.472048 -0.096924
v -0.687663 -0.478068 -0.351495
v -0.613515 -0.478273 -0.576190
v -0.467361 -0.484343 -0.765135
v -0.273458 -0.490952 -0.880604
v -0.086149 -0.493587 -0.929567
v -0.165848 -0.562749 -0.857041
v -0.353327 -0.554608 -0.790119
v -0.521865 -0.544485 -0.651168
v -0.619595 -0.544947 -0.450658
v -0.650558 -0.554234 -0.217178
v -0.653790 -0.542114 0.058720
v -0.635131 -0.508390 0.311985
v -0.586283 -0.464421 0.524210
v -0.704879 -0.293811 0.471417
v -0.774658 -0.109120 0.420341
v -0.796413 0.071094 0.367633
v -0.781164 0.235025 0.318382
v -0.739130 0.371478 0.276801
v -0.675055 0.489313 0.239670
v -0.580041 0.596952 0.204773
v -0.446580 0.691923 0.174726
v -0.280773 0.759888 0.152734
v -0.095353 0.795356 0.138565
v -0.183496 0.770177 0.221679
v -0.355728 0.720023 0.239045
v -0.499691 0.642707 0.265073
v -0.611601 0.543842 0.299274
v -0.686860 0.437906 0.334278
v -0.738531 0.314537 0.374559
v -0.767234 0.170064 0.420052
v -0.767037 -0.000883 0.471415
v -0.725176 -0.176741 0.523202
v -0.767218 -0.222126 0.353737
v -0.799681 -0.260138 0.125281
v -0.801913 -0.287243 -0.136841
v -0.763748 -0.302488 -0.385792
v -0.672770 -0.315408 -0.620145
v -0.510538 -0.328791 -0.826956
v -0.300574 -0.337451 -0.958228
v -0.095552 -0.341741 -1.013521
v -0.186059 -0.420221 -0.956109
v -0.391047 -0.415334 -0.870867
v -0.745235 -0.336881 0.269779
v -0.765140 -0.371433 0.017801
v -0.750957 -0.390384 -0.246228
v -0.695237 -0.397510 -0.483476
v -0.576904 -0.406788 -0.705119
v -0.812802 -0.037221 0.304632
v -0.844068 -0.067599 0.082291
v -0.843915 -0.089742 -0.177033
v -0.802819 -0.108192 -0.425946
v -0.708380 -0.124292 -0.661962
v -0.541658 -0.137617 -0.874025
v -0.323950 -0.147362 -1.012536
v -0.104561 -0.153118 -1.072435
v -0.814522 -0.147930 0.223535
v -0.833452 -0.177800 -0.025766
v -0.813815 -0.198287 -0.285248
v -0.749582 -0.213906 -0.523144
v -0.620465 -0.228992 -0.754934
v -0.423003 -0.240871 -0.932262
v -0.204070 -0.248116 -1.026101
v -0.814704 0.144078 0.254724
v -0.844957 0.121275 0.041889
v -0.845009 0.101239 -0.213403
v -0.804380 0.080691 -0.463584
v -0.714147 0.062438 -0.691491
v -0.556244 0.047101 -0.891911
v -0.337259 0.036566 -1.031329
v -0.108351 0.032133 -1.095219
v -0.217534 -0.055705 -1.065879
v -0.836615 0.041064 0.177620
v -0.853960 0.019010 -0.064690
v -0.833355 -0.001162 -0.324534
v -0.768804 -0.019596 -0.562710
v -0.642141 -0.035475 -0.789030
v -0.445736 -0.047793 -0.966587
v -0.099626 0.812620 -0.039007
v -0.194303 0.791885 0.060211
v -0.102045 0.813901 -0.251515
v -0.201728 0.802212 -0.133387
v -0.101925 0.794106 -0.484200
v -0.204734 0.793547 -0.364505
v -0.100247 0.741395 -0.680546
v -0.201886 0.759250 -0.584001
v -0.100188 0.639492 -0.861207
v -0.197585 0.682061 -0.771559
v -0.294776 0.775635 -0.022055
v -0.470356 0.702497 0.001261
v -0.609847 0.601103 0.030783
v -0.709280 0.483932 0.065618
v -0.776788 0.356616 0.099912
v -0.820383 0.213407 0.135649
v -0.784157 0.296746 0.212892
v -0.729535 0.427530 0.175839
v -0.377282 0.737617 0.080567
v -0.532981 0.651368 0.106483
v -0.650002 0.543682 0.140330
v -0.305025 0.777013 -0.236682
v -0.485180 0.703816 -0.217758
v -0.625578 0.600792 -0.193316
v -0.728914 0.474609 -0.163578
v -0.797135 0.338492 -0.132569
v -0.304870 0.756746 -0.475534
v -0.483087 0.686474 -0.459250
v -0.619725 0.585729 -0.437282
v -0.718632 0.459154 -0.412072
v -0.782669 0.319186 -0.385808
v -0.296156 0.705280 -0.675220
v -0.462038 0.642539 -0.662283
v -0.586656 0.552953 -0.643910
v -0.674109 0.436142 -0.625074
v -0.728100 0.299542 -0.609323
v -0.394549 0.745703 -0.113615
v -0.838325 0.193645 -0.100264
v -0.814430 0.277985 0.006182
v -0.554448 0.656805 -0.090270
v -0.675538 0.542704 -0.059477
v -0.759647 0.414890 -0.026573
v -0.820164 0.172018 -0.357972
v -0.817489 0.257328 -0.245372
v -0.401848 0.737632 -0.349494
v -0.560752 0.650556 -0.329048
v -0.681818 0.533723 -0.303298
v -0.765482 0.398985 -0.274823
v -0.758938 0.152029 -0.591789
v -0.780779 0.236245 -0.491134
v -0.733807 0.380666 -0.513739
v -0.658288 0.512923 -0.536263
v -0.545017 0.624416 -0.557386
v -0.393999 0.705634 -0.574111
v -0.282805 0.610144 -0.846075
v -0.428263 0.565966 -0.820543
v -0.535632 0.504980 -0.790421
v -0.594857 0.410199 -0.786558
v -0.627153 0.282328 -0.795618
v -0.642976 0.135247 -0.800121
v -0.699704 0.217853 -0.703697
v -0.665374 0.358836 -0.708345
v -0.606709 0.478181 -0.716796
v -0.507867 0.571508 -0.737409
v -0.373184 0.636691 -0.757972
v -0.454630 0.122402 -0.970222
v -0.338957 0.196090 -1.024066
v -0.555227 0.203894 -0.887362
v -0.220643 0.115809 -1.072280
v -0.107460 0.194755 -1.088728
v -0.543001 0.346709 -0.867314
v -0.338424 0.345757 -0.995264
v -0.105812 0.356985 -1.053817
v -0.452892 0.274975 -0.952580
v -0.219508 0.275050 -1.052427
v -0.472054 0.417001 -0.902948
v -0.348949 0.538658 -0.894622
v -0.389244 0.417059 -0.951339
v -0.191767 0.438880 -1.009633
v -0.193597 0.567469 -0.921562
v -0.100273 0.509355 -0.983304
v -0.265290 0.498018 -0.958616
v -0.471790 0.505436 -0.851905
v -0.412924 0.477185 -0.910054
v -0.524269 0.457055 -0.840064
v -0.287539 0.423024 -0.990840
v -0.277658 -0.939159 0.245967
v -0.195697 -0.942229 0.327628
v -0.192040 -0.923635 0.448586
v -0.273073 -0.899983 0.535476
v -0.389423 -0.880009 0.531506
v -0.469153 -0.870238 0.440903
v -0.472134 -0.882043 0.322710
v -0.393331 -0.912395 0.244762
v -0.281374 -0.904127 -0.626521
v -0.198615 -0.936020 -0.539689
v -0.195362 -0.959145 -0.415044
v -0.281064 -0.958517 -0.324996
v -0.399562 -0.938806 -0.318273
v -0.480717 -0.909226 -0.403843
v -0.481938 -0.885494 -0.528875
v -0.397840 -0.883810 -0.620185
v -0.393486 -1.203599 0.523324
v -0.451732 -1.203530 0.435311
v -0.451678 -1.203649 0.338548
v -0.393356 -1.203885 0.279642
v -0.310929 -1.204101 0.279717
v -0.252682 -1.204170 0.338727
v -0.252736 -1.204051 0.435427
v -0.311059 -1.203815 0.523337
v -0.270636 -1.197244 0.298729
v -0.198757 -1.015518 0.386094
v -0.237228 -1.000904 0.492033
v -0.339012 -0.984917 0.538390
v -0.437676 -0.973482 0.486781
v -0.479144 -0.972617 0.380554
v -0.439207 -0.988169 0.280840
v -0.339461 -1.009554 0.244122
v -0.393529 -1.203931 -0.346529
v -0.451824 -1.203671 -0.433697
v -0.451800 -1.203525 -0.529106
v -0.393473 -1.203580 -0.588013
v -0.311009 -1.203804 -0.588017
v -0.252714 -1.204064 -0.529117
v -0.252738 -1.204209 -0.433760
v -0.311065 -1.204154 -0.346584
v -0.270806 -1.196464 -0.569024
v -0.198960 -1.025164 -0.478896
v -0.240042 -1.033009 -0.371904
v -0.344646 -1.025150 -0.320737
v -0.443946 -1.008164 -0.366305
v -0.486876 -0.987778 -0.473610
v -0.444296 -0.978830 -0.580536
v -0.342079 -0.985582 -0.626813
v -0.259841 -1.146439 -0.574514
v -0.237361 -1.197244 -0.484154
v -0.270960 -1.197417 -0.381168
v -0.351920 -1.196882 -0.324404
v -0.432817 -1.195952 -0.380937
v -0.466261 -1.195171 -0.484067
v -0.432662 -1.194998 -0.568999
v -0.351702 -1.195533 -0.602551
v -0.305065 -1.178020 -0.596923
v -0.395922 -1.175920 -0.596887
v -0.460323 -1.175402 -0.532118
v -0.460543 -1.176768 -0.430758
v -0.396454 -1.179219 -0.340705
v -0.305598 -1.181318 -0.340897
v -0.241196 -1.181837 -0.431008
v -0.240976 -1.180470 -0.532212
v -0.259353 -1.151022 0.293803
v -0.237417 -1.197148 0.384030
v -0.270988 -1.196466 0.488399
v -0.351842 -1.195596 0.544585
v -0.432574 -1.195048 0.488157
v -0.465868 -1.195143 0.383395
v -0.432222 -1.195826 0.298236
v -0.351349 -1.196696 0.265080
v -0.304387 -1.180816 0.271200
v -0.394867 -1.178785 0.270492
v -0.459175 -1.176561 0.333878
v -0.459680 -1.175447 0.435915
v -0.396042 -1.176094 0.526796
v -0.305562 -1.178125 0.527297
v -0.241773 -1.180349 0.437406
v -0.241268 -1.181464 0.335576
v -0.386298 -1.206870 0.483222
v -0.419045 -1.206870 0.432000
v -0.419045 -1.206870 0.347201
v -0.386298 -1.206870 0.313486
v -0.318599 -1.206870 0.313486
v -0.285852 -1.206870 0.347201
v -0.285852 -1.206870 0.432000
v -0.318599 -1.206870 0.483222
v -0.258122 -1.206527 0.384733
v -0.285002 -1.206504 0.476684
v -0.352410 -1.206512 0.285007
v -0.284990 -1.206531 0.311893
v -0.446715 -1.206457 0.384711
v -0.419834 -1.206481 0.311876
v -0.352427 -1.206473 0.523118
v -0.419847 -1.206454 0.476678
v -0.386298 -1.206870 -0.386663
v -0.419045 -1.206870 -0.437123
v -0.419045 -1.206870 -0.520671
v -0.386298 -1.206870 -0.554278
v -0.318599 -1.206870 -0.554278
v -0.285852 -1.206870 -0.520670
v -0.285852 -1.206870 -0.437123
v -0.318599 -1.206870 -0.386663
v -0.419850 -1.206452 -0.555893
v -0.352422 -1.206471 -0.582752
v -0.419855 -1.206485 -0.393288
v -0.446729 -1.206458 -0.483568
v -0.258123 -1.206531 -0.483572
v -0.285002 -1.206537 -0.393298
v -0.284997 -1.206503 -0.555894
v -0.352430 -1.206518 -0.346946
v -0.352449 -1.206870 -0.522599
v -0.352449 -1.206870 -0.423811
v -0.313977 -1.206870 -0.478118
v -0.390920 -1.206870 -0.478118
v -0.352449 -1.206870 0.345154
v -0.352449 -1.206870 0.445208
v -0.313977 -1.206870 0.390059
v -0.390920 -1.206870 0.390059
v -0.223481 -1.151190 -0.483256
v -0.260545 -1.152383 -0.380959
v -0.349481 -1.149390 -0.328001
v -0.437876 -1.144040 -0.380596
v -0.474251 -1.139289 -0.482865
v -0.437125 -1.138043 -0.574130
v -0.348283 -1.140994 -0.611167
v -0.241684 -1.004778 -0.586756
v -0.294362 -1.083206 -0.608583
v -0.396652 -1.074793 -0.607211
v -0.469744 -1.074248 -0.532926
v -0.469882 -1.082156 -0.425637
v -0.398141 -1.093304 -0.341792
v -0.295584 -1.101430 -0.342870
v -0.222318 -1.102493 -0.427472
v -0.222447 -1.094872 -0.535056
v -0.225503 -1.150309 0.384259
v -0.261009 -1.146298 0.485969
v -0.348859 -1.141284 0.537452
v -0.436412 -1.138066 0.483380
v -0.471970 -1.138498 0.380568
v -0.434751 -1.142553 0.291218
v -0.346561 -1.147793 0.258141
v -0.238994 -1.021314 0.283719
v -0.292291 -1.096015 0.262130
v -0.393657 -1.086185 0.260371
v -0.465398 -1.075327 0.328066
v -0.465960 -1.070836 0.433202
v -0.395456 -1.074454 0.518849
v -0.294057 -1.082984 0.521209
v -0.223743 -1.092361 0.438345
v -0.223213 -1.098151 0.332609
v -0.209889 -0.845921 0.508416
v -0.326957 -0.818552 0.555770
v -0.437113 -0.800627 0.498852
v -0.484362 -0.803182 0.378257
v -0.443154 -0.833734 0.266887
v -0.331263 -0.871582 0.225125
v -0.218736 -0.891445 0.271780
v -0.170413 -0.877543 0.389057
v -0.217519 -0.910043 -0.354673
v -0.339725 -0.891915 -0.295201
v -0.452339 -0.858501 -0.338473
v -0.500516 -0.822644 -0.458819
v -0.452093 -0.809120 -0.586061
v -0.337174 -0.823279 -0.643253
v -0.222433 -0.859399 -0.598934
v -0.171550 -0.895687 -0.474827
v -0.146819 -0.783884 0.464750
v 0.075560 -0.546468 0.907491
v 0.696912 0.136533 1.269933
v 0.546247 0.275123 1.513795
v 0.444315 0.314500 1.593644
v 0.329167 0.341672 1.652866
v 0.632716 0.217760 1.405030
v 0.076888 0.346512 1.798367
v 0.000000 0.358822 1.756827
v 0.221885 0.337392 1.775283
v 0.352660 0.319302 1.730553
v 0.474027 0.291188 1.662594
v 0.581193 0.250091 1.572801
v 0.671996 0.187355 1.458499
v 0.735274 0.099123 1.322343
v 0.755265 -0.012600 1.187876
v 0.735191 -0.137760 1.084167
v 0.669481 -0.272809 1.016339
v 0.548473 -0.404244 0.975065
v 0.393186 -0.502450 0.961602
v 0.234871 -0.559074 0.965715
v 0.078708 -0.584233 0.972166
v 0.153735 -0.554986 0.935983
v -0.000000 -0.568455 0.939240
v 0.600588 -0.317133 0.958892
v 0.731937 0.065606 1.225578
v 0.688948 0.163740 1.364589
v 0.609200 0.236784 1.490639
v 0.513491 0.285412 1.586809
v 0.278616 0.341329 1.713902
v 0.400084 0.319014 1.661604
v 0.000000 -0.647845 1.108759
v -0.000000 -0.680066 1.232314
v -0.000000 -0.699766 1.383705
v -0.000000 -0.701451 1.542992
v 0.000000 -0.683377 1.696247
v 0.000000 -0.643289 1.846077
v 0.000000 -0.462509 2.117933
v 0.000000 0.116401 2.146868
v 0.000000 0.212819 2.059271
v 0.000000 0.283863 1.955983
v 0.000000 -0.573451 1.994455
v 0.000000 -0.608151 1.012980
v 0.000000 -0.324340 2.194714
v 0.000000 -0.015896 2.204994
v 0.083784 0.309130 1.899435
v 0.240778 0.300337 1.872756
v 0.383696 0.282385 1.823668
v 0.511256 0.254121 1.748262
v 0.619985 0.210914 1.648410
v 0.711906 0.145622 1.526913
v 0.774017 0.056252 1.388880
v 0.794690 -0.054255 1.260506
v 0.773191 -0.178178 1.161981
v 0.701992 -0.316172 1.095426
v 0.576125 -0.448941 1.058620
v 0.413481 -0.544960 1.046158
v 0.247245 -0.600069 1.048669
v 0.083941 -0.625178 1.056266
v 0.161573 -0.595158 1.008084
v 0.320719 -0.557081 1.001878
v 0.484798 -0.481275 1.004944
v 0.630710 -0.364298 1.030566
v 0.727206 -0.224346 1.083265
v 0.769628 -0.093755 1.166162
v 0.770369 0.025634 1.284541
v 0.728842 0.126420 1.422854
v 0.648491 0.203705 1.552376
v 0.548284 0.256173 1.657890
v 0.431421 0.290647 1.742565
v 0.300175 0.313759 1.801398
v 0.157911 0.326961 1.837732
v 0.171249 0.279124 1.941297
v 0.184095 0.208950 2.042301
v 0.195899 0.113636 2.127212
v 0.204412 -0.019184 2.185556
v 0.204617 -0.323329 2.173012
v 0.202541 -0.457771 2.099148
v 0.198679 -0.564365 1.980625
v 0.194499 -0.632302 1.833969
v 0.192471 -0.671358 1.684953
v 0.191701 -0.688330 1.534179
v 0.187024 -0.686327 1.377641
v 0.179119 -0.666177 1.225808
v 0.170995 -0.634078 1.101909
v 0.089791 0.250421 2.004175
v 0.095931 0.167148 2.101336
v 0.101207 0.054997 2.174922
v 0.103984 -0.095120 2.215385
v 0.103336 -0.251159 2.209937
v 0.102667 -0.394075 2.156534
v 0.100778 -0.521799 2.057544
v 0.098313 -0.610281 1.917331
v 0.096376 -0.663723 1.767645
v 0.096498 -0.691754 1.617374
v 0.095622 -0.699695 1.461691
v 0.092128 -0.688437 1.303625
v 0.088347 -0.661367 1.164017
v 0.261949 0.241073 1.976009
v 0.418530 0.222501 1.924044
v 0.548895 0.195234 1.844595
v 0.656273 0.153910 1.738842
v 0.744336 0.091409 1.613092
v 0.803537 0.007572 1.479652
v 0.826984 -0.105864 1.348491
v 0.801324 -0.226531 1.247995
v 0.728356 -0.357374 1.191755
v 0.599437 -0.488078 1.160995
v 0.432851 -0.578709 1.150485
v 0.259534 -0.634748 1.154418
v 0.336706 -0.595093 1.094862
v 0.509203 -0.520718 1.098074
v 0.658985 -0.407281 1.120941
v 0.760638 -0.265523 1.169721
v 0.806954 -0.139471 1.252920
v 0.807374 -0.021846 1.364842
v 0.764443 0.078536 1.500451
v 0.687085 0.155029 1.633973
v 0.586422 0.208314 1.747720
v 0.469666 0.242331 1.839429
v 0.327794 0.265400 1.902814
v 0.355817 0.195990 1.998948
v 0.377281 0.103725 2.075963
v 0.392102 -0.026726 2.129909
v 0.392825 -0.320772 2.116904
v 0.388772 -0.444605 2.052871
v 0.385482 -0.537236 1.948799
v 0.383219 -0.596644 1.811868
v 0.380187 -0.632825 1.665771
v 0.376410 -0.648574 1.518605
v 0.368359 -0.645862 1.368723
v 0.353263 -0.626029 1.218508
v 0.272455 -0.661945 1.295851
v 0.282493 -0.673060 1.450410
v 0.286600 -0.666245 1.601437
v 0.289399 -0.639402 1.749392
v 0.293638 -0.588984 1.896072
v 0.297981 -0.507336 2.028185
v 0.301552 -0.388941 2.118033
v 0.303910 -0.251071 2.168989
v 0.305182 -0.099718 2.176186
v 0.296445 0.049249 2.136925
v 0.281482 0.160375 2.066726
v 0.450951 -0.606160 1.290678
v 0.612620 -0.521217 1.291984
v 0.739791 -0.392215 1.304243
v 0.811737 -0.246242 1.313098
v 0.779449 -0.306300 1.261059
v 0.676309 -0.447825 1.232826
v 0.528617 -0.553757 1.218676
v 0.462515 -0.617779 1.439292
v 0.620668 -0.534357 1.432148
v 0.746345 -0.405285 1.428954
v 0.822641 -0.246829 1.428426
v 0.542146 -0.575528 1.363313
v 0.684154 -0.473439 1.362955
v 0.790155 -0.322132 1.367910
v 0.832039 -0.177813 1.369969
v 0.836988 -0.114210 1.424258
v 0.786818 0.025671 1.591901
v 0.827665 -0.054147 1.490152
v 0.805871 -0.060251 1.652704
v 0.816121 -0.038031 1.573481
v 0.466306 -0.613099 1.582915
v 0.621423 -0.530777 1.569135
v 0.744501 -0.402841 1.559712
v 0.548023 -0.579738 1.504926
v 0.688475 -0.477366 1.496867
v 0.793433 -0.325194 1.491344
v 0.819700 -0.239177 1.551301
v 0.833921 -0.099487 1.539142
v 0.837059 -0.169888 1.486753
v 0.824911 -0.150977 1.605873
v 0.768269 0.022896 1.688922
v 0.686259 0.080709 1.813398
v 0.578218 0.118706 1.924955
v 0.446477 0.144114 2.007435
v 0.503727 0.173676 1.931479
v 0.619700 0.141710 1.837020
v 0.718536 0.092615 1.717877
v 0.788085 -0.074250 1.733505
v 0.710934 -0.016899 1.859600
v 0.599683 0.016002 1.980061
v 0.465123 0.036693 2.070293
v 0.798387 -0.225540 1.678124
v 0.726685 -0.389911 1.695380
v 0.605658 -0.518978 1.708637
v 0.466411 -0.589137 1.729463
v 0.546107 -0.567418 1.647473
v 0.680807 -0.468828 1.634512
v 0.782329 -0.316848 1.619967
v 0.745492 0.008884 1.774565
v 0.646828 0.056118 1.901706
v 0.527563 0.084606 2.001706
v 0.542412 -0.040599 2.048682
v 0.000000 -0.173660 2.223822
v 0.206302 -0.175431 2.203570
v 0.522472 -0.492362 1.920973
v 0.535709 -0.323331 2.039389
v 0.521425 -0.428112 1.997204
v 0.464982 -0.546375 1.868433
v 0.536481 -0.542014 1.784032
v 0.461557 -0.482004 1.984418
v 0.467113 -0.383232 2.054976
v 0.473814 -0.253202 2.098388
v 0.475621 -0.107481 2.105262
v 0.664983 -0.063175 1.940389
v 0.662361 -0.204182 1.953725
v 0.545354 -0.186812 2.062757
v 0.609251 -0.122886 2.009514
v 0.396408 -0.178491 2.145790
v 0.600082 -0.263571 2.006470
v 0.608688 -0.467286 1.840695
v 0.666950 -0.438411 1.776335
v 0.760599 -0.093493 1.809203
v 0.750500 -0.221835 1.817870
v 0.718649 -0.144936 1.883933
v 0.693650 -0.282956 1.888653
v 0.752967 -0.302471 1.753410
v 0.694329 -0.362731 1.825837
v 0.789804 -0.153784 1.747450
v 0.633809 -0.407011 1.883857
v 0.572794 -0.383025 1.983098
v 0.630852 -0.337034 1.944709
v 0.562147 -0.438427 1.951811
v 0.607320 -0.496388 1.781117
v 0.000000 0.331633 1.850728
v 0.579171 -0.457521 1.899400
v -0.698619 -0.101429 1.026502
v -0.071420 0.366394 1.713005
v -0.076888 0.346512 1.798367
v -0.145879 0.354550 1.746213
v -0.221885 0.337392 1.775283
v -0.352660 0.319302 1.730553
v -0.474027 0.291188 1.662594
v -0.581194 0.250091 1.572801
v -0.671996 0.187355 1.458499
v -0.735274 0.099123 1.322343
v -0.755265 -0.012600 1.187876
v -0.735191 -0.137760 1.084167
v -0.669481 -0.272809 1.016339
v -0.548473 -0.404244 0.975065
v -0.393186 -0.502450 0.961602
v -0.234871 -0.559074 0.965715
v -0.078708 -0.584233 0.972166
v -0.690907 -0.182851 1.016237
v -0.731500 -0.057061 1.100294
v -0.688948 0.163740 1.364589
v -0.083784 0.309130 1.899435
v -0.240778 0.300337 1.872757
v -0.383696 0.282385 1.823668
v -0.511256 0.254121 1.748262
v -0.619985 0.210914 1.648410
v -0.711906 0.145622 1.526913
v -0.774017 0.056252 1.388880
v -0.794690 -0.054255 1.260506
v -0.773191 -0.178178 1.161981
v -0.701992 -0.316172 1.095426
v -0.576125 -0.448941 1.058620
v -0.413481 -0.544960 1.046158
v -0.247245 -0.600069 1.048669
v -0.083941 -0.625178 1.056266
v -0.161573 -0.595158 1.008084
v -0.320719 -0.557081 1.001878
v -0.484798 -0.481274 1.004944
v -0.630710 -0.364298 1.030566
v -0.727206 -0.224346 1.083265
v -0.769628 -0.093755 1.166162
v -0.770369 0.025634 1.284541
v -0.728842 0.126420 1.422854
v -0.648491 0.203705 1.552376
v -0.548284 0.256173 1.657890
v -0.431421 0.290647 1.742565
v -0.300175 0.313759 1.801397
v -0.157911 0.326961 1.837732
v -0.171249 0.279124 1.941296
v -0.184095 0.208950 2.042301
v -0.195899 0.113636 2.127212
v -0.204412 -0.019184 2.185556
v -0.204617 -0.323329 2.173012
v -0.202541 -0.457771 2.099148
v -0.198679 -0.564365 1.980625
v -0.194499 -0.632302 1.833969
v -0.192471 -0.671358 1.684953
v -0.191701 -0.688330 1.534179
v -0.187024 -0.686327 1.377641
v -0.179119 -0.666177 1.225808
v -0.170995 -0.634078 1.101909
v -0.089791 0.250421 2.004175
v -0.095931 0.167148 2.101336
v -0.101207 0.054996 2.174921
v -0.103984 -0.095120 2.215385
v -0.103336 -0.251159 2.209937
v -0.102667 -0.394075 2.156534
v -0.100778 -0.521799 2.057544
v -0.098313 -0.610280 1.917331
v -0.096376 -0.663723 1.767645
v -0.096498 -0.691754 1.617374
v -0.095622 -0.699695 1.461691
v -0.092128 -0.688437 1.303625
v -0.088347 -0.661366 1.164017
v -0.261949 0.241073 1.976009
v -0.418530 0.222501 1.924044
v -0.548895 0.195234 1.844595
v -0.656273 0.153910 1.738842
v -0.744336 0.091409 1.613092
v -0.803537 0.007572 1.479652
v -0.826984 -0.105864 1.348491
v -0.801324 -0.226530 1.247995
v -0.728356 -0.357374 1.191755
v -0.599437 -0.488078 1.160995
v -0.432851 -0.578709 1.150485
v -0.259534 -0.634748 1.154418
v -0.336706 -0.595093 1.094862
v -0.509203 -0.520717 1.098074
v -0.658985 -0.407281 1.120941
v -0.760638 -0.265523 1.169721
v -0.806954 -0.139471 1.252920
v -0.807374 -0.021846 1.364842
v -0.764443 0.078536 1.500451
v -0.687085 0.155029 1.633973
v -0.586422 0.208314 1.747720
v -0.469666 0.242331 1.839429
v -0.327794 0.265400 1.902814
v -0.355817 0.195990 1.998949
v -0.377281 0.103725 2.075963
v -0.392102 -0.026726 2.129909
v -0.392825 -0.320772 2.116904
v -0.388772 -0.444605 2.052870
v -0.385482 -0.537236 1.948799
v -0.383219 -0.596644 1.811868
v -0.380187 -0.632825 1.665771
v -0.376410 -0.648574 1.518605
v -0.368359 -0.645861 1.368723
v -0.353263 -0.626029 1.218508
v -0.272455 -0.661945 1.295851
v -0.282493 -0.673060 1.450410
v -0.286600 -0.666245 1.601437
v -0.289399 -0.639402 1.749392
v -0.293638 -0.588984 1.896072
v -0.297981 -0.507336 2.028185
v -0.301552 -0.388941 2.118033
v -0.303910 -0.251071 2.168989
v -0.305182 -0.099718 2.176186
v -0.296445 0.049249 2.136925
v -0.281482 0.160375 2.066726
v -0.450951 -0.606160 1.290678
v -0.612620 -0.521217 1.291984
v -0.739791 -0.392215 1.304243
v -0.811737 -0.246242 1.313098
v -0.779449 -0.306300 1.261059
v -0.676309 -0.447825 1.232826
v -0.528617 -0.553757 1.218677
v -0.462515 -0.617779 1.439292
v -0.620668 -0.534357 1.432148
v -0.746345 -0.405285 1.428954
v -0.822641 -0.246829 1.428426
v -0.542146 -0.575528 1.363313
v -0.684154 -0.473439 1.362955
v -0.790155 -0.322132 1.367910
v -0.832039 -0.177813 1.369969
v -0.836988 -0.114210 1.424258
v -0.786818 0.025671 1.591901
v -0.827665 -0.054147 1.490152
v -0.805871 -0.060251 1.652705
v -0.816121 -0.038031 1.573481
v -0.466306 -0.613099 1.582915
v -0.621423 -0.530777 1.569135
v -0.744501 -0.402841 1.559712
v -0.548023 -0.579738 1.504926
v -0.688475 -0.477366 1.496867
v -0.793433 -0.325194 1.491344
v -0.819700 -0.239177 1.551301
v -0.833921 -0.099487 1.539142
v -0.837059 -0.169888 1.486753
v -0.824911 -0.150977 1.605873
v -0.768269 0.022896 1.688921
v -0.686259 0.080709 1.813398
v -0.578218 0.118706 1.924955
v -0.446477 0.144114 2.007435
v -0.503727 0.173676 1.931479
v -0.619700 0.141710 1.837020
v -0.718536 0.092615 1.717877
v -0.788085 -0.074250 1.733505
v -0.710934 -0.016899 1.859599
v -0.599683 0.016002 1.980061
v -0.465123 0.036693 2.070293
v -0.798387 -0.225540 1.678124
v -0.726685 -0.389911 1.695381
v -0.605658 -0.518978 1.708636
v -0.466411 -0.589137 1.729463
v -0.546107 -0.567418 1.647473
v -0.680807 -0.468828 1.634511
v -0.782329 -0.316848 1.619967
v -0.745492 0.008884 1.774565
v -0.646828 0.056118 1.901706
v -0.527564 0.084606 2.001706
v -0.542412 -0.040599 2.048682
v -0.206302 -0.175431 2.203570
v -0.522472 -0.492362 1.920973
v -0.535709 -0.323331 2.039389
v -0.521425 -0.428112 1.997204
v -0.464982 -0.546375 1.868433
v -0.536481 -0.542014 1.784032
v -0.461557 -0.482004 1.984418
v -0.467113 -0.383232 2.054976
v -0.473814 -0.253202 2.098388
v -0.475621 -0.107481 2.105262
v -0.664983 -0.063175 1.940389
v -0.662361 -0.204182 1.953725
v -0.545354 -0.186812 2.062756
v -0.609251 -0.122885 2.009514
v -0.396408 -0.178491 2.145790
v -0.600082 -0.263571 2.006470
v -0.608688 -0.467286 1.840695
v -0.666950 -0.438411 1.776335
v -0.760599 -0.093493 1.809203
v -0.750500 -0.221835 1.817870
v -0.718649 -0.144936 1.883933
v -0.693650 -0.282956 1.888653
v -0.752967 -0.302471 1.753410
v -0.694329 -0.362731 1.825837
v -0.789804 -0.153784 1.747450
v -0.633809 -0.407011 1.883857
v -0.572794 -0.383025 1.983098
v -0.630852 -0.337034 1.944709
v -0.562147 -0.438427 1.951811
v -0.607320 -0.496388 1.781117
v -0.579171 -0.457521 1.899400
v 0.227088 -0.519156 0.903524
v 0.635297 -0.226603 0.955325
v 0.719261 0.023592 1.132300
v 0.206832 0.358450 1.692454
v 0.071420 0.366394 1.713005
v 0.153461 -0.531518 0.857008
v -0.000000 -0.545599 0.858682
v 0.523368 -0.355091 0.910509
v 0.577259 -0.283729 0.837321
v 0.642407 -0.201183 0.886209
v 0.724487 0.126138 1.173058
v 0.602536 0.300247 1.440972
v 0.508579 0.349665 1.535282
v 0.396766 0.385439 1.606250
v 0.277490 0.408242 1.654720
v 0.000000 0.426531 1.697706
v 0.680976 0.224907 1.313251
v -0.075560 -0.546468 0.907491
v -0.635297 -0.226603 0.955325
v -0.719261 0.023592 1.132300
v -0.696912 0.136533 1.269933
v -0.206832 0.358450 1.692454
v -0.685706 -0.129241 0.938209
v -0.725279 -0.002325 1.038345
v -0.145628 0.421832 1.685764
v -0.632716 0.217760 1.405030
v -0.680977 0.224907 1.313251
v 0.145879 0.354550 1.746213
v 0.307676 -0.514643 0.929994
v 0.462200 -0.435173 0.931342
v 0.690908 -0.182851 1.016237
v 0.731500 -0.057061 1.100294
v -0.153735 -0.554986 0.935983
v -0.307676 -0.514643 0.929994
v -0.462200 -0.435173 0.931342
v -0.600589 -0.317133 0.958892
v -0.731937 0.065606 1.225578
v -0.609200 0.236784 1.490639
v -0.513491 0.285412 1.586809
v -0.278616 0.341329 1.713902
v -0.400084 0.319014 1.661604
v 0.078835 -0.537519 0.809193
v 0.229435 -0.509278 0.805150
v -0.078835 -0.537519 0.809193
v 0.376009 -0.445597 0.792452
v 0.512289 -0.339577 0.764436
v 0.616409 -0.192616 0.720412
v 0.676254 -0.028276 0.674547
v 0.690682 0.136293 0.632537
v 0.671983 0.283591 0.590571
v 0.628411 0.405536 0.546845
v 0.567775 0.506449 0.506988
v 0.486980 0.589602 0.471489
v 0.380221 0.660281 0.439015
v 0.245098 0.713065 0.415529
v 0.084466 0.744368 0.404104
v -0.084466 0.744368 0.404104
v 0.378840 -0.458044 0.899333
v 0.523368 -0.355092 0.910509
v 0.227088 -0.519156 0.903524
v 0.698619 -0.101429 1.026502
v 0.719261 0.023592 1.132300
v 0.635297 -0.226603 0.955325
v -0.229435 -0.509278 0.805150
v -0.376009 -0.445597 0.792452
v -0.512289 -0.339577 0.764436
v -0.616409 -0.192616 0.720412
v -0.676254 -0.028276 0.674547
v -0.690682 0.136293 0.632537
v -0.671983 0.283591 0.590571
v -0.628411 0.405536 0.546845
v -0.567775 0.506449 0.506988
v -0.486980 0.589602 0.471489
v -0.380221 0.660281 0.439015
v -0.245098 0.713065 0.415529
v -0.227088 -0.519156 0.903524
v -0.378840 -0.458044 0.899333
v -0.075560 -0.546468 0.907491
v -0.523368 -0.355092 0.910509
v -0.546247 0.275123 1.513795
v -0.444315 0.314500 1.593644
v -0.632716 0.217760 1.405030
v -0.329167 0.341672 1.652866
v -0.206832 0.358450 1.692454
v -0.635297 -0.226603 0.955325
v 0.075560 -0.546468 0.907491
v 0.696912 0.136533 1.269933
v 0.632716 0.217760 1.405030
v 0.546247 0.275123 1.513795
v 0.444315 0.314500 1.593644
v 0.329167 0.341672 1.652866
v 0.206832 0.358450 1.692454
v -0.698619 -0.101429 1.026502
v -0.719261 0.023592 1.132300
v -0.071420 0.366394 1.713005
v 0.071420 0.366394 1.713005
v -0.696912 0.136533 1.269933
v 0.077197 -0.541993 0.858342
v 0.228261 -0.514217 0.854337
v 0.377424 -0.451820 0.845892
v 0.517732 -0.347715 0.837592
v 0.621458 -0.224454 0.841922
v 0.644748 -0.160969 0.765371
v 0.657333 -0.184480 0.924163
v 0.710412 -0.065893 0.980825
v 0.730126 0.063604 1.103609
v 0.707970 0.179320 1.243520
v 0.557548 0.327535 1.491958
v 0.454302 0.369041 1.573469
v 0.338110 0.398287 1.633030
v 0.213517 0.416082 1.672328
v 0.073882 0.425344 1.694541
v 0.699188 -0.014094 0.756300
v 0.710978 0.157538 0.699002
v 0.687920 0.306692 0.640333
v 0.644183 0.430956 0.596995
v 0.582050 0.536747 0.557631
v 0.496827 0.628010 0.522248
v 0.250150 0.753903 0.467651
v 0.086503 0.785256 0.455848
v 0.736033 0.040203 0.912354
v 0.077390 0.547926 1.648325
v 0.225189 0.536536 1.623950
v 0.355939 0.515559 1.583215
v 0.474082 0.480656 1.521599
v 0.575763 0.431347 1.440341
v 0.721979 0.273604 1.189104
v 0.747001 0.153610 1.047402
v 0.715702 0.351867 0.744871
v 0.670706 0.478582 0.704524
v 0.604272 0.592750 0.667024
v 0.510932 0.696272 0.633006
v 0.253376 0.829595 0.583066
v 0.087435 0.861234 0.572104
v 0.086810 0.951841 0.856774
v 0.084509 0.788200 1.468485
v 0.088265 0.931404 1.178636
v 0.087359 0.874286 1.335934
v 0.252584 0.846939 1.319075
v 0.252226 0.918191 0.857906
v 0.245400 0.765391 1.447293
v 0.253505 0.899285 1.170638
v 0.080244 0.674734 1.574607
v 0.234743 0.657310 1.552588
v 0.086068 0.919823 0.711694
v 0.251381 0.886864 0.717924
v 0.393964 0.776241 0.603768
v 0.386693 0.701825 0.490443
v 0.397386 0.828594 0.733375
v 0.399494 0.856856 0.863439
v 0.398071 0.840994 1.152258
v 0.395490 0.797312 1.288021
v 0.385813 0.726029 1.407686
v 0.371765 0.628072 1.510759
v 0.490584 0.583119 1.448453
v 0.503399 0.669181 1.349886
v 0.513231 0.729149 1.237581
v 0.517104 0.763747 1.121543
v 0.593463 0.704345 1.012764
v 0.520347 0.774181 0.880360
v 0.518433 0.745323 0.758122
v 0.587338 0.524225 1.371383
v 0.596378 0.600956 1.276931
v 0.604314 0.652226 1.161144
v 0.592776 0.693639 1.084616
v 0.518137 0.781523 0.998610
v 0.398530 0.862566 1.000678
v 0.614924 0.638179 0.790026
v 0.612955 0.671787 0.923135
v 0.659556 0.361591 1.330084
v 0.644679 0.265609 1.380364
v 0.662830 0.454961 1.271159
v 0.655209 0.532601 1.218957
v 0.685165 0.519219 0.824024
v 0.684259 0.547639 0.963834
v 0.088296 0.956542 1.010253
v 0.253287 0.923658 1.007278
v 0.713955 0.402777 1.136909
v 0.673494 0.544568 1.112776
v 0.732701 0.396403 0.988393
v 0.731117 0.389909 0.857927
v 0.754123 0.262894 0.878772
v 0.755227 0.239599 0.968730
v 0.754688 0.161896 0.887624
v 0.741612 0.218265 0.801892
v 0.086641 0.757280 0.347545
v 0.254030 0.724932 0.359217
v 0.397829 0.668478 0.381784
v 0.512744 0.591172 0.414172
v 0.659095 0.395708 0.487616
v 0.598608 0.500845 0.449430
v 0.700523 0.269780 0.531042
v 0.717836 0.118963 0.575149
v 0.702947 -0.047588 0.620804
v 0.640448 -0.215927 0.669971
v 0.530489 -0.369140 0.716855
v 0.388432 -0.479447 0.749179
v 0.233507 -0.546267 0.762336
v 0.078783 -0.575315 0.764514
v 0.060043 -0.790309 0.302523
v 0.063899 -0.737451 0.488408
v 0.058096 -0.812070 -0.386167
v 0.057282 -0.767426 -0.565389
v 0.229482 -0.796656 0.110358
v 0.233576 -0.807444 -0.181486
v 0.231278 -0.800023 -0.034000
v 0.073304 -0.821784 -0.031544
v 0.070814 -0.810991 0.132546
v 0.073931 -0.824502 -0.201196
v 0.392939 -0.753711 0.101936
v 0.388836 -0.753888 -0.039259
v 0.394983 -0.760980 -0.182040
v 0.394294 -0.784251 0.196474
v 0.246455 -0.821890 0.205614
v 0.148633 -0.821613 0.314381
v 0.148592 -0.759086 0.502312
v 0.246725 -0.733671 0.576966
v 0.386350 -0.706125 0.556630
v 0.479680 -0.699761 0.440629
v 0.488464 -0.730920 0.291845
v 0.503190 -0.742819 -0.372900
v 0.402234 -0.794791 -0.269702
v 0.252177 -0.836275 -0.279779
v 0.144130 -0.840457 -0.397665
v 0.145464 -0.804450 -0.553537
v 0.254443 -0.752312 -0.656867
v 0.401604 -0.716282 -0.643016
v 0.500705 -0.712309 -0.526656
v 0.509086 -0.689049 0.104704
v 0.511912 -0.696381 -0.206788
v 0.526400 -0.675264 -0.054890
v 0.073530 -0.683885 -0.732711
v 0.239992 -0.669136 -0.726465
v 0.411106 -0.641890 -0.673337
v 0.527346 -0.635937 -0.532329
v 0.552523 -0.660050 -0.347379
v 0.543071 -0.646981 0.242756
v 0.515249 -0.609437 0.443653
v 0.400107 -0.607597 0.603368
v 0.237117 -0.636450 0.659728
v 0.077691 -0.655776 0.655786
v 0.438413 -0.523611 0.659135
v 0.080637 -0.563798 -0.873207
v 0.258336 -0.559543 -0.830898
v 0.443879 -0.548968 -0.730054
v 0.580505 -0.542940 -0.556047
v 0.641169 -0.550135 -0.339381
v 0.654922 -0.550806 -0.081020
v 0.648549 -0.526652 0.190174
v 0.612452 -0.488539 0.424776
v 0.566512 -0.432618 0.602299
v 0.092289 0.783251 0.216417
v 0.272214 0.748814 0.229310
v 0.431589 0.684617 0.250863
v 0.560150 0.594820 0.281699
v 0.653099 0.492173 0.316506
v 0.715309 0.378669 0.353692
v 0.756020 0.245662 0.396548
v 0.771422 0.086537 0.445334
v 0.752284 -0.088190 0.497303
v 0.684286 -0.267588 0.549466
v 0.090996 -0.421284 -0.975361
v 0.287555 -0.418262 -0.922614
v 0.726114 -0.316651 0.378071
v 0.758892 -0.355567 0.148231
v 0.762625 -0.383010 -0.116055
v 0.729445 -0.394414 -0.367451
v 0.490077 -0.411438 -0.797586
v 0.645158 -0.401805 -0.597952
v 0.795982 -0.129337 0.329412
v 0.827931 -0.164139 0.103350
v 0.828779 -0.189003 -0.157338
v 0.788359 -0.206325 -0.405612
v 0.694290 -0.221600 -0.641930
v 0.527966 -0.235502 -0.853335
v 0.100350 -0.250349 -1.046664
v 0.313019 -0.245004 -0.989073
v 0.107240 -0.057721 -1.088203
v 0.818544 0.055446 0.279189
v 0.849207 0.029291 0.061661
v 0.848748 0.008843 -0.195772
v 0.807507 -0.010667 -0.445731
v 0.714444 -0.027911 -0.678847
v 0.332215 -0.052358 -1.026034
v 0.551070 -0.042135 -0.886523
v 0.097772 0.805530 0.053691
v 0.101094 0.815581 -0.140615
v 0.102318 0.807073 -0.369688
v 0.101030 0.773398 -0.585758
v 0.100086 0.695576 -0.775014
v 0.802840 0.224093 0.232808
v 0.759615 0.364339 0.194035
v 0.288178 0.769116 0.069530
v 0.459446 0.698003 0.092642
v 0.693653 0.486815 0.158033
v 0.596582 0.599148 0.122741
v 0.300790 0.778589 -0.124019
v 0.832950 0.203528 0.023458
v 0.479351 0.704883 -0.102665
v 0.619831 0.602204 -0.075595
v 0.721811 0.479962 -0.042997
v 0.790193 0.347881 -0.010321
v 0.834310 0.182946 -0.229856
v 0.306294 0.769971 -0.357672
v 0.486521 0.697916 -0.339976
v 0.625916 0.595316 -0.316706
v 0.794866 0.328906 -0.260265
v 0.728121 0.467700 -0.289232
v 0.795378 0.161644 -0.478479
v 0.760392 0.309340 -0.502628
v 0.700321 0.448818 -0.525001
v 0.606318 0.572037 -0.547191
v 0.474882 0.668669 -0.566455
v 0.301346 0.736199 -0.580074
v 0.709258 0.143220 -0.699340
v 0.685064 0.290183 -0.706248
v 0.640193 0.421606 -0.711325
v 0.562309 0.528471 -0.725922
v 0.445365 0.607042 -0.748399
v 0.289748 0.661950 -0.765796
v 0.108186 0.115028 -1.095306
v 0.557442 0.128192 -0.891929
v 0.339038 0.118230 -1.030690
v 0.338546 0.273378 -1.011394
v 0.106911 0.275495 -1.075166
v 0.550117 0.277219 -0.878915
v 0.512307 0.489884 -0.830557
v 0.100152 0.577280 -0.930160
v 0.275620 0.554597 -0.909740
v 0.415138 0.522975 -0.874347
v 0.338749 0.396408 -0.981030
v 0.101721 0.435546 -1.024033
v 0.424717 0.436552 -0.925898
v 0.535778 0.407439 -0.852697
v 0.249494 0.451789 -0.990840
v 0.209390 -1.020245 0.330146
v 0.208115 -1.008762 0.442713
v 0.283857 -0.992698 0.526382
v 0.392701 -0.978307 0.523335
v 0.467864 -0.971163 0.436718
v 0.468977 -0.978711 0.325783
v 0.393629 -0.999132 0.253020
v 0.284946 -1.017458 0.254436
v 0.210700 -1.015774 -0.537351
v 0.209079 -1.031136 -0.421590
v 0.288404 -1.030670 -0.335776
v 0.398648 -1.017557 -0.332301
v 0.475070 -0.997479 -0.415957
v 0.475803 -0.981359 -0.531289
v 0.397091 -0.980305 -0.613696
v 0.287734 -0.994176 -0.617598
v 0.307963 -1.195982 -0.593720
v 0.395458 -1.195189 -0.593706
v 0.457386 -1.194993 -0.531298
v 0.457469 -1.195509 -0.431603
v 0.395659 -1.196434 -0.340850
v 0.308164 -1.197226 -0.341006
v 0.246237 -1.197422 -0.431784
v 0.246153 -1.196906 -0.531337
v 0.307688 -1.197037 0.274005
v 0.395048 -1.196270 0.273738
v 0.456952 -1.195431 0.335840
v 0.457143 -1.195010 0.436742
v 0.395504 -1.195255 0.528254
v 0.308144 -1.196021 0.528348
v 0.246305 -1.196861 0.437206
v 0.246113 -1.197281 0.336477
v 0.265255 -1.206517 0.432159
v 0.315611 -1.206524 0.292117
v 0.439582 -1.206467 0.343311
v 0.389225 -1.206461 0.509792
v 0.315628 -1.206488 0.509793
v 0.265248 -1.206532 0.343334
v 0.389209 -1.206496 0.292107
v 0.439588 -1.206452 0.432144
v 0.316184 -1.206870 0.346415
v 0.389224 -1.206458 -0.575650
v 0.439600 -1.206470 -0.437036
v 0.265255 -1.206537 -0.437044
v 0.315621 -1.206486 -0.575651
v 0.439597 -1.206452 -0.524542
v 0.389231 -1.206502 -0.360343
v 0.315629 -1.206530 -0.360350
v 0.265252 -1.206519 -0.524543
v 0.316184 -1.206870 -0.521386
v 0.388714 -1.206870 -0.521385
v 0.316184 -1.206870 -0.429190
v 0.388714 -1.206870 -0.429190
v 0.388714 -1.206870 0.346415
v 0.316184 -1.206870 0.439866
v 0.388714 -1.206870 0.439866
v 0.300426 -1.143589 -0.601582
v 0.396254 -1.139057 -0.601351
v 0.464368 -1.138130 -0.532916
v 0.464751 -1.141383 -0.429817
v 0.397322 -1.146838 -0.343033
v 0.301461 -1.151334 -0.343249
v 0.233325 -1.152327 -0.430214
v 0.232976 -1.149109 -0.533327
v 0.299097 -1.149826 0.267648
v 0.394166 -1.145231 0.266256
v 0.461924 -1.140187 0.331031
v 0.462830 -1.137778 0.433695
v 0.396304 -1.139304 0.521624
v 0.301230 -1.143736 0.523019
v 0.234884 -1.148595 0.437092
v 0.233982 -1.151167 0.334426
v 0.263760 -0.831254 0.544812
v 0.387185 -0.807883 0.538965
v 0.470860 -0.798442 0.442152
v 0.474879 -0.815837 0.316950
v 0.392280 -0.853371 0.235336
v 0.270338 -0.885293 0.237497
v 0.184312 -0.888071 0.325274
v 0.178745 -0.862815 0.453092
v 0.274137 -0.904178 -0.313920
v 0.401368 -0.876390 -0.304187
v 0.487328 -0.839293 -0.392828
v 0.487756 -0.812356 -0.526870
v 0.399088 -0.812826 -0.626436
v 0.275404 -0.839745 -0.633882
v 0.186122 -0.878998 -0.541935
v 0.182146 -0.906804 -0.410181
v 0.147102 -0.805171 0.434693
v -0.077197 -0.541993 0.858342
v -0.228261 -0.514217 0.854337
v -0.377424 -0.451820 0.845892
v -0.517732 -0.347715 0.837592
v -0.621458 -0.224454 0.841922
v -0.644748 -0.160969 0.765371
v -0.657333 -0.184480 0.924163
v -0.710412 -0.065893 0.980825
v -0.730126 0.063604 1.103609
v -0.707970 0.179320 1.243520
v -0.557548 0.327535 1.491958
v -0.454302 0.369041 1.573469
v -0.338110 0.398287 1.633030
v -0.213517 0.416082 1.672328
v -0.073882 0.425344 1.694541
v -0.699188 -0.014094 0.756300
v -0.710978 0.157538 0.699002
v -0.687920 0.306692 0.640333
v -0.644183 0.430956 0.596995
v -0.582050 0.536747 0.557631
v -0.496827 0.628010 0.522248
v -0.250150 0.753903 0.467651
v -0.086503 0.785256 0.455848
v -0.736033 0.040203 0.912354
v -0.077390 0.547926 1.648325
v -0.225189 0.536536 1.623950
v -0.355939 0.515559 1.583215
v -0.474082 0.480656 1.521600
v -0.575763 0.431347 1.440341
v -0.721979 0.273604 1.189105
v -0.747001 0.153610 1.047402
v -0.715702 0.351867 0.744871
v -0.670706 0.478582 0.704524
v -0.604272 0.592750 0.667024
v -0.510932 0.696272 0.633006
v -0.253376 0.829595 0.583066
v -0.087435 0.861234 0.572104
v -0.086810 0.951841 0.856774
v -0.084509 0.788200 1.468485
v -0.088265 0.931404 1.178636
v -0.087359 0.874286 1.335935
v -0.252584 0.846939 1.319075
v -0.252226 0.918191 0.857906
v -0.245400 0.765391 1.447293
v -0.253505 0.899285 1.170638
v -0.080244 0.674734 1.574607
v -0.234743 0.657310 1.552588
v -0.086068 0.919823 0.711694
v -0.251381 0.886864 0.717924
v -0.393964 0.776241 0.603768
v -0.386693 0.701825 0.490443
v -0.397386 0.828594 0.733375
v -0.399494 0.856856 0.863439
v -0.398071 0.840994 1.152258
v -0.395490 0.797312 1.288021
v -0.385813 0.726029 1.407686
v -0.371765 0.628072 1.510758
v -0.490584 0.583119 1.448453
v -0.503399 0.669181 1.349887
v -0.513231 0.729149 1.237581
v -0.517104 0.763747 1.121543
v -0.593463 0.704345 1.012764
v -0.520347 0.774181 0.880360
v -0.518433 0.745323 0.758122
v -0.587338 0.524225 1.371382
v -0.596378 0.600956 1.276931
v -0.604314 0.652226 1.161144
v -0.592776 0.693639 1.084616
v -0.518137 0.781523 0.998610
v -0.398530 0.862566 1.000678
v -0.614924 0.638179 0.790026
v -0.612955 0.671787 0.923135
v -0.659556 0.361591 1.330084
v -0.644679 0.265609 1.380364
v -0.662831 0.454961 1.271158
v -0.655209 0.532601 1.218957
v -0.685165 0.519219 0.824024
v -0.684259 0.547639 0.963834
v -0.088296 0.956542 1.010253
v -0.253287 0.923658 1.007278
v -0.713955 0.402777 1.136909
v -0.673494 0.544568 1.112776
v -0.732701 0.396403 0.988394
v -0.731117 0.389909 0.857927
v -0.754123 0.262894 0.878772
v -0.755227 0.239599 0.968730
v -0.754688 0.161896 0.887624
v -0.741612 0.218265 0.801892
v -0.086641 0.757280 0.347545
v -0.254030 0.724932 0.359217
v -0.397829 0.668478 0.381784
v -0.512744 0.591172 0.414172
v -0.659095 0.395708 0.487616
v -0.598608 0.500845 0.449430
v -0.700523 0.269780 0.531042
v -0.717836 0.118963 0.575149
v -0.702947 -0.047588 0.620804
v -0.640448 -0.215927 0.669971
v -0.530489 -0.369140 0.716854
v -0.388432 -0.479447 0.749179
v -0.233507 -0.546267 0.762336
v -0.078783 -0.575315 0.764514
v -0.060043 -0.790309 0.302523
v -0.063899 -0.737450 0.488408
v -0.058096 -0.812070 -0.386167
v -0.057282 -0.767426 -0.565389
v -0.229482 -0.796656 0.110358
v -0.233576 -0.807444 -0.181486
v -0.231278 -0.800023 -0.034000
v -0.073304 -0.821784 -0.031544
v -0.070814 -0.810991 0.132546
v -0.073931 -0.824502 -0.201196
v -0.392939 -0.753711 0.101936
v -0.388836 -0.753888 -0.039259
v -0.394983 -0.760980 -0.182040
v -0.394294 -0.784251 0.196474
v -0.246455 -0.821890 0.205614
v -0.148633 -0.821613 0.314381
v -0.148592 -0.759087 0.502313
v -0.246725 -0.733671 0.576966
v -0.386350 -0.706125 0.556630
v -0.479680 -0.699761 0.440629
v -0.488464 -0.730920 0.291845
v -0.503190 -0.742819 -0.372900
v -0.402234 -0.794791 -0.269702
v -0.252177 -0.836275 -0.279779
v -0.144130 -0.840457 -0.397665
v -0.145464 -0.804450 -0.553537
v -0.254443 -0.752312 -0.656867
v -0.401604 -0.716282 -0.643016
v -0.500704 -0.712309 -0.526656
v -0.509086 -0.689049 0.104704
v -0.511912 -0.696381 -0.206788
v -0.526400 -0.675264 -0.054890
v -0.073530 -0.683885 -0.732711
v -0.239992 -0.669136 -0.726465
v -0.411106 -0.641890 -0.673337
v -0.527346 -0.635938 -0.532329
v -0.552523 -0.660050 -0.347379
v -0.543071 -0.646981 0.242756
v -0.515249 -0.609437 0.443653
v -0.400107 -0.607597 0.603368
v -0.237117 -0.636450 0.659728
v -0.077691 -0.655776 0.655786
v -0.438413 -0.523611 0.659135
v -0.080637 -0.563798 -0.873207
v -0.258336 -0.559543 -0.830898
v -0.443879 -0.548968 -0.730054
v -0.580505 -0.542940 -0.556047
v -0.641169 -0.550135 -0.339381
v -0.654922 -0.550806 -0.081020
v -0.648549 -0.526652 0.190174
v -0.612452 -0.488539 0.424776
v -0.566512 -0.432618 0.602299
v -0.092289 0.783251 0.216417
v -0.272214 0.748814 0.229310
v -0.431589 0.684617 0.250863
v -0.560150 0.594820 0.281699
v -0.653099 0.492173 0.316507
v -0.715309 0.378669 0.353692
v -0.756020 0.245662 0.396548
v -0.771422 0.086537 0.445334
v -0.752284 -0.088190 0.497303
v -0.684286 -0.267588 0.549466
v -0.090996 -0.421283 -0.975361
v -0.287555 -0.418262 -0.922614
v -0.726114 -0.316651 0.378071
v -0.758892 -0.355567 0.148231
v -0.762625 -0.383010 -0.116055
v -0.729445 -0.394414 -0.367451
v -0.490077 -0.411438 -0.797586
v -0.645158 -0.401805 -0.597952
v -0.795982 -0.129337 0.329412
v -0.827931 -0.164139 0.103350
v -0.828779 -0.189003 -0.157338
v -0.788359 -0.206325 -0.405612
v -0.694290 -0.221600 -0.641930
v -0.527966 -0.235502 -0.853335
v -0.100350 -0.250349 -1.046664
v -0.313019 -0.245004 -0.989073
v -0.107240 -0.057721 -1.088203
v -0.818544 0.055446 0.279189
v -0.849207 0.029291 0.061661
v -0.848748 0.008843 -0.195772
v -0.807507 -0.010667 -0.445731
v -0.714444 -0.027911 -0.678847
v -0.332215 -0.052358 -1.026034
v -0.551070 -0.042135 -0.886523
v -0.097772 0.805530 0.053691
v -0.101094 0.815582 -0.140615
v -0.102318 0.807073 -0.369688
v -0.101030 0.773398 -0.585758
v -0.100086 0.695576 -0.775014
v -0.802839 0.224093 0.232808
v -0.759615 0.364339 0.194035
v -0.288178 0.769116 0.069530
v -0.459446 0.698003 0.092642
v -0.693653 0.486815 0.158033
v -0.596582 0.599148 0.122741
v -0.300790 0.778589 -0.124019
v -0.832950 0.203528 0.023458
v -0.479351 0.704883 -0.102665
v -0.619831 0.602204 -0.075595
v -0.721811 0.479962 -0.042997
v -0.790193 0.347881 -0.010321
v -0.834310 0.182946 -0.229856
v -0.306294 0.769971 -0.357672
v -0.486521 0.697915 -0.339976
v -0.625915 0.595316 -0.316706
v -0.794866 0.328906 -0.260265
v -0.728121 0.467700 -0.289232
v -0.795378 0.161644 -0.478479
v -0.760392 0.309340 -0.502627
v -0.700321 0.448818 -0.525001
v -0.606318 0.572037 -0.547192
v -0.474882 0.668669 -0.566455
v -0.301346 0.736199 -0.580074
v -0.709258 0.143220 -0.699340
v -0.685064 0.290183 -0.706248
v -0.640193 0.421606 -0.711325
v -0.562309 0.528471 -0.725922
v -0.445365 0.607042 -0.748399
v -0.289748 0.661950 -0.765796
v -0.108186 0.115028 -1.095306
v -0.557442 0.128192 -0.891929
v -0.339038 0.118230 -1.030690
v -0.338546 0.273378 -1.011394
v -0.106911 0.275495 -1.075166
v -0.550117 0.277219 -0.878915
v -0.512307 0.489884 -0.830557
v -0.100152 0.577280 -0.930160
v -0.275620 0.554597 -0.909740
v -0.415138 0.522975 -0.874347
v -0.338749 0.396407 -0.981030
v -0.101721 0.435546 -1.024033
v -0.424717 0.436552 -0.925898
v -0.535778 0.407439 -0.852697
v -0.249494 0.451789 -0.990840
v -0.209390 -1.020245 0.330146
v -0.208115 -1.008762 0.442713
v -0.283857 -0.992698 0.526382
v -0.392701 -0.978307 0.523335
v -0.467864 -0.971163 0.436718
v -0.468977 -0.978711 0.325783
v -0.393629 -0.999132 0.253020
v -0.284946 -1.017458 0.254436
v -0.210700 -1.015774 -0.537351
v -0.209079 -1.031136 -0.421590
v -0.288404 -1.030670 -0.335776
v -0.398648 -1.017557 -0.332301
v -0.475070 -0.997479 -0.415956
v -0.475803 -0.981359 -0.531289
v -0.397090 -0.980305 -0.613696
v -0.287734 -0.994176 -0.617599
v -0.307963 -1.195982 -0.593720
v -0.395458 -1.195189 -0.593706
v -0.457386 -1.194993 -0.531298
v -0.457469 -1.195509 -0.431603
v -0.395659 -1.196434 -0.340850
v -0.308164 -1.197226 -0.341005
v -0.246237 -1.197422 -0.431784
v -0.246153 -1.196906 -0.531337
v -0.307688 -1.197037 0.274005
v -0.395048 -1.196270 0.273738
v -0.456952 -1.195431 0.335840
v -0.457143 -1.195010 0.436742
v -0.395504 -1.195255 0.528254
v -0.308144 -1.196021 0.528348
v -0.246305 -1.196861 0.437206
v -0.246113 -1.197281 0.336477
v -0.265255 -1.206517 0.432159
v -0.315611 -1.206524 0.292117
v -0.439582 -1.206467 0.343311
v -0.389225 -1.206461 0.509791
v -0.315628 -1.206488 0.509793
v -0.265248 -1.206532 0.343334
v -0.389209 -1.206496 0.292107
v -0.439588 -1.206452 0.432144
v -0.316184 -1.206870 0.346415
v -0.389224 -1.206459 -0.575650
v -0.439600 -1.206470 -0.437036
v -0.265255 -1.206537 -0.437044
v -0.315621 -1.206486 -0.575651
v -0.439597 -1.206452 -0.524542
v -0.389231 -1.206502 -0.360343
v -0.315629 -1.206530 -0.360350
v -0.265253 -1.206519 -0.524543
v -0.316184 -1.206870 -0.521385
v -0.388714 -1.206870 -0.521386
v -0.316184 -1.206870 -0.429190
v -0.388714 -1.206870 -0.429190
v -0.388714 -1.206870 0.346415
v -0.316184 -1.206870 0.439866
v -0.388714 -1.206870 0.439866
v -0.300426 -1.143589 -0.601582
v -0.396254 -1.139057 -0.601351
v -0.464368 -1.138130 -0.532916
v -0.464751 -1.141383 -0.429817
v -0.397322 -1.146838 -0.343032
v -0.301461 -1.151334 -0.343249
v -0.233325 -1.152327 -0.430214
v -0.232976 -1.149109 -0.533327
v -0.299097 -1.149826 0.267648
v -0.394166 -1.145231 0.266256
v -0.461924 -1.140187 0.331031
v -0.462830 -1.137778 0.433695
v -0.396304 -1.139304 0.521624
v -0.301230 -1.143736 0.523019
v -0.234884 -1.148595 0.437092
v -0.233982 -1.151167 0.334426
v -0.263760 -0.831254 0.544812
v -0.387185 -0.807883 0.538965
v -0.470860 -0.798442 0.442152
v -0.474879 -0.815837 0.316950
v -0.392280 -0.853371 0.235336
v -0.270338 -0.885293 0.237497
v -0.184312 -0.888071 0.325274
v -0.178745 -0.862815 0.453092
v -0.274137 -0.904178 -0.313921
v -0.401368 -0.876390 -0.304187
v -0.487328 -0.839293 -0.392828
v -0.487756 -0.812356 -0.526870
v -0.399088 -0.812826 -0.626436
v -0.275404 -0.839745 -0.633882
v -0.186122 -0.878998 -0.541935
v -0.182146 -0.906804 -0.410181
v -0.147102 -0.805171 0.434694
v 0.073985 0.357777 1.754228
v 0.076907 -0.564946 0.938319
v 0.230509 -0.538867 0.932916
v 0.385391 -0.480223 0.928521
v 0.535613 -0.379977 0.941199
v 0.652496 -0.249934 0.984388
v 0.716668 -0.119270 1.053703
v 0.736821 0.005823 1.158885
v 0.715913 0.118153 1.295241
v 0.652158 0.203400 1.430748
v 0.563308 0.263631 1.542097
v 0.340292 0.331426 1.690447
v 0.458476 0.303733 1.626803
v 0.214039 0.349045 1.732615
v 0.081223 -0.604726 1.011457
v 0.240749 -0.579913 1.004516
v 0.402971 -0.524489 1.001362
v 0.562265 -0.427334 1.014483
v 0.686045 -0.294871 1.053439
v 0.754367 -0.157411 1.120412
v 0.775023 -0.032360 1.221405
v 0.755041 0.078762 1.353006
v 0.692309 0.168210 1.490151
v 0.600386 0.232732 1.607983
v 0.491909 0.275144 1.703109
v 0.367213 0.303481 1.775111
v 0.230851 0.321491 1.822291
v 0.086866 0.282650 1.952059
v 0.092859 0.211906 2.054718
v 0.098771 0.115753 2.141706
v 0.103049 -0.016843 2.200140
v 0.103028 -0.324140 2.189009
v 0.101880 -0.461363 2.112916
v 0.099565 -0.571226 1.990710
v 0.097129 -0.640688 1.842528
v 0.096311 -0.680477 1.692850
v 0.096382 -0.698151 1.540382
v 0.094068 -0.696358 1.381841
v 0.090235 -0.676438 1.230212
v 0.086306 -0.644184 1.106530
v 0.253406 -0.618258 1.097618
v 0.423358 -0.562720 1.094570
v 0.588896 -0.468988 1.106652
v 0.716766 -0.336899 1.141566
v 0.790032 -0.200323 1.206790
v 0.812521 -0.078946 1.304815
v 0.790748 0.031384 1.431145
v 0.729457 0.119713 1.568973
v 0.638852 0.184459 1.693531
v 0.530730 0.227169 1.796754
v 0.401341 0.255021 1.874607
v 0.251313 0.273403 1.924894
v 0.266030 -0.649781 1.221582
v 0.278157 -0.669751 1.372962
v 0.285083 -0.671980 1.526553
v 0.287885 -0.655502 1.675542
v 0.291389 -0.617503 1.823223
v 0.295859 -0.552793 1.965978
v 0.299944 -0.451787 2.078531
v 0.302715 -0.321861 2.148409
v 0.301997 -0.022378 2.161561
v 0.289569 0.109760 2.104844
v 0.272159 0.203675 2.023584
v 0.802397 -0.255591 1.273831
v 0.735322 -0.377030 1.246035
v 0.607027 -0.506326 1.223685
v 0.442319 -0.593757 1.217242
v 0.457796 -0.614092 1.365487
v 0.617258 -0.530346 1.362270
v 0.743599 -0.401301 1.365536
v 0.818734 -0.245834 1.368228
v 0.834850 -0.129434 1.379568
v 0.837487 -0.106245 1.481994
v 0.810548 -0.011388 1.532100
v 0.465108 -0.617677 1.511149
v 0.622250 -0.534422 1.500383
v 0.747053 -0.405531 1.493718
v 0.823159 -0.244519 1.489813
v 0.823570 -0.084603 1.594712
v 0.433717 0.185909 1.968381
v 0.564638 0.159313 1.887785
v 0.671879 0.119653 1.779518
v 0.756593 0.060680 1.654897
v 0.466802 -0.603390 1.656280
v 0.617138 -0.524168 1.640061
v 0.737567 -0.397823 1.627080
v 0.811635 -0.231901 1.613115
v 0.780456 -0.025127 1.712167
v 0.699778 0.035712 1.839591
v 0.590038 0.071924 1.955604
v 0.456790 0.095246 2.041616
v 0.465430 -0.570557 1.800322
v 0.461988 -0.517943 1.931679
v 0.463549 -0.437149 2.024408
v 0.470722 -0.321165 2.080127
v 0.305294 -0.176686 2.178570
v 0.103863 -0.174238 2.218771
v 0.471741 -0.032699 2.092287
v 0.606443 -0.050682 1.998482
v 0.475923 -0.181604 2.107185
v 0.607162 -0.194594 2.011924
v 0.626399 -0.472781 1.799024
v 0.717836 -0.077949 1.874752
v 0.710975 -0.214167 1.887962
v 0.713843 -0.376867 1.761584
v 0.785521 -0.106465 1.759413
v 0.605125 -0.447801 1.876372
v 0.556673 -0.418049 1.977213
v 0.588298 -0.327992 1.995078
v 0.666698 -0.348622 1.887527
v 0.778893 -0.224806 1.747142
v 0.586348 -0.519318 1.760339
v 0.080309 0.330412 1.847385
v 0.557566 -0.463867 1.923646
v -0.073985 0.357777 1.754228
v -0.076907 -0.564946 0.938319
v -0.230509 -0.538867 0.932916
v -0.385391 -0.480223 0.928521
v -0.535613 -0.379977 0.941198
v -0.652496 -0.249934 0.984388
v -0.716668 -0.119270 1.053703
v -0.736821 0.005823 1.158885
v -0.715913 0.118153 1.295241
v -0.652158 0.203400 1.430748
v -0.563308 0.263632 1.542097
v -0.340292 0.331426 1.690447
v -0.458476 0.303733 1.626802
v -0.214039 0.349045 1.732615
v -0.081223 -0.604726 1.011457
v -0.240749 -0.579913 1.004516
v -0.402971 -0.524489 1.001362
v -0.562265 -0.427334 1.014483
v -0.686045 -0.294871 1.053439
v -0.754367 -0.157411 1.120412
v -0.775023 -0.032360 1.221405
v -0.755041 0.078762 1.353006
v -0.692309 0.168210 1.490151
v -0.600386 0.232732 1.607983
v -0.491909 0.275144 1.703109
v -0.367213 0.303481 1.775111
v -0.230851 0.321491 1.822291
v -0.086866 0.282650 1.952059
v -0.092859 0.211906 2.054718
v -0.098771 0.115753 2.141706
v -0.103049 -0.016843 2.200140
v -0.103028 -0.324140 2.189009
v -0.101880 -0.461363 2.112916
v -0.099565 -0.571226 1.990711
v -0.097129 -0.640688 1.842528
v -0.096311 -0.680477 1.692850
v -0.096382 -0.698151 1.540382
v -0.094068 -0.696358 1.381841
v -0.090235 -0.676438 1.230212
v -0.086306 -0.644184 1.106530
v -0.253406 -0.618258 1.097618
v -0.423358 -0.562720 1.094570
v -0.588896 -0.468988 1.106652
v -0.716766 -0.336899 1.141566
v -0.790032 -0.200323 1.206790
v -0.812521 -0.078946 1.304815
v -0.790748 0.031384 1.431145
v -0.729457 0.119713 1.568973
v -0.638852 0.184459 1.693531
v -0.530730 0.227169 1.796753
v -0.401341 0.255021 1.874607
v -0.251313 0.273403 1.924894
v -0.266030 -0.649781 1.221582
v -0.278157 -0.669751 1.372962
v -0.285083 -0.671980 1.526553
v -0.287885 -0.655502 1.675542
v -0.291389 -0.617503 1.823223
v -0.295859 -0.552793 1.965978
v -0.299944 -0.451787 2.078531
v -0.302715 -0.321861 2.148409
v -0.301997 -0.022378 2.161561
v -0.289569 0.109760 2.104844
v -0.272159 0.203675 2.023584
v -0.802397 -0.255591 1.273831
v -0.735322 -0.377030 1.246035
v -0.607027 -0.506326 1.223685
v -0.442319 -0.593757 1.217242
v -0.457796 -0.614092 1.365487
v -0.617258 -0.530346 1.362270
v -0.743599 -0.401301 1.365536
v -0.818734 -0.245834 1.368228
v -0.834850 -0.129434 1.379568
v -0.837487 -0.106245 1.481994
v -0.810548 -0.011388 1.532100
v -0.465108 -0.617677 1.511149
v -0.622250 -0.534422 1.500383
v -0.747053 -0.405531 1.493718
v -0.823160 -0.244519 1.489813
v -0.823570 -0.084603 1.594712
v -0.433717 0.185909 1.968381
v -0.564638 0.159313 1.887785
v -0.671879 0.119653 1.779518
v -0.756593 0.060680 1.654897
v -0.466802 -0.603390 1.656280
v -0.617138 -0.524168 1.640061
v -0.737567 -0.397823 1.627080
v -0.811635 -0.231901 1.613115
v -0.780456 -0.025127 1.712167
v -0.699778 0.035712 1.839591
v -0.590038 0.071924 1.955604
v -0.456790 0.095246 2.041616
v -0.465430 -0.570557 1.800322
v -0.461988 -0.517943 1.931679
v -0.463549 -0.437149 2.024408
v -0.470722 -0.321165 2.080127
v -0.305294 -0.176686 2.178569
v -0.103863 -0.174238 2.218771
v -0.471741 -0.032699 2.092287
v -0.606443 -0.050682 1.998482
v -0.475923 -0.181604 2.107185
v -0.607162 -0.194594 2.011924
v -0.626399 -0.472781 1.799024
v -0.717836 -0.077949 1.874752
v -0.710975 -0.214167 1.887962
v -0.713843 -0.376867 1.761583
v -0.785521 -0.106465 1.759412
v -0.605124 -0.447801 1.876372
v -0.556673 -0.418049 1.977213
v -0.588298 -0.327992 1.995078
v -0.666698 -0.348622 1.887527
v -0.778893 -0.224806 1.747142
v -0.586348 -0.519318 1.760339
v -0.080309 0.330412 1.847385
v -0.557566 -0.463868 1.923646
vt 0.948536 0.536378
vt 0.946070 0.544028
vt 0.941369 0.542290
vt 0.943723 0.534778
vt 0.943773 0.551589
vt 0.939122 0.549798
vt 0.934470 0.548008
vt 0.936668 0.540552
vt 0.938909 0.533177
vt 0.941767 0.559059
vt 0.937054 0.557346
vt 0.939997 0.566790
vt 0.935112 0.565165
vt 0.930227 0.563541
vt 0.932341 0.555633
vt 0.938423 0.575109
vt 0.933220 0.573462
vt 0.937253 0.583894
vt 0.931350 0.582142
vt 0.925448 0.580390
vt 0.928018 0.571814
vt 0.918418 0.597502
vt 0.922264 0.589100
vt 0.929471 0.590987
vt 0.927437 0.599655
vt 0.936685 0.592963
vt 0.936631 0.602333
vt 0.925382 0.606841
vt 0.920342 0.608956
vt 0.928538 0.611191
vt 0.920826 0.620053
vt 0.936935 0.611976
vt 0.931628 0.615057
vt 0.937446 0.621452
vt 0.929914 0.621932
vt 0.916129 0.610408
vt 0.913977 0.605168
vt 0.913608 0.616318
vt 0.909250 0.611981
vt 0.898907 0.623695
vt 0.904422 0.618004
vt 0.908341 0.622365
vt 0.901815 0.628005
vt 0.911724 0.627363
vt 0.904316 0.632638
vt 0.884702 0.634898
vt 0.892177 0.629433
vt 0.894643 0.633724
vt 0.887185 0.639176
vt 0.896974 0.638195
vt 0.889621 0.643626
vt 0.869532 0.644143
vt 0.877092 0.639733
vt 0.879757 0.643971
vt 0.872417 0.648385
vt 0.882337 0.648345
vt 0.875150 0.652687
vt 0.843496 0.660056
vt 0.849172 0.656286
vt 0.852506 0.660709
vt 0.846957 0.664405
vt 0.855286 0.652460
vt 0.858499 0.656903
vt 0.861621 0.661267
vt 0.855852 0.665062
vt 0.850519 0.668719
vt 0.832479 0.667881
vt 0.837909 0.663947
vt 0.841525 0.668247
vt 0.836260 0.672146
vt 0.845273 0.672538
vt 0.840169 0.676420
vt 0.822325 0.675664
vt 0.827322 0.671762
vt 0.831252 0.675978
vt 0.826359 0.679850
vt 0.835300 0.680231
vt 0.830500 0.684105
vt 0.812242 0.683869
vt 0.817330 0.679687
vt 0.821403 0.683899
vt 0.816286 0.688168
vt 0.825566 0.688211
vt 0.820420 0.692589
vt 0.801679 0.692645
vt 0.807005 0.688212
vt 0.810963 0.692657
vt 0.805521 0.697268
vt 0.815040 0.697223
vt 0.809529 0.701998
vt 0.938583 0.639024
vt 0.930264 0.639685
vt 0.929530 0.630696
vt 0.938025 0.630381
vt 0.921447 0.641321
vt 0.921128 0.631497
vt 0.939643 0.655831
vt 0.933715 0.656713
vt 0.931999 0.648492
vt 0.939080 0.647641
vt 0.928026 0.657745
vt 0.925603 0.649917
vt 0.930155 0.671598
vt 0.929374 0.664904
vt 0.934883 0.664067
vt 0.935708 0.670889
vt 0.940389 0.663209
vt 0.941239 0.670124
vt 0.936468 0.677552
vt 0.930837 0.678099
vt 0.942082 0.676950
vt 0.942884 0.683453
vt 0.937182 0.683956
vt 0.931464 0.684414
vt 0.944393 0.695304
vt 0.938407 0.696080
vt 0.937817 0.690005
vt 0.943641 0.689415
vt 0.932437 0.696795
vt 0.931991 0.690550
vt 0.945953 0.708257
vt 0.939597 0.709226
vt 0.938994 0.702548
vt 0.945176 0.701611
vt 0.933272 0.710085
vt 0.932845 0.703386
vt 0.948070 0.738742
vt 0.941326 0.739025
vt 0.941086 0.730687
vt 0.947737 0.730304
vt 0.934483 0.739340
vt 0.934375 0.731118
vt 0.934150 0.723554
vt 0.940730 0.722961
vt 0.947281 0.722382
vt 0.948536 0.756378
vt 0.941708 0.756759
vt 0.941525 0.747785
vt 0.948323 0.747487
vt 0.934648 0.757028
vt 0.934568 0.748056
vt 0.913330 0.633907
vt 0.906157 0.637755
vt 0.913878 0.640452
vt 0.907709 0.642884
vt 0.819359 0.701996
vt 0.813867 0.706929
vt 0.824736 0.697205
vt 0.829338 0.701905
vt 0.824064 0.706935
vt 0.818696 0.712112
vt 0.829899 0.692675
vt 0.834823 0.688452
vt 0.839294 0.692738
vt 0.834432 0.697152
vt 0.839549 0.684514
vt 0.844293 0.680674
vt 0.848548 0.684722
vt 0.843933 0.688659
vt 0.849238 0.676772
vt 0.854246 0.672933
vt 0.858040 0.676865
vt 0.853305 0.680753
vt 0.859226 0.669259
vt 0.864610 0.665472
vt 0.867624 0.669418
vt 0.862651 0.673160
vt 0.884772 0.653044
vt 0.877628 0.657111
vt 0.892073 0.648522
vt 0.895386 0.655137
vt 0.886985 0.658474
vt 0.879949 0.661718
vt 0.899159 0.642965
vt 0.901755 0.647767
vt 0.918997 0.672741
vt 0.918416 0.666386
vt 0.923870 0.665693
vt 0.924570 0.672209
vt 0.917743 0.660103
vt 0.922743 0.658981
vt 0.925723 0.684790
vt 0.925179 0.678554
vt 0.919985 0.685090
vt 0.919527 0.678938
vt 0.926495 0.697387
vt 0.926160 0.691011
vt 0.920588 0.697794
vt 0.920340 0.691362
vt 0.927011 0.710717
vt 0.926755 0.704025
vt 0.920844 0.710993
vt 0.920741 0.704373
vt 0.927468 0.739670
vt 0.927561 0.731589
vt 0.920300 0.739812
vt 0.920676 0.731873
vt 0.920897 0.724474
vt 0.927525 0.724131
vt 0.927175 0.757080
vt 0.927330 0.748245
vt 0.919318 0.756830
vt 0.919831 0.748200
vt 0.903370 0.755288
vt 0.896054 0.754063
vt 0.897750 0.745835
vt 0.904746 0.746983
vt 0.888784 0.752473
vt 0.890772 0.744289
vt 0.892676 0.736405
vt 0.899352 0.737857
vt 0.906026 0.738900
vt 0.842194 0.732455
vt 0.835851 0.727798
vt 0.840707 0.721381
vt 0.846880 0.725661
vt 0.829884 0.722838
vt 0.834839 0.716812
vt 0.839692 0.711014
vt 0.845444 0.715235
vt 0.851430 0.719174
vt 0.872886 0.747849
vt 0.864668 0.744707
vt 0.867896 0.736841
vt 0.875645 0.739810
vt 0.856664 0.741034
vt 0.860409 0.733445
vt 0.864025 0.726208
vt 0.871014 0.729354
vt 0.878313 0.732157
vt 0.849136 0.736903
vt 0.853415 0.729697
vt 0.857557 0.722820
vt 0.861448 0.716524
vt 0.867413 0.719587
vt 0.855732 0.713229
vt 0.859755 0.707784
vt 0.865081 0.710754
vt 0.870600 0.713501
vt 0.900785 0.730321
vt 0.907129 0.731214
vt 0.894433 0.729044
vt 0.896057 0.722119
vt 0.902046 0.723191
vt 0.908031 0.723929
vt 0.849960 0.709577
vt 0.844360 0.705631
vt 0.848840 0.700687
vt 0.854242 0.704392
vt 0.873941 0.722521
vt 0.880823 0.725166
vt 0.876714 0.716203
vt 0.883208 0.718659
vt 0.834315 0.706544
vt 0.829255 0.711940
vt 0.824104 0.717515
vt 0.843901 0.696809
vt 0.839207 0.701482
vt 0.911232 0.756220
vt 0.912187 0.747779
vt 0.913065 0.739559
vt 0.913799 0.731747
vt 0.914343 0.724387
vt 0.927305 0.717302
vt 0.933746 0.716681
vt 0.920925 0.717606
vt 0.940207 0.715922
vt 0.946673 0.715106
vt 0.914677 0.717461
vt 0.914832 0.710841
vt 0.908718 0.717009
vt 0.909146 0.710442
vt 0.897536 0.715507
vt 0.903120 0.716395
vt 0.898692 0.709242
vt 0.903877 0.709961
vt 0.873665 0.707808
vt 0.879398 0.710212
vt 0.876763 0.702493
vt 0.882051 0.704586
vt 0.887637 0.706523
vt 0.885500 0.712420
vt 0.863526 0.702734
vt 0.868511 0.705391
vt 0.867220 0.698002
vt 0.871934 0.700384
vt 0.853162 0.696139
vt 0.858314 0.699604
vt 0.857411 0.691828
vt 0.862294 0.695093
vt 0.852867 0.688404
vt 0.848410 0.692512
vt 0.861839 0.680376
vt 0.857381 0.684325
vt 0.865872 0.683603
vt 0.861658 0.687621
vt 0.866294 0.690766
vt 0.871019 0.693531
vt 0.870331 0.686669
vt 0.874979 0.689344
vt 0.883599 0.693241
vt 0.880050 0.697595
vt 0.875558 0.695717
vt 0.879488 0.691435
vt 0.884702 0.699439
vt 0.889535 0.701102
vt 0.887283 0.694965
vt 0.891116 0.696244
vt 0.893807 0.686555
vt 0.897830 0.692337
vt 0.895018 0.693523
vt 0.892368 0.691924
vt 0.899139 0.697761
vt 0.895016 0.697369
vt 0.904167 0.703880
vt 0.909277 0.704179
vt 0.899301 0.703362
vt 0.903853 0.697915
vt 0.909110 0.697998
vt 0.914849 0.704382
vt 0.914745 0.697980
vt 0.870825 0.673031
vt 0.866187 0.676662
vt 0.874206 0.676332
vt 0.870022 0.679868
vt 0.874318 0.682847
vt 0.878977 0.685388
vt 0.877867 0.679207
vt 0.882298 0.681236
vt 0.883682 0.687480
vt 0.887618 0.689598
vt 0.887375 0.683166
vt 0.889358 0.691799
vt 0.894429 0.702455
vt 0.893251 0.708099
vt 0.891627 0.714196
vt 0.889739 0.720630
vt 0.914533 0.691588
vt 0.914234 0.685323
vt 0.908696 0.691717
vt 0.908254 0.685492
vt 0.902884 0.691837
vt 0.901786 0.685666
vt 0.868136 0.657064
vt 0.870810 0.661328
vt 0.873437 0.665476
vt 0.862153 0.648396
vt 0.865222 0.652742
vt 0.883748 0.671528
vt 0.878641 0.673183
vt 0.876160 0.669444
vt 0.882141 0.666546
vt 0.880296 0.676202
vt 0.884070 0.676528
vt 0.913867 0.679265
vt 0.913443 0.673170
vt 0.907968 0.679450
vt 0.907720 0.673255
vt 0.901638 0.679391
vt 0.895164 0.678886
vt 0.895494 0.672040
vt 0.901674 0.672802
vt 0.881021 0.750424
vt 0.883361 0.742290
vt 0.885620 0.734511
vt 0.887738 0.727340
vt 0.895190 0.664427
vt 0.888561 0.664849
vt 0.889441 0.671378
vt 0.889215 0.677603
vt 0.901552 0.665514
vt 0.907468 0.666645
vt 0.902355 0.658104
vt 0.907788 0.660121
vt 0.913015 0.666850
vt 0.912826 0.660671
vt 0.909126 0.654401
vt 0.913054 0.655101
vt 0.910634 0.650595
vt 0.913437 0.650325
vt 0.916106 0.650471
vt 0.916933 0.654357
vt 0.905307 0.651762
vt 0.909333 0.647421
vt 0.913737 0.645799
vt 0.917880 0.647241
vt 0.920826 0.652318
vt 0.712757 0.258775
vt 0.712980 0.248271
vt 0.720075 0.248548
vt 0.720026 0.259221
vt 0.713006 0.237950
vt 0.719972 0.238015
vt 0.727433 0.237992
vt 0.727707 0.248740
vt 0.727867 0.259619
vt 0.712027 0.218687
vt 0.718959 0.218163
vt 0.719597 0.227790
vt 0.712681 0.228004
vt 0.726283 0.217652
vt 0.726957 0.227535
vt 0.709971 0.202126
vt 0.717022 0.201007
vt 0.718093 0.209332
vt 0.711107 0.210154
vt 0.724406 0.199946
vt 0.725433 0.208542
vt 0.707378 0.186879
vt 0.714557 0.185219
vt 0.715792 0.192898
vt 0.708682 0.194321
vt 0.722040 0.183780
vt 0.723224 0.191614
vt 0.702442 0.157085
vt 0.710027 0.155943
vt 0.711188 0.163716
vt 0.703681 0.165132
vt 0.717781 0.154989
vt 0.718879 0.162512
vt 0.719964 0.169720
vt 0.712354 0.171143
vt 0.704966 0.172813
vt 0.713443 0.178136
vt 0.706169 0.179890
vt 0.720983 0.176639
vt 0.700725 0.140184
vt 0.708255 0.139395
vt 0.709003 0.147947
vt 0.701418 0.148919
vt 0.715968 0.138805
vt 0.716770 0.147174
vt 0.700486 0.120299
vt 0.707767 0.120205
vt 0.707873 0.130010
vt 0.700435 0.130478
vt 0.715180 0.120177
vt 0.715461 0.129686
vt 0.701232 0.099859
vt 0.708024 0.100312
vt 0.707825 0.110394
vt 0.700780 0.110172
vt 0.715056 0.100725
vt 0.715037 0.110618
vt 0.702348 0.078296
vt 0.708792 0.078902
vt 0.708356 0.089685
vt 0.701765 0.089097
vt 0.715597 0.079461
vt 0.715263 0.090216
vt 0.703650 0.057889
vt 0.709843 0.058285
vt 0.709297 0.068419
vt 0.702969 0.067910
vt 0.716156 0.058972
vt 0.715953 0.068947
vt 0.705110 0.038783
vt 0.711292 0.038994
vt 0.710472 0.048470
vt 0.704397 0.048127
vt 0.718964 0.040462
vt 0.716475 0.049763
vt 0.706149 0.021339
vt 0.712555 0.021104
vt 0.711941 0.029878
vt 0.705690 0.029970
vt 0.719514 0.020863
vt 0.718828 0.029752
vt 0.706870 0.003572
vt 0.713574 0.003479
vt 0.713093 0.012320
vt 0.706529 0.012526
vt 0.720543 0.003463
vt 0.720099 0.012162
vt 0.757374 0.018316
vt 0.758913 0.012520
vt 0.768386 0.014197
vt 0.766760 0.019804
vt 0.760105 0.006461
vt 0.770058 0.008031
vt 0.779068 0.009940
vt 0.777074 0.016745
vt 0.775093 0.024657
vt 0.737459 0.020630
vt 0.737363 0.012043
vt 0.748142 0.011892
vt 0.747657 0.017730
vt 0.737374 0.004129
vt 0.748618 0.005117
vt 0.823116 0.044188
vt 0.827240 0.037196
vt 0.835813 0.041475
vt 0.833070 0.046118
vt 0.830746 0.030919
vt 0.839028 0.036436
vt 0.846968 0.042393
vt 0.843657 0.046509
vt 0.840540 0.050117
vt 0.850558 0.052912
vt 0.846418 0.056348
vt 0.854721 0.048779
vt 0.862186 0.055780
vt 0.856855 0.060298
vt 0.850798 0.065415
vt 0.784021 0.027079
vt 0.783073 0.035469
vt 0.777208 0.034085
vt 0.791904 0.029791
vt 0.789704 0.037773
vt 0.787415 0.045664
vt 0.781629 0.043714
vt 0.776734 0.042244
vt 0.810113 0.055295
vt 0.805600 0.052997
vt 0.809781 0.046198
vt 0.815097 0.049340
vt 0.800002 0.050480
vt 0.803313 0.043162
vt 0.806912 0.035854
vt 0.814628 0.039597
vt 0.799433 0.032657
vt 0.796529 0.040357
vt 0.793738 0.047974
vt 0.794292 0.022261
vt 0.802289 0.025254
vt 0.796815 0.015042
vt 0.805101 0.018058
vt 0.813364 0.021605
vt 0.810244 0.028684
vt 0.785812 0.019437
vt 0.788047 0.012311
vt 0.818601 0.032778
vt 0.822040 0.025923
vt 0.769124 0.056655
vt 0.773953 0.049543
vt 0.778953 0.051134
vt 0.776124 0.057698
vt 0.784816 0.052908
vt 0.782220 0.059576
vt 0.791241 0.055146
vt 0.797544 0.057652
vt 0.795917 0.064572
vt 0.789121 0.062061
vt 0.807123 0.070586
vt 0.801555 0.066997
vt 0.803049 0.060163
vt 0.807621 0.062266
vt 0.770385 0.047518
vt 0.772878 0.041296
vt 0.765963 0.052215
vt 0.764125 0.049056
vt 0.767629 0.045453
vt 0.769615 0.040644
vt 0.772966 0.034453
vt 0.770435 0.028159
vt 0.769694 0.035547
vt 0.767725 0.030907
vt 0.765274 0.023971
vt 0.763777 0.027366
vt 0.758499 0.025347
vt 0.759228 0.022179
vt 0.747313 0.021169
vt 0.742763 0.024393
vt 0.751646 0.021814
vt 0.747596 0.027087
vt 0.733308 0.036945
vt 0.733850 0.029154
vt 0.739425 0.029942
vt 0.738321 0.036363
vt 0.744049 0.031008
vt 0.742501 0.036003
vt 0.739572 0.050724
vt 0.735280 0.044369
vt 0.739473 0.042594
vt 0.742730 0.047944
vt 0.743104 0.041009
vt 0.745625 0.045375
vt 0.753187 0.057919
vt 0.745812 0.055296
vt 0.747766 0.051856
vt 0.753836 0.054051
vt 0.749666 0.048612
vt 0.754555 0.050459
vt 0.760886 0.058532
vt 0.760137 0.054297
vt 0.759579 0.050698
vt 0.817143 0.081216
vt 0.811739 0.077050
vt 0.814171 0.074538
vt 0.818565 0.078451
vt 0.811421 0.069272
vt 0.814180 0.068174
vt 0.816276 0.072475
vt 0.819879 0.075848
vt 0.811135 0.063133
vt 0.813357 0.057212
vt 0.815875 0.058899
vt 0.813963 0.063457
vt 0.818089 0.052374
vt 0.824541 0.049534
vt 0.825098 0.052909
vt 0.819900 0.055126
vt 0.831514 0.049841
vt 0.837748 0.052876
vt 0.835151 0.055126
vt 0.830400 0.052898
vt 0.844770 0.064793
vt 0.842457 0.058186
vt 0.840661 0.064488
vt 0.838785 0.059302
vt 0.847279 0.073683
vt 0.843681 0.071264
vt 0.842468 0.079280
vt 0.840264 0.076504
vt 0.838007 0.073999
vt 0.840309 0.069644
vt 0.836564 0.082795
vt 0.835438 0.079881
vt 0.830029 0.084235
vt 0.829815 0.081288
vt 0.829547 0.078257
vt 0.834237 0.076946
vt 0.823387 0.083658
vt 0.823982 0.080763
vt 0.824527 0.077850
vt 0.779510 0.065767
vt 0.774867 0.062690
vt 0.774004 0.071719
vt 0.769748 0.063888
vt 0.800253 0.071775
vt 0.795315 0.071352
vt 0.803530 0.075857
vt 0.797367 0.079535
vt 0.787383 0.069034
vt 0.785821 0.076359
vt 0.869192 0.063564
vt 0.863025 0.067838
vt 0.875538 0.072034
vt 0.868620 0.075716
vt 0.861562 0.079557
vt 0.856876 0.072541
vt 0.850914 0.077914
vt 0.854238 0.083565
vt 0.846562 0.087150
vt 0.844573 0.082650
vt 0.837566 0.085814
vt 0.838512 0.089653
vt 0.830274 0.090747
vt 0.830160 0.087164
vt 0.822719 0.086634
vt 0.822074 0.090258
vt 0.814070 0.088292
vt 0.815569 0.084356
vt 0.809015 0.080565
vt 0.806244 0.084966
vt 0.761648 0.063934
vt 0.752639 0.062432
vt 0.762346 0.070593
vt 0.752066 0.068317
vt 0.743788 0.059299
vt 0.735928 0.054095
vt 0.742014 0.064976
vt 0.731249 0.059609
vt 0.730200 0.046559
vt 0.724997 0.049446
vt 0.726874 0.038010
vt 0.727528 0.020644
vt 0.726520 0.029266
vt 0.728016 0.012095
vt 0.728173 0.003621
vt 0.721360 0.052503
vt 0.722799 0.059804
vt 0.881029 0.080967
vt 0.873320 0.084147
vt 0.885516 0.089899
vt 0.877087 0.092703
vt 0.868429 0.095425
vt 0.865393 0.087335
vt 0.857078 0.090458
vt 0.859364 0.097941
vt 0.849936 0.099947
vt 0.848399 0.093125
vt 0.839451 0.094912
vt 0.840266 0.101151
vt 0.830579 0.101459
vt 0.830434 0.095593
vt 0.821543 0.095045
vt 0.821096 0.100860
vt 0.811916 0.099466
vt 0.812869 0.093374
vt 0.804306 0.090748
vt 0.802960 0.097432
vt 0.793560 0.094970
vt 0.795035 0.087487
vt 0.784358 0.084219
vt 0.783150 0.092316
vt 0.772166 0.089734
vt 0.773066 0.081098
vt 0.761986 0.078605
vt 0.761224 0.087410
vt 0.750636 0.085170
vt 0.751361 0.076105
vt 0.741167 0.073261
vt 0.740631 0.082900
vt 0.731401 0.081051
vt 0.731628 0.070703
vt 0.723276 0.069553
vt 0.723080 0.080026
vt 0.746510 0.259949
vt 0.736721 0.259902
vt 0.736287 0.248768
vt 0.745720 0.248589
vt 0.735765 0.237808
vt 0.744855 0.237459
vt 0.735090 0.227203
vt 0.734284 0.217157
vt 0.742820 0.216629
vt 0.743868 0.226767
vt 0.733379 0.207808
vt 0.732350 0.198996
vt 0.740665 0.198174
vt 0.741769 0.207114
vt 0.731189 0.190574
vt 0.730020 0.182726
vt 0.738252 0.181991
vt 0.739462 0.189767
vt 0.728955 0.175584
vt 0.727933 0.168722
vt 0.736077 0.168053
vt 0.737133 0.174877
vt 0.726876 0.161673
vt 0.725825 0.154358
vt 0.734064 0.153974
vt 0.735046 0.161120
vt 0.724849 0.146737
vt 0.724006 0.138550
vt 0.732350 0.138523
vt 0.733166 0.146536
vt 0.723344 0.129612
vt 0.722873 0.120276
vt 0.731060 0.120549
vt 0.731620 0.129740
vt 0.722600 0.110872
vt 0.722562 0.101112
vt 0.730751 0.101705
vt 0.730757 0.111294
vt 0.722767 0.090712
vt 0.731026 0.091510
vt 0.888956 0.098571
vt 0.879965 0.101050
vt 0.891678 0.107793
vt 0.882139 0.109860
vt 0.872367 0.111760
vt 0.870726 0.103388
vt 0.861057 0.105431
vt 0.862197 0.113334
vt 0.851733 0.114455
vt 0.851038 0.106972
vt 0.750041 0.094676
vt 0.740132 0.092900
vt 0.749648 0.104089
vt 0.739783 0.102720
vt 0.771502 0.098577
vt 0.760619 0.096569
vt 0.771042 0.107414
vt 0.760213 0.105682
vt 0.792481 0.102831
vt 0.782265 0.100716
vt 0.791740 0.110897
vt 0.781658 0.109197
vt 0.811120 0.106304
vt 0.801917 0.104736
vt 0.810514 0.113615
vt 0.801171 0.112386
vt 0.840827 0.107826
vt 0.841149 0.115028
vt 0.830625 0.115045
vt 0.830640 0.107965
vt 0.820689 0.107422
vt 0.820348 0.114538
vt 0.739719 0.112023
vt 0.739938 0.121046
vt 0.749494 0.113083
vt 0.749560 0.121850
vt 0.770709 0.115969
vt 0.759963 0.114445
vt 0.770516 0.124331
vt 0.759870 0.123002
vt 0.791326 0.118907
vt 0.781272 0.117497
vt 0.791182 0.126817
vt 0.781080 0.125636
vt 0.810148 0.121146
vt 0.800755 0.120116
vt 0.810023 0.128730
vt 0.800639 0.127824
vt 0.830544 0.122630
vt 0.820101 0.122018
vt 0.830332 0.130344
vt 0.819934 0.129598
vt 0.852058 0.122677
vt 0.841250 0.122864
vt 0.851915 0.131097
vt 0.841032 0.130860
vt 0.893966 0.118305
vt 0.883763 0.119757
vt 0.895554 0.129502
vt 0.884716 0.130156
vt 0.873832 0.130699
vt 0.873415 0.121054
vt 0.862821 0.122055
vt 0.862878 0.131032
vt 0.896123 0.140533
vt 0.884867 0.140274
vt 0.895692 0.150918
vt 0.884304 0.149733
vt 0.872874 0.148568
vt 0.873602 0.139968
vt 0.740395 0.130024
vt 0.741005 0.138612
vt 0.749815 0.130577
vt 0.750228 0.138924
vt 0.770501 0.132575
vt 0.759950 0.131488
vt 0.770703 0.140349
vt 0.760219 0.139558
vt 0.791244 0.134564
vt 0.781073 0.133622
vt 0.791490 0.141801
vt 0.781276 0.141107
vt 0.810107 0.136174
vt 0.800764 0.135391
vt 0.810289 0.143113
vt 0.801048 0.142452
vt 0.829927 0.137768
vt 0.819807 0.136981
vt 0.829357 0.144623
vt 0.819657 0.143836
vt 0.862348 0.139575
vt 0.861422 0.147447
vt 0.850216 0.146406
vt 0.851238 0.139078
vt 0.840415 0.138473
vt 0.839522 0.145472
vt 0.755837 0.248141
vt 0.757078 0.259612
vt 0.754530 0.236923
vt 0.764853 0.236033
vt 0.766685 0.247252
vt 0.768487 0.258710
vt 0.778328 0.245727
vt 0.780790 0.257051
vt 0.775919 0.234599
vt 0.787719 0.232468
vt 0.790697 0.243375
vt 0.793804 0.254438
vt 0.803481 0.240107
vt 0.807116 0.250792
vt 0.799996 0.229571
vt 0.811629 0.226138
vt 0.815560 0.236237
vt 0.819637 0.246503
vt 0.826017 0.232003
vt 0.830536 0.241870
vt 0.821662 0.222343
vt 0.830675 0.217823
vt 0.835569 0.226945
vt 0.840702 0.236351
vt 0.844993 0.220662
vt 0.851020 0.229453
vt 0.839345 0.212272
vt 0.847202 0.206155
vt 0.853663 0.213681
vt 0.860671 0.221738
vt 0.741694 0.146454
vt 0.742462 0.153734
vt 0.750771 0.146549
vt 0.751429 0.153630
vt 0.743326 0.160731
vt 0.752195 0.160446
vt 0.753099 0.167166
vt 0.744291 0.167566
vt 0.751733 0.215993
vt 0.753126 0.226177
vt 0.761242 0.215097
vt 0.762994 0.225268
vt 0.749188 0.197468
vt 0.750449 0.206420
vt 0.758275 0.196794
vt 0.759707 0.205608
vt 0.745362 0.174367
vt 0.754174 0.173948
vt 0.755422 0.181026
vt 0.746554 0.181457
vt 0.747863 0.189142
vt 0.756823 0.188614
vt 0.773629 0.223874
vt 0.784992 0.221915
vt 0.771572 0.213798
vt 0.782609 0.212066
vt 0.771144 0.147341
vt 0.760685 0.146882
vt 0.771775 0.153808
vt 0.761311 0.153668
vt 0.768261 0.196037
vt 0.769826 0.204556
vt 0.778880 0.195062
vt 0.780612 0.203187
vt 0.765312 0.180606
vt 0.766742 0.188080
vt 0.775832 0.180110
vt 0.777284 0.187399
vt 0.762966 0.166798
vt 0.764047 0.173547
vt 0.773467 0.166509
vt 0.774559 0.173155
vt 0.762064 0.160233
vt 0.772546 0.160118
vt 0.791907 0.148257
vt 0.781707 0.147802
vt 0.792466 0.154268
vt 0.782320 0.154010
vt 0.796800 0.219380
vt 0.807987 0.216416
vt 0.793998 0.209916
vt 0.804777 0.207444
vt 0.789654 0.193772
vt 0.791647 0.201471
vt 0.799866 0.192269
vt 0.802097 0.199494
vt 0.786384 0.179485
vt 0.787907 0.186472
vt 0.796387 0.178804
vt 0.797976 0.185400
vt 0.783074 0.160130
vt 0.793152 0.160245
vt 0.794003 0.166294
vt 0.783984 0.166350
vt 0.785081 0.172786
vt 0.795071 0.172457
vt 0.810468 0.149284
vt 0.801416 0.148736
vt 0.810667 0.155027
vt 0.801864 0.154594
vt 0.802415 0.160438
vt 0.810949 0.160731
vt 0.811406 0.166383
vt 0.803138 0.166307
vt 0.804105 0.172178
vt 0.812140 0.171914
vt 0.813263 0.177435
vt 0.805368 0.178140
vt 0.806966 0.184291
vt 0.814863 0.183078
vt 0.816908 0.188871
vt 0.808917 0.190660
vt 0.811258 0.197334
vt 0.819382 0.194897
vt 0.822446 0.201574
vt 0.814130 0.204713
vt 0.817639 0.213129
vt 0.826243 0.209269
vt 0.828674 0.150767
vt 0.819435 0.149949
vt 0.827927 0.156461
vt 0.819195 0.155621
vt 0.819019 0.161187
vt 0.827176 0.161977
vt 0.826525 0.167220
vt 0.819015 0.166586
vt 0.819316 0.171720
vt 0.826124 0.172048
vt 0.826269 0.176491
vt 0.820153 0.176720
vt 0.821726 0.181746
vt 0.827379 0.180649
vt 0.829894 0.184751
vt 0.824000 0.186842
vt 0.826797 0.192102
vt 0.833187 0.189087
vt 0.837102 0.193945
vt 0.830213 0.197912
vt 0.834391 0.204638
vt 0.841711 0.199583
vt 0.894373 0.160434
vt 0.883138 0.158390
vt 0.892298 0.169512
vt 0.881335 0.166647
vt 0.870162 0.163897
vt 0.871775 0.156424
vt 0.838494 0.151779
vt 0.849029 0.153048
vt 0.847585 0.159263
vt 0.837320 0.157641
vt 0.860265 0.154616
vt 0.858724 0.161386
vt 0.867789 0.171389
vt 0.856632 0.168025
vt 0.863829 0.179389
vt 0.854151 0.174118
vt 0.843671 0.171983
vt 0.845777 0.165360
vt 0.889540 0.178631
vt 0.878804 0.174942
vt 0.885885 0.187799
vt 0.875499 0.183298
vt 0.835981 0.163314
vt 0.834502 0.168692
vt 0.831199 0.180140
vt 0.834179 0.182585
vt 0.831814 0.177346
vt 0.836739 0.179568
vt 0.860838 0.206590
vt 0.868708 0.213836
vt 0.853686 0.200004
vt 0.859005 0.193859
vt 0.866728 0.199285
vt 0.875384 0.205622
vt 0.842755 0.189829
vt 0.847771 0.194515
vt 0.847787 0.184727
vt 0.852951 0.189673
vt 0.838144 0.185938
vt 0.841363 0.182332
vt 0.852026 0.178255
vt 0.846512 0.178386
vt 0.855342 0.182108
vt 0.871633 0.191523
vt 0.881131 0.196881
vt 0.863061 0.187481
vt 0.842440 0.178781
vt 0.838905 0.175837
vt 0.832912 0.173370
vt 0.857187 0.186069
vt 0.037899 0.907435
vt 0.036586 0.912283
vt 0.029544 0.910874
vt 0.031103 0.905587
vt 0.035509 0.917296
vt 0.028082 0.916261
vt 0.020587 0.915192
vt 0.022489 0.909417
vt 0.024318 0.903697
vt 0.034688 0.922537
vt 0.026824 0.921794
vt 0.034162 0.928012
vt 0.025864 0.927537
vt 0.017358 0.927091
vt 0.018812 0.921055
vt 0.033942 0.933694
vt 0.025262 0.933514
vt 0.033912 0.939466
vt 0.024946 0.939571
vt 0.015777 0.939647
vt 0.016365 0.933345
vt 0.033962 0.945208
vt 0.024836 0.945546
vt 0.034139 0.950848
vt 0.024952 0.951412
vt 0.015587 0.951937
vt 0.015512 0.945829
vt 0.034526 0.956332
vt 0.025360 0.957163
vt 0.035200 0.961614
vt 0.026186 0.962751
vt 0.017106 0.963980
vt 0.016067 0.958026
vt 0.036221 0.966666
vt 0.027534 0.968127
vt 0.037572 0.971525
vt 0.029351 0.973296
vt 0.021137 0.975122
vt 0.018827 0.969673
vt 0.039198 0.976246
vt 0.031527 0.978288
vt 0.040971 0.980897
vt 0.033890 0.983185
vt 0.026838 0.985557
vt 0.023877 0.980387
vt 0.041046 0.897974
vt 0.039417 0.902682
vt 0.032670 0.900359
vt 0.034231 0.895160
vt 0.025929 0.898012
vt 0.027402 0.892345
vt 0.886111 0.439259
vt 0.884744 0.444272
vt 0.877838 0.442106
vt 0.879019 0.436359
vt 0.883707 0.449477
vt 0.876948 0.447992
vt 0.870101 0.446433
vt 0.870849 0.439878
vt 0.871850 0.433413
vt 0.882976 0.454854
vt 0.876298 0.453811
vt 0.882509 0.460434
vt 0.875799 0.459733
vt 0.868995 0.459034
vt 0.869538 0.452727
vt 0.882250 0.466223
vt 0.875373 0.465921
vt 0.882129 0.472077
vt 0.875018 0.472140
vt 0.867666 0.472198
vt 0.868342 0.465628
vt 0.882095 0.477847
vt 0.874758 0.478146
vt 0.882208 0.483512
vt 0.874629 0.484055
vt 0.866670 0.484582
vt 0.867094 0.478427
vt 0.882554 0.489070
vt 0.874700 0.490016
vt 0.883221 0.494459
vt 0.875143 0.495938
vt 0.866716 0.497456
vt 0.866463 0.490969
vt 0.884284 0.499626
vt 0.876119 0.501692
vt 0.885742 0.504594
vt 0.877630 0.507222
vt 0.869273 0.509918
vt 0.867656 0.503821
vt 0.887550 0.509411
vt 0.879603 0.512516
vt 0.889546 0.514149
vt 0.881824 0.517679
vt 0.873946 0.521225
vt 0.871458 0.515671
vt 0.889652 0.429739
vt 0.887795 0.434444
vt 0.880497 0.430961
vt 0.882141 0.425781
vt 0.873116 0.427406
vt 0.874530 0.421695
vt 0.900059 0.435316
vt 0.898053 0.439107
vt 0.897174 0.438716
vt 0.899178 0.434836
vt 0.896217 0.442975
vt 0.895342 0.442672
vt 0.893821 0.442145
vt 0.895642 0.438038
vt 0.897636 0.434001
vt 0.897091 0.500778
vt 0.898527 0.504807
vt 0.897595 0.505213
vt 0.896119 0.501112
vt 0.900059 0.508807
vt 0.899177 0.509282
vt 0.897635 0.510111
vt 0.895970 0.505921
vt 0.894425 0.501693
vt 0.894742 0.492231
vt 0.895830 0.496656
vt 0.894835 0.496912
vt 0.893744 0.492413
vt 0.893100 0.497361
vt 0.892005 0.492753
vt 0.893122 0.482216
vt 0.893820 0.487348
vt 0.892842 0.487472
vt 0.892180 0.482294
vt 0.891136 0.487747
vt 0.890526 0.482511
vt 0.892416 0.471969
vt 0.892687 0.477080
vt 0.891787 0.477119
vt 0.891548 0.471971
vt 0.890186 0.477247
vt 0.889995 0.471986
vt 0.892271 0.461673
vt 0.892229 0.466852
vt 0.891373 0.466815
vt 0.891414 0.461598
vt 0.889860 0.466713
vt 0.889926 0.461407
vt 0.893520 0.451468
vt 0.892701 0.456443
vt 0.891841 0.456333
vt 0.892657 0.451314
vt 0.890357 0.456096
vt 0.891162 0.451027
vt 0.894695 0.447024
vt 0.893826 0.446803
vt 0.892318 0.446416
vt 0.050763 0.901725
vt 0.049094 0.905689
vt 0.048255 0.905429
vt 0.049927 0.901390
vt 0.047619 0.909717
vt 0.046775 0.909529
vt 0.045309 0.909212
vt 0.046795 0.904996
vt 0.048466 0.900839
vt 0.048697 0.968694
vt 0.049676 0.972908
vt 0.048795 0.973232
vt 0.047763 0.968958
vt 0.050763 0.977106
vt 0.049939 0.977486
vt 0.048493 0.978111
vt 0.047258 0.973775
vt 0.046138 0.969412
vt 0.047293 0.959808
vt 0.047908 0.964404
vt 0.046930 0.964606
vt 0.046283 0.959956
vt 0.045227 0.964962
vt 0.044525 0.960238
vt 0.046484 0.949467
vt 0.046818 0.954740
vt 0.045797 0.954849
vt 0.045469 0.949547
vt 0.044010 0.955106
vt 0.043676 0.949778
vt 0.046034 0.939203
vt 0.046270 0.944290
vt 0.045273 0.944341
vt 0.045059 0.939221
vt 0.043488 0.944496
vt 0.043301 0.939266
vt 0.045390 0.928922
vt 0.045676 0.934117
vt 0.044720 0.934102
vt 0.044455 0.928881
vt 0.043013 0.934035
vt 0.042813 0.928743
vt 0.045765 0.918483
vt 0.045400 0.923596
vt 0.044492 0.923541
vt 0.044885 0.918407
vt 0.042916 0.923395
vt 0.043365 0.918256
vt 0.046501 0.913905
vt 0.045643 0.913783
vt 0.044159 0.913569
vt 0.765728 0.505320
vt 0.769238 0.501446
vt 0.770211 0.502678
vt 0.767114 0.505936
vt 0.773445 0.498838
vt 0.774000 0.500395
vt 0.774659 0.502464
vt 0.770985 0.504459
vt 0.768386 0.506422
vt 0.781770 0.498675
vt 0.785123 0.500930
vt 0.783933 0.502031
vt 0.781162 0.500117
vt 0.787378 0.504284
vt 0.785840 0.504921
vt 0.783751 0.505786
vt 0.782182 0.503073
vt 0.780618 0.501355
vt 0.787378 0.512215
vt 0.785074 0.515589
vt 0.783945 0.514422
vt 0.785929 0.511625
vt 0.781377 0.517986
vt 0.780668 0.516493
vt 0.779671 0.514564
vt 0.782851 0.512773
vt 0.784669 0.511134
vt 0.771336 0.518860
vt 0.766633 0.517164
vt 0.767971 0.516002
vt 0.771881 0.517444
vt 0.763726 0.514081
vt 0.765531 0.513333
vt 0.768188 0.512232
vt 0.770169 0.514774
vt 0.772437 0.516201
vt 0.763601 0.509845
vt 0.765369 0.509721
vt 0.767792 0.509034
vt 0.777755 0.497919
vt 0.777782 0.499542
vt 0.778174 0.501481
vt 0.788155 0.508249
vt 0.786534 0.508312
vt 0.784560 0.508813
vt 0.776558 0.519116
vt 0.776375 0.517558
vt 0.775662 0.515751
vt 0.776716 0.508700
vt 0.775528 0.505371
vt 0.779306 0.504025
vt 0.780686 0.507055
vt 0.072928 0.890214
vt 0.076281 0.892469
vt 0.075180 0.893659
vt 0.072290 0.891752
vt 0.078536 0.895822
vt 0.077095 0.896428
vt 0.075857 0.896971
vt 0.074137 0.895410
vt 0.071425 0.893842
vt 0.078391 0.904103
vt 0.075818 0.908225
vt 0.074584 0.907258
vt 0.076835 0.903546
vt 0.071973 0.911666
vt 0.071354 0.910289
vt 0.070861 0.909034
vt 0.072800 0.906492
vt 0.074765 0.902889
vt 0.058433 0.906058
vt 0.058148 0.900906
vt 0.059704 0.901094
vt 0.059845 0.905522
vt 0.059243 0.896171
vt 0.060737 0.896878
vt 0.062665 0.897878
vt 0.061507 0.901815
vt 0.061081 0.904984
vt 0.064996 0.890214
vt 0.068962 0.889437
vt 0.068899 0.891057
vt 0.065586 0.891661
vt 0.068398 0.893033
vt 0.066078 0.892921
vt 0.079295 0.899831
vt 0.077673 0.899801
vt 0.075734 0.899409
vt 0.067448 0.913794
vt 0.067575 0.912019
vt 0.063204 0.913688
vt 0.063960 0.911864
vt 0.065053 0.909226
vt 0.068251 0.909620
vt 0.060129 0.910762
vt 0.061294 0.909418
vt 0.062512 0.907243
vt 0.061625 0.892512
vt 0.062793 0.893638
vt 0.064441 0.894732
vt 0.068523 0.900847
vt 0.065331 0.899327
vt 0.067038 0.895736
vt 0.070155 0.896907
vt 0.071855 0.902029
vt 0.073187 0.898283
vt 0.063800 0.903553
vt 0.066686 0.905282
vt 0.069949 0.906100
vt 0.778230 0.511894
vt 0.781853 0.510174
vt 0.771383 0.507307
vt 0.772204 0.510569
vt 0.773930 0.513456
vt 0.892776 0.436755
vt 0.894740 0.432441
vt 0.890988 0.441139
vt 0.892917 0.507227
vt 0.891257 0.502769
vt 0.894723 0.511636
vt 0.889866 0.498198
vt 0.888768 0.493399
vt 0.887963 0.488287
vt 0.887444 0.482954
vt 0.887184 0.477517
vt 0.887075 0.472022
vt 0.887035 0.466504
vt 0.887174 0.461013
vt 0.887618 0.455621
vt 0.888399 0.450470
vt 0.889520 0.445670
vt 0.044078 0.904187
vt 0.045740 0.899824
vt 0.042584 0.908605
vt 0.044358 0.974738
vt 0.043070 0.970230
vt 0.045770 0.979202
vt 0.042010 0.965615
vt 0.041197 0.960773
vt 0.040624 0.955617
vt 0.040264 0.950254
vt 0.040071 0.944819
vt 0.039927 0.939355
vt 0.039755 0.933884
vt 0.039707 0.928439
vt 0.039956 0.923075
vt 0.040522 0.917939
vt 0.041394 0.913146
vt 0.009811 0.933177
vt 0.011105 0.926733
vt 0.009055 0.939680
vt 0.003987 0.939689
vt 0.004842 0.933007
vt 0.006377 0.926429
vt 0.008716 0.946078
vt 0.008829 0.952446
vt 0.003829 0.952949
vt 0.003625 0.946310
vt 0.009484 0.958855
vt 0.010800 0.965102
vt 0.006350 0.966145
vt 0.004720 0.959657
vt 0.012860 0.970992
vt 0.015542 0.976610
vt 0.011691 0.977864
vt 0.008720 0.972150
vt 0.018668 0.982097
vt 0.022020 0.987528
vt 0.018688 0.989222
vt 0.015083 0.983540
vt 0.021185 0.896410
vt 0.022567 0.890453
vt 0.019562 0.902388
vt 0.016158 0.901471
vt 0.017771 0.895306
vt 0.019063 0.889178
vt 0.017539 0.908403
vt 0.015271 0.914443
vt 0.011417 0.913909
vt 0.013994 0.907689
vt 0.013015 0.920514
vt 0.008710 0.920105
vt 0.863011 0.465363
vt 0.863959 0.458442
vt 0.861922 0.472239
vt 0.857276 0.472269
vt 0.858832 0.465113
vt 0.860112 0.457921
vt 0.860963 0.478721
vt 0.860237 0.485121
vt 0.854865 0.485669
vt 0.855891 0.479027
vt 0.859846 0.491797
vt 0.860056 0.498650
vt 0.854614 0.499626
vt 0.854351 0.492542
vt 0.861106 0.505458
vt 0.862945 0.511976
vt 0.857997 0.513602
vt 0.855866 0.506759
vt 0.865414 0.518043
vt 0.868215 0.523842
vt 0.863932 0.525838
vt 0.860792 0.519889
vt 0.867789 0.424842
vt 0.869051 0.418576
vt 0.866649 0.431365
vt 0.862767 0.429921
vt 0.863840 0.422947
vt 0.865004 0.416116
vt 0.865731 0.438276
vt 0.865055 0.445208
vt 0.861220 0.444214
vt 0.861869 0.437099
vt 0.864561 0.451826
vt 0.860783 0.451049
vt 0.754645 0.022632
vt 0.752744 0.025185
vt 0.847181 0.487718
vt 0.842368 0.489318
vt 0.840014 0.481806
vt 0.844715 0.480068
vt 0.837554 0.490919
vt 0.835313 0.483544
vt 0.833116 0.476088
vt 0.837767 0.474298
vt 0.842418 0.472507
vt 0.835699 0.466750
vt 0.840412 0.465037
vt 0.830986 0.468463
vt 0.828872 0.460556
vt 0.833757 0.458931
vt 0.838642 0.457306
vt 0.831865 0.450635
vt 0.837068 0.448987
vt 0.826663 0.452282
vt 0.824093 0.443706
vt 0.829996 0.441954
vt 0.835898 0.440202
vt 0.817063 0.426594
vt 0.826082 0.424441
vt 0.828116 0.433109
vt 0.820909 0.434997
vt 0.835276 0.421763
vt 0.835330 0.431134
vt 0.818987 0.415140
vt 0.824027 0.417255
vt 0.819471 0.404044
vt 0.827183 0.412905
vt 0.830273 0.409040
vt 0.835580 0.412120
vt 0.828560 0.402164
vt 0.836091 0.402645
vt 0.812622 0.418929
vt 0.814774 0.413689
vt 0.807895 0.412116
vt 0.812254 0.407779
vt 0.797552 0.400401
vt 0.800460 0.396091
vt 0.806986 0.401731
vt 0.803067 0.406092
vt 0.802961 0.391459
vt 0.810369 0.396733
vt 0.783347 0.389198
vt 0.785830 0.384920
vt 0.793288 0.390372
vt 0.790822 0.394663
vt 0.788266 0.380470
vt 0.795619 0.385902
vt 0.768177 0.379953
vt 0.771062 0.375711
vt 0.778402 0.380125
vt 0.775737 0.384363
vt 0.773795 0.371409
vt 0.780982 0.375751
vt 0.742141 0.364040
vt 0.745602 0.359691
vt 0.751151 0.363387
vt 0.747817 0.367810
vt 0.749165 0.355378
vt 0.754497 0.359035
vt 0.760266 0.362829
vt 0.757144 0.367194
vt 0.753931 0.371637
vt 0.731124 0.356216
vt 0.734905 0.351951
vt 0.740170 0.355849
vt 0.736554 0.360150
vt 0.738815 0.347676
vt 0.743918 0.351558
vt 0.720970 0.348433
vt 0.725004 0.344246
vt 0.729897 0.348118
vt 0.725967 0.352335
vt 0.729145 0.339991
vt 0.733945 0.343865
vt 0.710887 0.340227
vt 0.714931 0.335928
vt 0.720048 0.340198
vt 0.715975 0.344409
vt 0.719065 0.331508
vt 0.724211 0.335886
vt 0.700324 0.331452
vt 0.704166 0.326829
vt 0.709608 0.331439
vt 0.705650 0.335884
vt 0.708174 0.322099
vt 0.713685 0.326874
vt 0.837228 0.385072
vt 0.836670 0.393716
vt 0.828175 0.393400
vt 0.828909 0.384411
vt 0.819773 0.392599
vt 0.820092 0.382775
vt 0.838288 0.368266
vt 0.837725 0.376455
vt 0.830644 0.375604
vt 0.832359 0.367383
vt 0.824248 0.374179
vt 0.826671 0.366351
vt 0.828800 0.352498
vt 0.834353 0.353207
vt 0.833528 0.360029
vt 0.828019 0.359193
vt 0.839884 0.353972
vt 0.839034 0.360887
vt 0.829482 0.345997
vt 0.835113 0.346544
vt 0.830109 0.339682
vt 0.835827 0.340140
vt 0.841529 0.340644
vt 0.840727 0.347146
vt 0.843038 0.328792
vt 0.842286 0.334681
vt 0.836462 0.334092
vt 0.837052 0.328016
vt 0.830636 0.333546
vt 0.831082 0.327301
vt 0.844599 0.315840
vt 0.843821 0.322485
vt 0.837639 0.321548
vt 0.838242 0.314870
vt 0.831490 0.320710
vt 0.831917 0.314011
vt 0.846715 0.285354
vt 0.846382 0.293792
vt 0.839731 0.293409
vt 0.839971 0.285071
vt 0.845926 0.301714
vt 0.839375 0.301136
vt 0.832795 0.300542
vt 0.833020 0.292978
vt 0.833129 0.284757
vt 0.847181 0.267718
vt 0.846968 0.276610
vt 0.840170 0.276311
vt 0.840353 0.267337
vt 0.833213 0.276040
vt 0.833293 0.267068
vt 0.804802 0.386341
vt 0.811975 0.390189
vt 0.806354 0.381212
vt 0.812523 0.383644
vt 0.712512 0.317167
vt 0.718004 0.322100
vt 0.717341 0.311984
vt 0.722709 0.317161
vt 0.727983 0.322191
vt 0.723381 0.326892
vt 0.728544 0.331421
vt 0.733077 0.326944
vt 0.737939 0.331359
vt 0.733468 0.335645
vt 0.738194 0.339582
vt 0.742578 0.335437
vt 0.747193 0.339375
vt 0.742938 0.343422
vt 0.747883 0.347325
vt 0.751950 0.343343
vt 0.756685 0.347231
vt 0.752891 0.351164
vt 0.757871 0.354838
vt 0.761296 0.350936
vt 0.766269 0.354678
vt 0.763255 0.358625
vt 0.776273 0.366986
vt 0.783417 0.371052
vt 0.778594 0.362378
vt 0.785630 0.365622
vt 0.794031 0.368959
vt 0.790719 0.375574
vt 0.797805 0.381131
vt 0.800400 0.376329
vt 0.817642 0.351355
vt 0.823215 0.351887
vt 0.822515 0.358403
vt 0.817061 0.357711
vt 0.821388 0.365115
vt 0.816388 0.363993
vt 0.823824 0.345542
vt 0.824368 0.339306
vt 0.818172 0.345158
vt 0.818630 0.339007
vt 0.824805 0.333085
vt 0.825141 0.326710
vt 0.818985 0.332734
vt 0.819233 0.326302
vt 0.825400 0.320071
vt 0.825656 0.313379
vt 0.819386 0.319723
vt 0.819490 0.313103
vt 0.826206 0.292507
vt 0.826113 0.284426
vt 0.826171 0.299965
vt 0.819542 0.299622
vt 0.819322 0.292223
vt 0.818945 0.284285
vt 0.825975 0.275851
vt 0.825820 0.267016
vt 0.818476 0.275896
vt 0.817963 0.267267
vt 0.802016 0.268809
vt 0.803391 0.277113
vt 0.796395 0.278261
vt 0.794699 0.270033
vt 0.804671 0.285197
vt 0.797997 0.286240
vt 0.791321 0.287691
vt 0.789417 0.279807
vt 0.787429 0.271623
vt 0.740839 0.291642
vt 0.745525 0.298435
vt 0.739353 0.302715
vt 0.734497 0.296298
vt 0.750075 0.304922
vt 0.744089 0.308861
vt 0.738337 0.313082
vt 0.733484 0.307284
vt 0.728529 0.301258
vt 0.771531 0.276247
vt 0.774290 0.284287
vt 0.766541 0.287255
vt 0.763313 0.279389
vt 0.776958 0.291939
vt 0.769659 0.294743
vt 0.762670 0.297889
vt 0.759054 0.290651
vt 0.755309 0.283062
vt 0.752060 0.294400
vt 0.747781 0.287194
vt 0.756202 0.301277
vt 0.766058 0.304509
vt 0.760093 0.307572
vt 0.769246 0.310596
vt 0.763726 0.313342
vt 0.758400 0.316313
vt 0.754377 0.310868
vt 0.805774 0.292882
vt 0.799430 0.293775
vt 0.806676 0.300167
vt 0.800691 0.300905
vt 0.794702 0.301977
vt 0.793078 0.295053
vt 0.748605 0.314520
vt 0.752887 0.319704
vt 0.747485 0.323409
vt 0.743005 0.318466
vt 0.779468 0.298931
vt 0.772586 0.301575
vt 0.781853 0.305437
vt 0.775359 0.307893
vt 0.727900 0.312157
vt 0.732960 0.317553
vt 0.722749 0.306581
vt 0.737852 0.322614
vt 0.742546 0.327287
vt 0.810832 0.276317
vt 0.809878 0.267876
vt 0.811710 0.284537
vt 0.812444 0.292349
vt 0.812988 0.299709
vt 0.832391 0.307415
vt 0.825950 0.306795
vt 0.819570 0.306490
vt 0.845318 0.308990
vt 0.838852 0.308174
vt 0.813477 0.313255
vt 0.813322 0.306635
vt 0.807791 0.313654
vt 0.807363 0.307087
vt 0.801765 0.307701
vt 0.796181 0.308589
vt 0.802522 0.314136
vt 0.797337 0.314854
vt 0.778043 0.313884
vt 0.772310 0.316288
vt 0.784145 0.311677
vt 0.786282 0.317574
vt 0.780696 0.319510
vt 0.775408 0.321603
vt 0.767156 0.318706
vt 0.762171 0.321362
vt 0.770579 0.323712
vt 0.765865 0.326095
vt 0.756959 0.324492
vt 0.751807 0.327957
vt 0.760939 0.329003
vt 0.756056 0.332268
vt 0.747055 0.331585
vt 0.751512 0.335692
vt 0.756026 0.339772
vt 0.760484 0.343720
vt 0.760303 0.336475
vt 0.764517 0.340493
vt 0.769664 0.330565
vt 0.764940 0.333330
vt 0.773624 0.334752
vt 0.768976 0.337427
vt 0.782244 0.330855
vt 0.778133 0.332661
vt 0.774203 0.328380
vt 0.778695 0.326502
vt 0.788180 0.322994
vt 0.783347 0.324657
vt 0.789761 0.327852
vt 0.785928 0.329131
vt 0.792452 0.337542
vt 0.791013 0.332172
vt 0.793663 0.330573
vt 0.796475 0.331760
vt 0.793661 0.326727
vt 0.797784 0.326335
vt 0.807922 0.319917
vt 0.802812 0.320216
vt 0.807755 0.326098
vt 0.802498 0.326181
vt 0.797946 0.320735
vt 0.813390 0.326116
vt 0.813495 0.319715
vt 0.764832 0.347434
vt 0.769470 0.351066
vt 0.768667 0.344229
vt 0.772851 0.347764
vt 0.777622 0.338708
vt 0.772963 0.341249
vt 0.780943 0.342860
vt 0.776513 0.344889
vt 0.786264 0.334499
vt 0.782327 0.336616
vt 0.786020 0.340930
vt 0.788002 0.332298
vt 0.793074 0.321641
vt 0.791896 0.315998
vt 0.790272 0.309900
vt 0.788384 0.303466
vt 0.812878 0.338773
vt 0.813178 0.332508
vt 0.806899 0.338604
vt 0.807341 0.332379
vt 0.801529 0.332259
vt 0.800431 0.338430
vt 0.769455 0.362768
vt 0.766781 0.367032
vt 0.772082 0.358620
vt 0.763867 0.371354
vt 0.760798 0.375701
vt 0.782393 0.352568
vt 0.780786 0.357550
vt 0.774805 0.354652
vt 0.777286 0.350913
vt 0.782715 0.347568
vt 0.778942 0.347895
vt 0.812088 0.350926
vt 0.812512 0.344831
vt 0.806365 0.350841
vt 0.806613 0.344646
vt 0.800283 0.344706
vt 0.800319 0.351294
vt 0.794139 0.352056
vt 0.793809 0.345210
vt 0.782006 0.281806
vt 0.779666 0.273672
vt 0.784265 0.289586
vt 0.786383 0.296756
vt 0.787206 0.359248
vt 0.793835 0.359669
vt 0.788086 0.352718
vt 0.787861 0.346494
vt 0.806113 0.357451
vt 0.800197 0.358582
vt 0.806433 0.363976
vt 0.801000 0.365993
vt 0.811471 0.363426
vt 0.811660 0.357246
vt 0.811699 0.368996
vt 0.807771 0.369695
vt 0.815578 0.369739
vt 0.814751 0.373625
vt 0.812082 0.373772
vt 0.809279 0.373501
vt 0.803952 0.372334
vt 0.807978 0.376675
vt 0.812383 0.378298
vt 0.816525 0.376855
vt 0.819471 0.371779
vt 0.611426 0.534602
vt 0.618695 0.534155
vt 0.618744 0.544827
vt 0.611649 0.545105
vt 0.626536 0.533757
vt 0.626376 0.544636
vt 0.626102 0.555385
vt 0.618641 0.555361
vt 0.611675 0.555426
vt 0.610696 0.574689
vt 0.611350 0.565372
vt 0.618266 0.565586
vt 0.617628 0.575213
vt 0.625626 0.565841
vt 0.624952 0.575724
vt 0.608640 0.591250
vt 0.609776 0.583222
vt 0.616762 0.584044
vt 0.615691 0.592369
vt 0.624102 0.584834
vt 0.623075 0.593430
vt 0.606047 0.606497
vt 0.607351 0.599055
vt 0.614461 0.600477
vt 0.613226 0.608157
vt 0.621893 0.601762
vt 0.620709 0.609595
vt 0.601111 0.636291
vt 0.602350 0.628244
vt 0.609857 0.629660
vt 0.608696 0.637433
vt 0.603634 0.620564
vt 0.611023 0.622233
vt 0.618633 0.623656
vt 0.617548 0.630864
vt 0.616451 0.638387
vt 0.604838 0.613486
vt 0.612112 0.615240
vt 0.619652 0.616737
vt 0.599394 0.653192
vt 0.600087 0.644457
vt 0.607672 0.645429
vt 0.606924 0.653981
vt 0.615439 0.646202
vt 0.614637 0.654571
vt 0.599155 0.673077
vt 0.599104 0.662898
vt 0.606542 0.663366
vt 0.606436 0.673171
vt 0.614131 0.663690
vt 0.613849 0.673199
vt 0.599901 0.693517
vt 0.599450 0.683204
vt 0.606494 0.682982
vt 0.606693 0.693064
vt 0.613706 0.682758
vt 0.613725 0.692651
vt 0.601017 0.715080
vt 0.600434 0.704279
vt 0.607026 0.703691
vt 0.607462 0.714474
vt 0.613932 0.703160
vt 0.614266 0.713915
vt 0.602319 0.735487
vt 0.601638 0.725467
vt 0.607966 0.724957
vt 0.608513 0.735091
vt 0.614623 0.724429
vt 0.614825 0.734405
vt 0.603779 0.754593
vt 0.603067 0.745249
vt 0.609141 0.744906
vt 0.609961 0.754382
vt 0.615144 0.743613
vt 0.617633 0.752914
vt 0.604818 0.772037
vt 0.604359 0.763406
vt 0.610610 0.763498
vt 0.611224 0.772272
vt 0.617497 0.763624
vt 0.618183 0.772513
vt 0.605539 0.789804
vt 0.605199 0.780850
vt 0.611762 0.781056
vt 0.612243 0.789897
vt 0.618768 0.781214
vt 0.619213 0.789913
vt 0.656043 0.775060
vt 0.665429 0.773572
vt 0.667055 0.779179
vt 0.657583 0.780856
vt 0.673762 0.768719
vt 0.675743 0.776631
vt 0.677738 0.783436
vt 0.668727 0.785345
vt 0.658774 0.786915
vt 0.636128 0.772746
vt 0.646326 0.775646
vt 0.646811 0.781484
vt 0.636032 0.781333
vt 0.647288 0.788259
vt 0.636044 0.789247
vt 0.721785 0.749188
vt 0.731739 0.747258
vt 0.734483 0.751901
vt 0.725909 0.756180
vt 0.739209 0.743259
vt 0.742326 0.746866
vt 0.745637 0.750983
vt 0.737697 0.756940
vt 0.729415 0.762457
vt 0.745087 0.737028
vt 0.749227 0.740464
vt 0.749467 0.727961
vt 0.755524 0.733078
vt 0.760855 0.737596
vt 0.753390 0.744597
vt 0.675877 0.759291
vt 0.681742 0.757907
vt 0.682690 0.766297
vt 0.675404 0.751132
vt 0.680298 0.749662
vt 0.686085 0.747712
vt 0.688373 0.755603
vt 0.690573 0.763585
vt 0.708782 0.738081
vt 0.713766 0.744036
vt 0.708450 0.747178
vt 0.704269 0.740378
vt 0.713297 0.753779
vt 0.705582 0.757522
vt 0.701982 0.750214
vt 0.698671 0.742895
vt 0.695198 0.753019
vt 0.698102 0.760719
vt 0.692408 0.745402
vt 0.700958 0.768122
vt 0.692961 0.771115
vt 0.708913 0.764692
vt 0.712033 0.771771
vt 0.703770 0.775318
vt 0.695484 0.778334
vt 0.684482 0.773939
vt 0.686717 0.781065
vt 0.720709 0.767453
vt 0.717270 0.760598
vt 0.667793 0.736721
vt 0.674793 0.735678
vt 0.677623 0.742242
vt 0.672622 0.743833
vt 0.680889 0.733800
vt 0.683485 0.740468
vt 0.689910 0.738230
vt 0.687791 0.731315
vt 0.694586 0.728804
vt 0.696213 0.735724
vt 0.705792 0.722789
vt 0.706290 0.731110
vt 0.701719 0.733213
vt 0.700224 0.726378
vt 0.671547 0.752080
vt 0.669054 0.745858
vt 0.668284 0.752732
vt 0.666298 0.747923
vt 0.662794 0.744320
vt 0.664632 0.741161
vt 0.669105 0.765217
vt 0.671635 0.758923
vt 0.666394 0.762469
vt 0.668363 0.757829
vt 0.663943 0.769405
vt 0.657897 0.771197
vt 0.657169 0.768029
vt 0.662446 0.766010
vt 0.641432 0.768983
vt 0.645982 0.772207
vt 0.646266 0.766289
vt 0.650316 0.771562
vt 0.631977 0.756431
vt 0.636990 0.757013
vt 0.638094 0.763434
vt 0.632519 0.764222
vt 0.641170 0.757373
vt 0.642718 0.762368
vt 0.638241 0.742652
vt 0.641399 0.745432
vt 0.638142 0.750782
vt 0.633950 0.749007
vt 0.644294 0.748001
vt 0.641773 0.752367
vt 0.651856 0.735457
vt 0.652505 0.739325
vt 0.646435 0.741520
vt 0.644481 0.738080
vt 0.653224 0.742917
vt 0.648335 0.744764
vt 0.658806 0.739079
vt 0.659555 0.734844
vt 0.658248 0.742678
vt 0.715812 0.712160
vt 0.717234 0.714925
vt 0.712840 0.718838
vt 0.710408 0.716326
vt 0.718548 0.717528
vt 0.714946 0.720901
vt 0.712849 0.725201
vt 0.710090 0.724104
vt 0.709804 0.730243
vt 0.712632 0.729918
vt 0.714544 0.734477
vt 0.712026 0.736164
vt 0.716758 0.741002
vt 0.718569 0.738250
vt 0.723767 0.740467
vt 0.723210 0.743842
vt 0.730183 0.743535
vt 0.729069 0.740477
vt 0.733820 0.738250
vt 0.736417 0.740500
vt 0.741127 0.735190
vt 0.743439 0.728582
vt 0.737454 0.734073
vt 0.739330 0.728888
vt 0.742350 0.722112
vt 0.745948 0.719693
vt 0.738978 0.723732
vt 0.736676 0.719377
vt 0.738933 0.716872
vt 0.741137 0.714096
vt 0.734108 0.713495
vt 0.735233 0.710581
vt 0.732906 0.716430
vt 0.728216 0.715119
vt 0.728484 0.712088
vt 0.728698 0.709141
vt 0.722651 0.712613
vt 0.722056 0.709718
vt 0.723196 0.715526
vt 0.673536 0.730686
vt 0.678179 0.727609
vt 0.668417 0.729488
vt 0.672673 0.721657
vt 0.693984 0.722024
vt 0.698922 0.721600
vt 0.696036 0.713841
vt 0.702199 0.717519
vt 0.686052 0.724342
vt 0.684490 0.717017
vt 0.761694 0.725538
vt 0.767861 0.729812
vt 0.755545 0.720834
vt 0.760231 0.713819
vt 0.767289 0.717660
vt 0.774207 0.721342
vt 0.749583 0.715461
vt 0.743242 0.710726
vt 0.745231 0.706226
vt 0.752907 0.709811
vt 0.736235 0.707562
vt 0.728829 0.706212
vt 0.728943 0.702629
vt 0.737181 0.703723
vt 0.721388 0.706741
vt 0.714238 0.709020
vt 0.712739 0.705084
vt 0.720743 0.703118
vt 0.707684 0.712811
vt 0.704913 0.708410
vt 0.651308 0.730944
vt 0.660317 0.729441
vt 0.650736 0.725059
vt 0.661015 0.722783
vt 0.634597 0.739281
vt 0.642457 0.734078
vt 0.629918 0.733767
vt 0.640683 0.728400
vt 0.628869 0.746817
vt 0.625543 0.755366
vt 0.623666 0.743930
vt 0.625189 0.764110
vt 0.626197 0.772732
vt 0.626685 0.781281
vt 0.626842 0.789755
vt 0.620030 0.740873
vt 0.621468 0.733572
vt 0.771989 0.709228
vt 0.779698 0.712409
vt 0.764062 0.706041
vt 0.767098 0.697951
vt 0.775757 0.700673
vt 0.784185 0.703477
vt 0.755748 0.702918
vt 0.747068 0.700251
vt 0.748605 0.693428
vt 0.758033 0.695435
vt 0.738121 0.698463
vt 0.729103 0.697783
vt 0.729248 0.691917
vt 0.738935 0.692225
vt 0.720212 0.698330
vt 0.711539 0.700002
vt 0.710585 0.693910
vt 0.719765 0.692516
vt 0.702975 0.702628
vt 0.693704 0.705890
vt 0.692229 0.698406
vt 0.701629 0.695944
vt 0.683027 0.709157
vt 0.671735 0.712278
vt 0.670836 0.703641
vt 0.681819 0.701060
vt 0.660655 0.714771
vt 0.650030 0.717271
vt 0.649305 0.708206
vt 0.659893 0.705966
vt 0.639836 0.720115
vt 0.630297 0.722673
vt 0.630070 0.712325
vt 0.639300 0.710476
vt 0.621749 0.713350
vt 0.621945 0.723823
vt 0.645179 0.533427
vt 0.644389 0.544787
vt 0.634956 0.544608
vt 0.635390 0.533474
vt 0.643524 0.555917
vt 0.634434 0.555568
vt 0.633758 0.566173
vt 0.642537 0.566609
vt 0.641489 0.576747
vt 0.632953 0.576219
vt 0.632048 0.585568
vt 0.640438 0.586262
vt 0.639334 0.595202
vt 0.631019 0.594380
vt 0.629858 0.602802
vt 0.638131 0.603609
vt 0.636921 0.611385
vt 0.628688 0.610650
vt 0.627624 0.617792
vt 0.635802 0.618499
vt 0.634746 0.625323
vt 0.626602 0.624654
vt 0.625545 0.631703
vt 0.633714 0.632256
vt 0.632733 0.639402
vt 0.624494 0.639018
vt 0.623518 0.646639
vt 0.631836 0.646840
vt 0.631019 0.654853
vt 0.622675 0.654826
vt 0.622013 0.663764
vt 0.630290 0.663636
vt 0.629729 0.672827
vt 0.621542 0.673100
vt 0.621269 0.682504
vt 0.629426 0.682082
vt 0.629420 0.691671
vt 0.621231 0.692264
vt 0.621436 0.702664
vt 0.629695 0.701866
vt 0.778634 0.692326
vt 0.787625 0.694805
vt 0.769395 0.689988
vt 0.771036 0.681616
vt 0.780808 0.683516
vt 0.790347 0.685583
vt 0.759726 0.687944
vt 0.749707 0.686404
vt 0.750402 0.678921
vt 0.760866 0.680042
vt 0.638801 0.700476
vt 0.648710 0.698700
vt 0.638452 0.690656
vt 0.648317 0.689287
vt 0.659289 0.696807
vt 0.670171 0.694799
vt 0.658882 0.687694
vt 0.669711 0.685962
vt 0.680934 0.692660
vt 0.691150 0.690545
vt 0.680327 0.684179
vt 0.690409 0.682479
vt 0.700586 0.688640
vt 0.709789 0.687072
vt 0.699840 0.680990
vt 0.709183 0.679761
vt 0.739496 0.685550
vt 0.729309 0.685411
vt 0.729294 0.678331
vt 0.739818 0.678348
vt 0.719358 0.685954
vt 0.719017 0.678838
vt 0.638607 0.672330
vt 0.638388 0.681353
vt 0.648229 0.671526
vt 0.648163 0.680293
vt 0.658632 0.678931
vt 0.669378 0.677407
vt 0.658540 0.670374
vt 0.669185 0.669045
vt 0.679941 0.675879
vt 0.689995 0.674469
vt 0.679749 0.667740
vt 0.689851 0.666559
vt 0.699424 0.673260
vt 0.708817 0.672230
vt 0.699308 0.665552
vt 0.708692 0.664646
vt 0.718771 0.671358
vt 0.729213 0.670746
vt 0.718603 0.663778
vt 0.729001 0.663032
vt 0.739920 0.670511
vt 0.750727 0.670699
vt 0.739701 0.662516
vt 0.750584 0.662279
vt 0.782432 0.673619
vt 0.792635 0.675071
vt 0.772084 0.672322
vt 0.772501 0.662676
vt 0.783385 0.663220
vt 0.794223 0.663874
vt 0.761490 0.671321
vt 0.761547 0.662344
vt 0.783536 0.653102
vt 0.794792 0.652843
vt 0.772271 0.653407
vt 0.771543 0.644808
vt 0.782973 0.643643
vt 0.794361 0.642458
vt 0.639674 0.654764
vt 0.639064 0.663352
vt 0.648897 0.654452
vt 0.648484 0.662799
vt 0.658619 0.661888
vt 0.669171 0.660801
vt 0.658888 0.653818
vt 0.669372 0.653027
vt 0.679742 0.659754
vt 0.689913 0.658812
vt 0.679945 0.652269
vt 0.690159 0.651575
vt 0.699433 0.657985
vt 0.708776 0.657201
vt 0.699717 0.650924
vt 0.708958 0.650263
vt 0.718476 0.656395
vt 0.728596 0.655608
vt 0.718326 0.649540
vt 0.728026 0.648753
vt 0.761016 0.653801
vt 0.749907 0.654298
vt 0.748885 0.646970
vt 0.760091 0.645928
vt 0.739084 0.654902
vt 0.738191 0.647904
vt 0.655747 0.533764
vt 0.654506 0.545235
vt 0.667156 0.534666
vt 0.665354 0.546124
vt 0.663522 0.557343
vt 0.653199 0.556453
vt 0.679459 0.536325
vt 0.676997 0.547649
vt 0.692473 0.538938
vt 0.689366 0.550001
vt 0.686388 0.560908
vt 0.674588 0.558777
vt 0.705785 0.542584
vt 0.702150 0.553269
vt 0.718306 0.546873
vt 0.714229 0.557139
vt 0.710298 0.567238
vt 0.698665 0.563805
vt 0.729205 0.551506
vt 0.724686 0.561373
vt 0.739370 0.557025
vt 0.734238 0.566431
vt 0.729344 0.575553
vt 0.720331 0.571033
vt 0.749689 0.563922
vt 0.743662 0.572714
vt 0.759340 0.571638
vt 0.752332 0.579695
vt 0.745871 0.587221
vt 0.738014 0.581104
vt 0.641131 0.639642
vt 0.640363 0.646922
vt 0.650098 0.639746
vt 0.649440 0.646827
vt 0.641995 0.632645
vt 0.642960 0.625810
vt 0.651768 0.626210
vt 0.650864 0.632930
vt 0.651795 0.567199
vt 0.650402 0.577383
vt 0.661663 0.568108
vt 0.659911 0.578279
vt 0.649118 0.586956
vt 0.647857 0.595908
vt 0.658376 0.587768
vt 0.656944 0.596582
vt 0.644031 0.619009
vt 0.645223 0.611919
vt 0.654091 0.612350
vt 0.652843 0.619428
vt 0.646532 0.604234
vt 0.655492 0.604762
vt 0.683661 0.571461
vt 0.672298 0.569502
vt 0.681278 0.581310
vt 0.670241 0.579578
vt 0.659354 0.646494
vt 0.669813 0.646035
vt 0.659980 0.639708
vt 0.670444 0.639568
vt 0.668495 0.588820
vt 0.666930 0.597339
vt 0.679281 0.590188
vt 0.677549 0.598314
vt 0.665411 0.605296
vt 0.663981 0.612770
vt 0.675953 0.605977
vt 0.674501 0.613266
vt 0.662716 0.619829
vt 0.661635 0.626578
vt 0.673228 0.620221
vt 0.672136 0.626867
vt 0.660733 0.633143
vt 0.671215 0.633258
vt 0.680376 0.645574
vt 0.690576 0.645119
vt 0.680989 0.639366
vt 0.691135 0.639107
vt 0.706656 0.576960
vt 0.695469 0.573996
vt 0.703446 0.585932
vt 0.692667 0.583460
vt 0.690316 0.591905
vt 0.688322 0.599604
vt 0.700765 0.593881
vt 0.698535 0.601107
vt 0.686575 0.606904
vt 0.685053 0.613891
vt 0.696645 0.607976
vt 0.695055 0.614572
vt 0.681743 0.633246
vt 0.682653 0.627026
vt 0.692672 0.627082
vt 0.691821 0.633131
vt 0.683750 0.620590
vt 0.693740 0.620919
vt 0.700085 0.644640
vt 0.709137 0.644092
vt 0.700533 0.638781
vt 0.709336 0.638349
vt 0.701084 0.632938
vt 0.701807 0.627069
vt 0.710075 0.626993
vt 0.709618 0.632645
vt 0.702774 0.621198
vt 0.704037 0.615236
vt 0.711932 0.615941
vt 0.710809 0.621462
vt 0.705635 0.609085
vt 0.707586 0.602716
vt 0.715577 0.604505
vt 0.713532 0.610297
vt 0.709927 0.596042
vt 0.712799 0.588663
vt 0.721115 0.591802
vt 0.718051 0.598479
vt 0.724912 0.584107
vt 0.716308 0.580247
vt 0.718104 0.643427
vt 0.727343 0.642609
vt 0.717864 0.637755
vt 0.726596 0.636915
vt 0.717688 0.632189
vt 0.717684 0.626790
vt 0.725194 0.626156
vt 0.725845 0.631399
vt 0.717985 0.621656
vt 0.718822 0.616656
vt 0.724938 0.616885
vt 0.724793 0.621328
vt 0.720395 0.611630
vt 0.722669 0.606534
vt 0.728563 0.608625
vt 0.726048 0.612727
vt 0.725466 0.601274
vt 0.728882 0.595464
vt 0.735771 0.599431
vt 0.731856 0.604289
vt 0.740380 0.593793
vt 0.733060 0.588737
vt 0.781807 0.634986
vt 0.793042 0.632942
vt 0.770444 0.636952
vt 0.768831 0.629478
vt 0.780004 0.626729
vt 0.790967 0.623864
vt 0.737163 0.641597
vt 0.735989 0.635735
vt 0.746254 0.634113
vt 0.747698 0.640328
vt 0.758934 0.638760
vt 0.757393 0.631990
vt 0.755301 0.625351
vt 0.766457 0.621987
vt 0.744446 0.628016
vt 0.742340 0.621393
vt 0.752820 0.619258
vt 0.762498 0.613987
vt 0.777473 0.618434
vt 0.788209 0.614745
vt 0.774168 0.610078
vt 0.784554 0.605577
vt 0.733171 0.624684
vt 0.734650 0.630062
vt 0.732848 0.610791
vt 0.729868 0.613236
vt 0.735408 0.613808
vt 0.730483 0.616030
vt 0.767377 0.579540
vt 0.759507 0.586786
vt 0.774053 0.587754
vt 0.765397 0.594091
vt 0.757674 0.599516
vt 0.752355 0.593372
vt 0.746440 0.598861
vt 0.741425 0.603547
vt 0.751620 0.603703
vt 0.746456 0.608649
vt 0.736813 0.607438
vt 0.740032 0.611044
vt 0.745181 0.614990
vt 0.750695 0.615121
vt 0.754011 0.611268
vt 0.779800 0.596495
vt 0.770302 0.601853
vt 0.761730 0.605895
vt 0.741109 0.614595
vt 0.737574 0.617539
vt 0.731581 0.620006
vt 0.755856 0.607307
vt 0.937549 0.234344
vt 0.930752 0.236192
vt 0.929194 0.230905
vt 0.936236 0.229496
vt 0.923968 0.238081
vt 0.922139 0.232361
vt 0.920236 0.226586
vt 0.927732 0.225518
vt 0.935159 0.224482
vt 0.926473 0.219984
vt 0.934338 0.219241
vt 0.918462 0.220723
vt 0.917007 0.214687
vt 0.925514 0.214242
vt 0.933811 0.213766
vt 0.924912 0.208265
vt 0.933591 0.208085
vt 0.916015 0.208434
vt 0.915427 0.202132
vt 0.924596 0.202207
vt 0.933561 0.202312
vt 0.924485 0.196232
vt 0.933612 0.196571
vt 0.915162 0.195950
vt 0.915237 0.189842
vt 0.924602 0.190367
vt 0.933789 0.190930
vt 0.925009 0.184615
vt 0.934175 0.185446
vt 0.915717 0.183753
vt 0.916756 0.177799
vt 0.925835 0.179028
vt 0.934850 0.180165
vt 0.927184 0.173652
vt 0.935871 0.175112
vt 0.918477 0.172106
vt 0.920787 0.166656
vt 0.929001 0.168483
vt 0.937222 0.170253
vt 0.931177 0.163491
vt 0.938848 0.165532
vt 0.923527 0.161391
vt 0.926488 0.156222
vt 0.933539 0.158593
vt 0.940621 0.160882
vt 0.940696 0.243804
vt 0.933880 0.246618
vt 0.932319 0.241419
vt 0.939067 0.239097
vt 0.927052 0.249434
vt 0.925579 0.243766
vt 0.946280 0.973497
vt 0.939188 0.976397
vt 0.938007 0.970649
vt 0.944913 0.968483
vt 0.932020 0.979343
vt 0.931019 0.972877
vt 0.930270 0.966323
vt 0.937117 0.964764
vt 0.943876 0.963279
vt 0.936467 0.958945
vt 0.943146 0.957902
vt 0.929707 0.960028
vt 0.929164 0.953722
vt 0.935968 0.953023
vt 0.942678 0.952322
vt 0.935542 0.946835
vt 0.942419 0.946533
vt 0.928511 0.947127
vt 0.927836 0.940557
vt 0.935188 0.940615
vt 0.942298 0.940679
vt 0.934927 0.934610
vt 0.942265 0.934909
vt 0.927263 0.934329
vt 0.926839 0.928173
vt 0.934799 0.928701
vt 0.942378 0.929243
vt 0.934869 0.922740
vt 0.942723 0.923686
vt 0.926632 0.921787
vt 0.926885 0.915300
vt 0.935313 0.916817
vt 0.943391 0.918296
vt 0.936288 0.911063
vt 0.944453 0.913129
vt 0.927825 0.908934
vt 0.929442 0.902838
vt 0.937799 0.905534
vt 0.945912 0.908162
vt 0.939772 0.900239
vt 0.947719 0.903345
vt 0.931627 0.897085
vt 0.934116 0.891531
vt 0.941994 0.895076
vt 0.949715 0.898606
vt 0.949821 0.983016
vt 0.942310 0.986975
vt 0.940666 0.981795
vt 0.947964 0.978312
vt 0.934700 0.991060
vt 0.933285 0.985350
vt 0.960228 0.977440
vt 0.959347 0.977919
vt 0.957343 0.974039
vt 0.958222 0.973649
vt 0.957806 0.978755
vt 0.955811 0.974718
vt 0.953990 0.970610
vt 0.955512 0.970084
vt 0.956386 0.969781
vt 0.957261 0.911978
vt 0.956289 0.911644
vt 0.957764 0.907542
vt 0.958696 0.907949
vt 0.954594 0.911063
vt 0.956139 0.906834
vt 0.957804 0.902644
vt 0.959347 0.903473
vt 0.960228 0.903949
vt 0.954911 0.920525
vt 0.953914 0.920342
vt 0.955004 0.915844
vt 0.955999 0.916100
vt 0.952174 0.920002
vt 0.953270 0.915395
vt 0.953291 0.930540
vt 0.952350 0.930462
vt 0.953012 0.925284
vt 0.953989 0.925408
vt 0.950696 0.930245
vt 0.951305 0.925009
vt 0.952585 0.940787
vt 0.951717 0.940785
vt 0.951957 0.935636
vt 0.952856 0.935676
vt 0.950164 0.940770
vt 0.950355 0.935509
vt 0.952441 0.951082
vt 0.951583 0.951158
vt 0.951542 0.945941
vt 0.952399 0.945904
vt 0.950095 0.951349
vt 0.950029 0.946042
vt 0.953689 0.961287
vt 0.952826 0.961442
vt 0.952010 0.956422
vt 0.952870 0.956312
vt 0.951332 0.961728
vt 0.950526 0.956659
vt 0.953996 0.965952
vt 0.954864 0.965731
vt 0.952487 0.966340
vt 0.950413 0.240054
vt 0.949576 0.240389
vt 0.947905 0.236350
vt 0.948743 0.236090
vt 0.948116 0.240940
vt 0.946445 0.236782
vt 0.944958 0.232567
vt 0.946424 0.232249
vt 0.947269 0.232062
vt 0.948347 0.173085
vt 0.947413 0.172820
vt 0.948445 0.168547
vt 0.949326 0.168870
vt 0.945787 0.172367
vt 0.946907 0.168004
vt 0.948143 0.163668
vt 0.949588 0.164292
vt 0.950413 0.164672
vt 0.946943 0.181970
vt 0.945933 0.181823
vt 0.946579 0.177172
vt 0.947558 0.177374
vt 0.944174 0.181541
vt 0.944877 0.176816
vt 0.946133 0.192312
vt 0.945118 0.192231
vt 0.945446 0.186929
vt 0.946468 0.187039
vt 0.943325 0.192001
vt 0.943660 0.186673
vt 0.945684 0.202576
vt 0.944709 0.202557
vt 0.944923 0.197438
vt 0.945920 0.197488
vt 0.942950 0.202513
vt 0.943137 0.197283
vt 0.945040 0.212856
vt 0.944104 0.212897
vt 0.944370 0.207677
vt 0.945326 0.207662
vt 0.942463 0.213035
vt 0.942663 0.207744
vt 0.945415 0.223295
vt 0.944535 0.223371
vt 0.944141 0.218237
vt 0.945050 0.218183
vt 0.943014 0.223522
vt 0.942566 0.218384
vt 0.945293 0.227996
vt 0.946151 0.227873
vt 0.943808 0.228209
vt 0.809651 0.520325
vt 0.809035 0.518939
vt 0.812293 0.515842
vt 0.813524 0.516815
vt 0.808549 0.517667
vt 0.810511 0.515069
vt 0.812506 0.511394
vt 0.814575 0.512053
vt 0.816132 0.512608
vt 0.816295 0.504284
vt 0.814854 0.504891
vt 0.812939 0.502121
vt 0.814040 0.500930
vt 0.813616 0.505435
vt 0.811897 0.503871
vt 0.809185 0.502302
vt 0.810050 0.500213
vt 0.810687 0.498675
vt 0.802756 0.498675
vt 0.803345 0.500124
vt 0.800549 0.502108
vt 0.799382 0.500979
vt 0.803836 0.501384
vt 0.802197 0.503202
vt 0.800407 0.506382
vt 0.798478 0.505385
vt 0.796984 0.504677
vt 0.796111 0.514717
vt 0.797526 0.514172
vt 0.798969 0.518082
vt 0.797807 0.519420
vt 0.798769 0.513616
vt 0.800197 0.515884
vt 0.802738 0.517866
vt 0.801638 0.520522
vt 0.800890 0.522328
vt 0.805250 0.520684
vt 0.805126 0.522452
vt 0.805936 0.518261
vt 0.815428 0.508272
vt 0.817052 0.508298
vt 0.813489 0.507879
vt 0.806658 0.499519
vt 0.806721 0.497898
vt 0.806157 0.501494
vt 0.797413 0.509679
vt 0.795854 0.509496
vt 0.799219 0.510391
vt 0.806270 0.509338
vt 0.807915 0.505367
vt 0.810945 0.506747
vt 0.809600 0.510525
vt 0.839496 0.523264
vt 0.838858 0.521726
vt 0.841748 0.519819
vt 0.842849 0.521009
vt 0.837992 0.519635
vt 0.840705 0.518068
vt 0.842425 0.516506
vt 0.843663 0.517050
vt 0.845104 0.517656
vt 0.844959 0.509375
vt 0.843403 0.509932
vt 0.841152 0.506220
vt 0.842386 0.505253
vt 0.841333 0.510588
vt 0.839367 0.506985
vt 0.837428 0.504443
vt 0.837922 0.503189
vt 0.838541 0.501811
vt 0.825001 0.507420
vt 0.826413 0.507956
vt 0.826272 0.512383
vt 0.824716 0.512572
vt 0.827649 0.508494
vt 0.828075 0.511663
vt 0.829233 0.515600
vt 0.827305 0.516599
vt 0.825811 0.517306
vt 0.831564 0.523264
vt 0.832154 0.521817
vt 0.835467 0.522420
vt 0.835530 0.524041
vt 0.832646 0.520557
vt 0.834966 0.520445
vt 0.844241 0.513677
vt 0.845863 0.513646
vt 0.842301 0.514068
vt 0.834143 0.501458
vt 0.834016 0.499684
vt 0.834819 0.503857
vt 0.831620 0.504252
vt 0.830528 0.501613
vt 0.829772 0.499790
vt 0.827862 0.504060
vt 0.826697 0.502715
vt 0.829080 0.506235
vt 0.829361 0.519840
vt 0.828193 0.520966
vt 0.831009 0.518746
vt 0.835091 0.512631
vt 0.836723 0.516571
vt 0.833606 0.517741
vt 0.831899 0.514151
vt 0.839755 0.515194
vt 0.838423 0.511449
vt 0.833254 0.508195
vt 0.830368 0.509925
vt 0.836517 0.507378
vt 0.804796 0.504200
vt 0.803077 0.507823
vt 0.804401 0.513850
vt 0.807664 0.514670
vt 0.801515 0.512123
vt 0.954909 0.980315
vt 0.952945 0.976000
vt 0.951157 0.971617
vt 0.951426 0.909986
vt 0.953086 0.905528
vt 0.954892 0.901120
vt 0.948937 0.919357
vt 0.950035 0.914557
vt 0.947613 0.929801
vt 0.948132 0.924468
vt 0.947244 0.940733
vt 0.947353 0.935239
vt 0.947343 0.951743
vt 0.947205 0.946252
vt 0.948568 0.962285
vt 0.947788 0.957134
vt 0.949690 0.967085
vt 0.945390 0.241955
vt 0.943728 0.237591
vt 0.942234 0.233174
vt 0.942720 0.171549
vt 0.944008 0.167040
vt 0.945420 0.162577
vt 0.940847 0.181006
vt 0.941660 0.176164
vt 0.939914 0.191524
vt 0.940273 0.186162
vt 0.939576 0.202424
vt 0.939720 0.196959
vt 0.939357 0.213340
vt 0.939404 0.207894
vt 0.940172 0.223840
vt 0.939606 0.218703
vt 0.941044 0.228633
vt 0.910754 0.215046
vt 0.909460 0.208602
vt 0.906027 0.215350
vt 0.904492 0.208771
vt 0.903637 0.202090
vt 0.908705 0.202098
vt 0.908365 0.195701
vt 0.903275 0.195468
vt 0.903479 0.188829
vt 0.908479 0.189332
vt 0.909133 0.182924
vt 0.904370 0.182121
vt 0.906000 0.175634
vt 0.910450 0.176676
vt 0.912509 0.170787
vt 0.908370 0.169628
vt 0.911341 0.163914
vt 0.915191 0.165169
vt 0.918317 0.159682
vt 0.914733 0.158239
vt 0.918338 0.152557
vt 0.921670 0.154251
vt 0.922217 0.251326
vt 0.920835 0.245369
vt 0.918713 0.252601
vt 0.917421 0.246472
vt 0.915807 0.240308
vt 0.919212 0.239390
vt 0.917189 0.233375
vt 0.913643 0.234089
vt 0.911066 0.227869
vt 0.914921 0.227336
vt 0.912664 0.221264
vt 0.908360 0.221674
vt 0.924128 0.954314
vt 0.923181 0.947393
vt 0.920281 0.954835
vt 0.919001 0.947642
vt 0.917445 0.940487
vt 0.922091 0.940517
vt 0.921133 0.934034
vt 0.916060 0.933729
vt 0.915034 0.927087
vt 0.920407 0.927635
vt 0.920015 0.920958
vt 0.914521 0.920213
vt 0.914784 0.913130
vt 0.920226 0.914105
vt 0.921276 0.907298
vt 0.916036 0.905997
vt 0.918167 0.899154
vt 0.923114 0.900779
vt 0.925583 0.894712
vt 0.920961 0.892866
vt 0.924101 0.886917
vt 0.928384 0.888914
vt 0.929220 0.994179
vt 0.927958 0.987913
vt 0.925173 0.996640
vt 0.924010 0.989809
vt 0.922936 0.982835
vt 0.926818 0.981391
vt 0.925900 0.974479
vt 0.922039 0.975657
vt 0.921389 0.968542
vt 0.925225 0.967548
vt 0.924730 0.960930
vt 0.920952 0.961706
vt 0.651414 0.768191
vt 0.653314 0.770744
vt 0.741687 0.920530
vt 0.742628 0.926810
vt 0.738896 0.927506
vt 0.737980 0.921083
vt 0.743733 0.933203
vt 0.739981 0.934074
vt 0.735885 0.934992
vt 0.734860 0.928211
vt 0.734008 0.921618
vt 0.598993 0.807261
vt 0.606154 0.806338
vt 0.606464 0.809723
vt 0.599226 0.810738
vt 0.613337 0.805309
vt 0.613685 0.808622
vt 0.614140 0.812192
vt 0.606852 0.813376
vt 0.599499 0.814501
vt 0.620582 0.804085
vt 0.620904 0.807365
vt 0.627998 0.802631
vt 0.628273 0.805936
vt 0.628688 0.809498
vt 0.621352 0.810901
vt 0.635703 0.800981
vt 0.635947 0.804378
vt 0.643764 0.799359
vt 0.643984 0.802916
vt 0.644376 0.806689
vt 0.636356 0.808028
vt 0.652164 0.798025
vt 0.652347 0.801773
vt 0.660599 0.797167
vt 0.660747 0.801003
vt 0.661011 0.804932
vt 0.652679 0.805663
vt 0.668729 0.796888
vt 0.668869 0.800609
vt 0.676372 0.797023
vt 0.676560 0.800559
vt 0.676830 0.804290
vt 0.669105 0.804453
vt 0.683462 0.797365
vt 0.683773 0.800790
vt 0.690238 0.797798
vt 0.690714 0.801173
vt 0.691220 0.804878
vt 0.684142 0.804483
vt 0.743733 0.824790
vt 0.743323 0.833380
vt 0.740096 0.833807
vt 0.740565 0.825523
vt 0.742785 0.841763
vt 0.739528 0.841966
vt 0.736121 0.842262
vt 0.736657 0.834338
vt 0.737101 0.826369
vt 0.742044 0.849788
vt 0.738809 0.849902
vt 0.741253 0.857535
vt 0.738085 0.857637
vt 0.734775 0.857802
vt 0.735446 0.850098
vt 0.740593 0.865065
vt 0.737510 0.865163
vt 0.740118 0.872133
vt 0.737091 0.872250
vt 0.733861 0.872386
vt 0.734254 0.865300
vt 0.739845 0.878549
vt 0.736800 0.878728
vt 0.739756 0.884644
vt 0.736625 0.884892
vt 0.733277 0.885141
vt 0.733541 0.878919
vt 0.739992 0.896845
vt 0.740246 0.902725
vt 0.736719 0.903078
vt 0.736586 0.897158
vt 0.740581 0.908537
vt 0.736966 0.908940
vt 0.733139 0.909317
vt 0.732976 0.903388
vt 0.732952 0.897421
vt 0.739818 0.890773
vt 0.736554 0.891059
vt 0.733066 0.891318
vt 0.741028 0.914447
vt 0.737356 0.914909
vt 0.733454 0.915348
vt 0.614778 0.816213
vt 0.607375 0.817505
vt 0.615553 0.820624
vt 0.608021 0.822074
vt 0.600311 0.823535
vt 0.599851 0.818773
vt 0.622013 0.814877
vt 0.629345 0.813495
vt 0.630180 0.817780
vt 0.622830 0.819194
vt 0.637042 0.812096
vt 0.645059 0.810818
vt 0.645933 0.815133
vt 0.637921 0.816395
vt 0.653264 0.809794
vt 0.661473 0.809026
vt 0.662073 0.813291
vt 0.654013 0.814089
vt 0.669507 0.808514
vt 0.677236 0.808363
vt 0.677730 0.812719
vt 0.670034 0.812779
vt 0.684596 0.808644
vt 0.691747 0.809174
vt 0.692136 0.814045
vt 0.685045 0.813220
vt 0.732826 0.835065
vt 0.733106 0.827414
vt 0.732424 0.842746
vt 0.728346 0.843498
vt 0.728548 0.836026
vt 0.728587 0.828632
vt 0.731832 0.850459
vt 0.731197 0.858098
vt 0.727292 0.858623
vt 0.727879 0.851080
vt 0.730678 0.865525
vt 0.730262 0.872576
vt 0.726283 0.872927
vt 0.726754 0.865949
vt 0.729895 0.879147
vt 0.729537 0.885401
vt 0.725402 0.885707
vt 0.725853 0.879485
vt 0.729177 0.891534
vt 0.728915 0.897598
vt 0.724506 0.897697
vt 0.724903 0.891729
vt 0.728846 0.903617
vt 0.728936 0.909637
vt 0.724376 0.909847
vt 0.724352 0.903736
vt 0.729150 0.915739
vt 0.729582 0.922119
vt 0.724812 0.922577
vt 0.724503 0.916052
vt 0.715215 0.938329
vt 0.714984 0.930641
vt 0.720264 0.930200
vt 0.720771 0.937725
vt 0.714810 0.923229
vt 0.719862 0.922974
vt 0.725376 0.929602
vt 0.726090 0.936924
vt 0.703486 0.938797
vt 0.704033 0.930799
vt 0.709538 0.930853
vt 0.709394 0.938704
vt 0.704598 0.923065
vt 0.709711 0.923266
vt 0.691498 0.937920
vt 0.692768 0.929719
vt 0.698529 0.930441
vt 0.697620 0.938553
vt 0.694042 0.921814
vt 0.699450 0.922607
vt 0.677902 0.935266
vt 0.680085 0.927018
vt 0.686534 0.928579
vt 0.684847 0.936841
vt 0.682225 0.919078
vt 0.688208 0.920624
vt 0.651840 0.923744
vt 0.656308 0.916301
vt 0.661918 0.919741
vt 0.658009 0.927464
vt 0.660565 0.909146
vt 0.665642 0.912308
vt 0.670889 0.914988
vt 0.667681 0.922627
vt 0.664328 0.930554
vt 0.639592 0.914080
vt 0.645251 0.907547
vt 0.650711 0.912234
vt 0.645643 0.919262
vt 0.650694 0.901260
vt 0.655559 0.905478
vt 0.628805 0.902265
vt 0.635386 0.896687
vt 0.640102 0.902299
vt 0.633930 0.908335
vt 0.641813 0.891321
vt 0.646083 0.896489
vt 0.620334 0.889772
vt 0.627493 0.884973
vt 0.631187 0.890901
vt 0.624300 0.896080
vt 0.634549 0.880365
vt 0.637958 0.885926
vt 0.613632 0.876571
vt 0.621391 0.872600
vt 0.624260 0.878887
vt 0.616797 0.883282
vt 0.628958 0.868763
vt 0.631583 0.874657
vt 0.608287 0.862392
vt 0.616416 0.859281
vt 0.618788 0.866068
vt 0.610799 0.869612
vt 0.624327 0.856267
vt 0.626560 0.862637
vt 0.604270 0.847656
vt 0.612410 0.845323
vt 0.614269 0.852287
vt 0.606098 0.854969
vt 0.620347 0.843057
vt 0.622231 0.849684
vt 0.601731 0.834461
vt 0.609707 0.832522
vt 0.610899 0.838664
vt 0.602828 0.840779
vt 0.617456 0.830638
vt 0.618754 0.836609
vt 0.600916 0.828739
vt 0.608775 0.827033
vt 0.616420 0.825365
vt 0.631128 0.822234
vt 0.623750 0.823767
vt 0.632287 0.827162
vt 0.624866 0.828852
vt 0.638899 0.820777
vt 0.646876 0.819500
vt 0.647905 0.824237
vt 0.640044 0.825584
vt 0.654810 0.818494
vt 0.662714 0.817731
vt 0.663288 0.822436
vt 0.655603 0.823221
vt 0.670602 0.817216
vt 0.678206 0.817226
vt 0.678413 0.821661
vt 0.671061 0.821819
vt 0.685337 0.818015
vt 0.692315 0.819403
vt 0.692711 0.825152
vt 0.684977 0.822459
vt 0.723884 0.837215
vt 0.723670 0.830083
vt 0.723821 0.844568
vt 0.718429 0.845911
vt 0.719270 0.838375
vt 0.718690 0.832287
vt 0.723561 0.852068
vt 0.723071 0.859471
vt 0.718760 0.860682
vt 0.719122 0.853648
vt 0.722525 0.866648
vt 0.721998 0.873504
vt 0.717678 0.874131
vt 0.718228 0.867522
vt 0.721497 0.879969
vt 0.720959 0.886076
vt 0.716493 0.886407
vt 0.717111 0.880440
vt 0.720353 0.891919
vt 0.719848 0.897731
vt 0.715239 0.897685
vt 0.715817 0.892057
vt 0.719607 0.903724
vt 0.719567 0.909900
vt 0.714768 0.909788
vt 0.714908 0.903583
vt 0.719641 0.916255
vt 0.714738 0.916301
vt 0.626278 0.834664
vt 0.627960 0.840914
vt 0.633753 0.832830
vt 0.635452 0.838898
vt 0.629849 0.847230
vt 0.637280 0.844946
vt 0.639162 0.850820
vt 0.631867 0.853434
vt 0.633958 0.859419
vt 0.641067 0.856462
vt 0.643097 0.861918
vt 0.636186 0.865181
vt 0.638640 0.870742
vt 0.645362 0.867242
vt 0.647865 0.872411
vt 0.641390 0.876128
vt 0.644486 0.881355
vt 0.650585 0.877379
vt 0.653523 0.882092
vt 0.647923 0.886381
vt 0.651679 0.891134
vt 0.656688 0.886477
vt 0.660092 0.890390
vt 0.655710 0.895463
vt 0.659969 0.899246
vt 0.663748 0.893727
vt 0.667670 0.896618
vt 0.664410 0.902537
vt 0.669007 0.905421
vt 0.671869 0.899214
vt 0.676341 0.901494
vt 0.673816 0.907897
vt 0.684263 0.911722
vt 0.689839 0.913245
vt 0.686099 0.905090
vt 0.691338 0.906562
vt 0.696483 0.907749
vt 0.695306 0.914459
vt 0.700379 0.915288
vt 0.701252 0.908565
vt 0.705756 0.909114
vt 0.705186 0.915819
vt 0.709935 0.916154
vt 0.710199 0.909519
vt 0.683385 0.825498
vt 0.678399 0.825875
vt 0.685498 0.828431
vt 0.679073 0.830139
vt 0.671353 0.826578
vt 0.671801 0.831438
vt 0.664321 0.832656
vt 0.663750 0.827462
vt 0.656390 0.828444
vt 0.657298 0.833917
vt 0.650350 0.835342
vt 0.649059 0.829627
vt 0.641432 0.831116
vt 0.643002 0.837019
vt 0.644661 0.842848
vt 0.646334 0.848455
vt 0.651762 0.840973
vt 0.653208 0.846369
vt 0.665206 0.837833
vt 0.658432 0.839334
vt 0.666300 0.842911
vt 0.659692 0.844564
vt 0.679973 0.834804
vt 0.672551 0.836351
vt 0.680903 0.839766
vt 0.673491 0.841294
vt 0.695096 0.837107
vt 0.688087 0.838391
vt 0.686948 0.833096
vt 0.693716 0.831154
vt 0.715742 0.838950
vt 0.714022 0.835676
vt 0.713857 0.842803
vt 0.709958 0.839880
vt 0.710988 0.847173
vt 0.706680 0.844414
vt 0.714139 0.850648
vt 0.711250 0.853211
vt 0.708294 0.851506
vt 0.703987 0.849132
vt 0.714935 0.855933
vt 0.710844 0.857223
vt 0.714543 0.862082
vt 0.710203 0.862677
vt 0.647986 0.853804
vt 0.649740 0.859022
vt 0.654623 0.851500
vt 0.656098 0.856552
vt 0.667436 0.847864
vt 0.660956 0.849569
vt 0.668529 0.852800
vt 0.662225 0.854525
vt 0.681829 0.844834
vt 0.674472 0.846253
vt 0.682660 0.849942
vt 0.675382 0.851245
vt 0.689183 0.843709
vt 0.696498 0.842757
vt 0.697714 0.848187
vt 0.690142 0.848968
vt 0.699871 0.855462
vt 0.701669 0.853547
vt 0.706454 0.856180
vt 0.705467 0.861317
vt 0.710504 0.903321
vt 0.710934 0.897536
vt 0.706279 0.902948
vt 0.706838 0.897256
vt 0.711553 0.892075
vt 0.707516 0.891894
vt 0.708272 0.886456
vt 0.712268 0.886573
vt 0.712960 0.880703
vt 0.709016 0.880604
vt 0.709574 0.874529
vt 0.713563 0.874566
vt 0.714056 0.868339
vt 0.709858 0.868513
vt 0.651710 0.864223
vt 0.653837 0.869293
vt 0.657699 0.861672
vt 0.659249 0.866634
vt 0.663454 0.859575
vt 0.669463 0.857884
vt 0.669826 0.863781
vt 0.664207 0.864499
vt 0.676129 0.856296
vt 0.683284 0.855061
vt 0.683594 0.860197
vt 0.676748 0.861364
vt 0.690825 0.854136
vt 0.698694 0.853117
vt 0.690885 0.859256
vt 0.705498 0.867604
vt 0.701325 0.866694
vt 0.705590 0.873884
vt 0.701629 0.873104
vt 0.704382 0.885969
vt 0.705157 0.880059
vt 0.700311 0.885154
vt 0.701155 0.879215
vt 0.702762 0.896805
vt 0.703553 0.891445
vt 0.698456 0.896095
vt 0.699388 0.890698
vt 0.697513 0.901692
vt 0.702021 0.902445
vt 0.656089 0.874087
vt 0.660848 0.871104
vt 0.664185 0.875253
vt 0.658561 0.878577
vt 0.661000 0.882753
vt 0.664819 0.880297
vt 0.666802 0.883263
vt 0.663720 0.886263
vt 0.666767 0.889089
vt 0.669136 0.885486
vt 0.672135 0.887169
vt 0.670226 0.891486
vt 0.674127 0.893746
vt 0.675820 0.888908
vt 0.679960 0.890682
vt 0.678378 0.895827
vt 0.681082 0.903424
vt 0.678899 0.909965
vt 0.676420 0.917220
vt 0.673752 0.925040
vt 0.670993 0.933159
vt 0.687652 0.899206
vt 0.692631 0.900587
vt 0.688964 0.893770
vt 0.693769 0.895060
vt 0.694825 0.889659
vt 0.695840 0.884098
vt 0.690110 0.888429
vt 0.691170 0.882943
vt 0.684348 0.892310
vt 0.682887 0.897633
vt 0.682039 0.880878
vt 0.686553 0.881835
vt 0.685538 0.887119
vt 0.681153 0.885785
vt 0.672115 0.867860
vt 0.668791 0.870090
vt 0.666516 0.869280
vt 0.672902 0.871858
vt 0.668768 0.873209
vt 0.696824 0.878235
vt 0.697685 0.872476
vt 0.692238 0.877191
vt 0.693458 0.871419
vt 0.682697 0.875776
vt 0.687506 0.876323
vt 0.683186 0.870562
vt 0.688543 0.870707
vt 0.677420 0.866209
vt 0.683525 0.865362
vt 0.677814 0.870953
vt 0.698261 0.867876
vt 0.695263 0.865563
vt 0.669995 0.875635
vt 0.668672 0.877635
vt 0.673393 0.875675
vt 0.672819 0.879667
vt 0.669614 0.881381
vt 0.670766 0.883256
vt 0.673295 0.883538
vt 0.676984 0.884502
vt 0.677605 0.880152
vt 0.677907 0.875616
vt 0.689781 0.865045
vt 0.664061 0.868362
vt 0.730305 0.928922
vt 0.731199 0.935976
vt 0.667768 0.879619
vt 0.741687 0.920530
vt 0.737980 0.921083
vt 0.738896 0.927506
vt 0.742628 0.926810
vt 0.734008 0.921618
vt 0.734860 0.928211
vt 0.606464 0.809723
vt 0.606154 0.806338
vt 0.606852 0.813376
vt 0.614140 0.812192
vt 0.613685 0.808622
vt 0.613337 0.805309
vt 0.620904 0.807365
vt 0.620582 0.804085
vt 0.621352 0.810901
vt 0.628688 0.809498
vt 0.628273 0.805936
vt 0.627998 0.802631
vt 0.635947 0.804378
vt 0.635703 0.800981
vt 0.636356 0.808029
vt 0.644376 0.806689
vt 0.643984 0.802916
vt 0.643764 0.799359
vt 0.652347 0.801773
vt 0.652164 0.798025
vt 0.652679 0.805663
vt 0.661011 0.804932
vt 0.660747 0.801003
vt 0.660599 0.797167
vt 0.668869 0.800609
vt 0.668729 0.796888
vt 0.669105 0.804453
vt 0.676830 0.804290
vt 0.676560 0.800559
vt 0.676372 0.797023
vt 0.683773 0.800790
vt 0.683462 0.797365
vt 0.684142 0.804483
vt 0.691220 0.804878
vt 0.690714 0.801173
vt 0.690238 0.797798
vt 0.743733 0.824790
vt 0.740565 0.825523
vt 0.740096 0.833807
vt 0.743323 0.833380
vt 0.737101 0.826369
vt 0.736657 0.834338
vt 0.736121 0.842263
vt 0.739528 0.841966
vt 0.742785 0.841763
vt 0.738809 0.849902
vt 0.742044 0.849788
vt 0.735446 0.850098
vt 0.734775 0.857802
vt 0.738085 0.857637
vt 0.741253 0.857535
vt 0.737510 0.865163
vt 0.740593 0.865065
vt 0.734254 0.865300
vt 0.733861 0.872386
vt 0.737091 0.872250
vt 0.740118 0.872133
vt 0.736800 0.878728
vt 0.739845 0.878549
vt 0.733541 0.878919
vt 0.733277 0.885141
vt 0.736624 0.884892
vt 0.739756 0.884644
vt 0.739992 0.896845
vt 0.736586 0.897158
vt 0.736719 0.903078
vt 0.740246 0.902725
vt 0.732952 0.897421
vt 0.732976 0.903388
vt 0.733139 0.909317
vt 0.736966 0.908940
vt 0.740581 0.908537
vt 0.736554 0.891059
vt 0.739818 0.890773
vt 0.733066 0.891318
vt 0.737356 0.914909
vt 0.741028 0.914447
vt 0.733454 0.915348
vt 0.607376 0.817505
vt 0.614778 0.816213
vt 0.608021 0.822074
vt 0.615553 0.820624
vt 0.622013 0.814877
vt 0.622830 0.819194
vt 0.630180 0.817780
vt 0.629345 0.813495
vt 0.637042 0.812096
vt 0.637921 0.816395
vt 0.645933 0.815133
vt 0.645059 0.810818
vt 0.653264 0.809794
vt 0.654013 0.814089
vt 0.662074 0.813291
vt 0.661473 0.809026
vt 0.669507 0.808514
vt 0.670034 0.812779
vt 0.677730 0.812719
vt 0.677235 0.808363
vt 0.684597 0.808644
vt 0.685045 0.813220
vt 0.692136 0.814045
vt 0.691747 0.809174
vt 0.733106 0.827414
vt 0.732826 0.835065
vt 0.728587 0.828632
vt 0.728548 0.836026
vt 0.728346 0.843499
vt 0.732424 0.842746
vt 0.731832 0.850459
vt 0.727879 0.851080
vt 0.727292 0.858623
vt 0.731197 0.858098
vt 0.730678 0.865525
vt 0.726754 0.865949
vt 0.726283 0.872927
vt 0.730262 0.872576
vt 0.729895 0.879147
vt 0.725853 0.879484
vt 0.725402 0.885707
vt 0.729537 0.885401
vt 0.729177 0.891534
vt 0.724903 0.891729
vt 0.724506 0.897697
vt 0.728915 0.897598
vt 0.728846 0.903617
vt 0.724352 0.903736
vt 0.724376 0.909847
vt 0.728936 0.909637
vt 0.729150 0.915739
vt 0.724503 0.916052
vt 0.724812 0.922577
vt 0.729582 0.922119
vt 0.720264 0.930200
vt 0.714984 0.930641
vt 0.725376 0.929602
vt 0.719862 0.922974
vt 0.714810 0.923229
vt 0.709538 0.930854
vt 0.704033 0.930799
vt 0.709711 0.923266
vt 0.704598 0.923065
vt 0.698529 0.930441
vt 0.692768 0.929719
vt 0.699450 0.922607
vt 0.694042 0.921814
vt 0.686534 0.928579
vt 0.680086 0.927018
vt 0.688208 0.920624
vt 0.682225 0.919078
vt 0.661918 0.919741
vt 0.656308 0.916301
vt 0.667681 0.922627
vt 0.670889 0.914988
vt 0.665642 0.912308
vt 0.660565 0.909146
vt 0.650711 0.912234
vt 0.645251 0.907547
vt 0.655559 0.905478
vt 0.650694 0.901260
vt 0.640102 0.902299
vt 0.635386 0.896687
vt 0.646083 0.896489
vt 0.641813 0.891321
vt 0.631187 0.890901
vt 0.627493 0.884973
vt 0.637958 0.885926
vt 0.634549 0.880365
vt 0.624260 0.878887
vt 0.621391 0.872600
vt 0.631583 0.874657
vt 0.628958 0.868763
vt 0.618788 0.866068
vt 0.616416 0.859281
vt 0.626560 0.862637
vt 0.624327 0.856267
vt 0.614269 0.852287
vt 0.612410 0.845323
vt 0.622231 0.849684
vt 0.620347 0.843057
vt 0.610899 0.838664
vt 0.609707 0.832522
vt 0.618754 0.836609
vt 0.617456 0.830638
vt 0.608775 0.827033
vt 0.616420 0.825365
vt 0.623750 0.823767
vt 0.631128 0.822234
vt 0.624866 0.828852
vt 0.632287 0.827162
vt 0.638899 0.820777
vt 0.640044 0.825584
vt 0.647905 0.824237
vt 0.646876 0.819500
vt 0.654810 0.818494
vt 0.655603 0.823221
vt 0.663288 0.822436
vt 0.662714 0.817731
vt 0.670602 0.817216
vt 0.671061 0.821819
vt 0.678413 0.821661
vt 0.678206 0.817226
vt 0.685337 0.818015
vt 0.684977 0.822459
vt 0.692711 0.825152
vt 0.692315 0.819403
vt 0.723670 0.830083
vt 0.723884 0.837215
vt 0.718690 0.832287
vt 0.719270 0.838375
vt 0.718429 0.845911
vt 0.723821 0.844568
vt 0.723561 0.852068
vt 0.719122 0.853648
vt 0.718760 0.860682
vt 0.723071 0.859471
vt 0.722525 0.866648
vt 0.718228 0.867522
vt 0.717678 0.874131
vt 0.721998 0.873504
vt 0.721497 0.879969
vt 0.717111 0.880440
vt 0.716493 0.886407
vt 0.720959 0.886076
vt 0.720353 0.891919
vt 0.715817 0.892057
vt 0.715239 0.897685
vt 0.719848 0.897731
vt 0.719607 0.903724
vt 0.714908 0.903583
vt 0.714768 0.909788
vt 0.719567 0.909900
vt 0.719641 0.916255
vt 0.714738 0.916301
vt 0.627960 0.840914
vt 0.626278 0.834664
vt 0.635452 0.838898
vt 0.633753 0.832830
vt 0.629849 0.847230
vt 0.631867 0.853434
vt 0.639163 0.850820
vt 0.637280 0.844946
vt 0.633958 0.859419
vt 0.636186 0.865181
vt 0.643097 0.861918
vt 0.641067 0.856462
vt 0.638640 0.870742
vt 0.641390 0.876128
vt 0.647865 0.872411
vt 0.645362 0.867242
vt 0.644486 0.881355
vt 0.647923 0.886381
vt 0.653523 0.882092
vt 0.650585 0.877379
vt 0.651679 0.891134
vt 0.655710 0.895464
vt 0.660092 0.890390
vt 0.656688 0.886477
vt 0.659969 0.899246
vt 0.664410 0.902537
vt 0.667670 0.896618
vt 0.663748 0.893727
vt 0.669007 0.905421
vt 0.673816 0.907897
vt 0.676341 0.901494
vt 0.671869 0.899214
vt 0.689839 0.913245
vt 0.684263 0.911722
vt 0.695306 0.914459
vt 0.696483 0.907749
vt 0.691338 0.906562
vt 0.686099 0.905090
vt 0.700379 0.915288
vt 0.705186 0.915819
vt 0.705756 0.909114
vt 0.701252 0.908565
vt 0.709935 0.916154
vt 0.710199 0.909519
vt 0.678399 0.825875
vt 0.683385 0.825498
vt 0.679073 0.830139
vt 0.685498 0.828431
vt 0.671353 0.826578
vt 0.663750 0.827462
vt 0.664321 0.832656
vt 0.671801 0.831438
vt 0.656390 0.828444
vt 0.649060 0.829626
vt 0.650350 0.835342
vt 0.657298 0.833917
vt 0.641432 0.831116
vt 0.643002 0.837019
vt 0.646334 0.848455
vt 0.644661 0.842848
vt 0.653208 0.846369
vt 0.651762 0.840973
vt 0.658432 0.839334
vt 0.665206 0.837833
vt 0.659692 0.844564
vt 0.666300 0.842911
vt 0.672551 0.836352
vt 0.679973 0.834804
vt 0.673492 0.841294
vt 0.680903 0.839766
vt 0.695096 0.837107
vt 0.693716 0.831154
vt 0.686948 0.833096
vt 0.688087 0.838391
vt 0.714022 0.835676
vt 0.715742 0.838950
vt 0.709958 0.839880
vt 0.713857 0.842803
vt 0.706680 0.844414
vt 0.710988 0.847173
vt 0.703987 0.849132
vt 0.708294 0.851506
vt 0.711250 0.853211
vt 0.714139 0.850648
vt 0.710844 0.857223
vt 0.714935 0.855933
vt 0.710203 0.862677
vt 0.714543 0.862082
vt 0.649740 0.859022
vt 0.647986 0.853804
vt 0.656098 0.856552
vt 0.654623 0.851500
vt 0.660956 0.849569
vt 0.667436 0.847864
vt 0.662225 0.854525
vt 0.668529 0.852800
vt 0.674472 0.846253
vt 0.681829 0.844834
vt 0.675382 0.851245
vt 0.682660 0.849942
vt 0.689183 0.843708
vt 0.690142 0.848968
vt 0.697714 0.848187
vt 0.696498 0.842757
vt 0.699871 0.855462
vt 0.705467 0.861317
vt 0.706454 0.856180
vt 0.701669 0.853547
vt 0.710934 0.897536
vt 0.710504 0.903321
vt 0.706838 0.897256
vt 0.706279 0.902948
vt 0.711553 0.892075
vt 0.712268 0.886573
vt 0.708272 0.886456
vt 0.707516 0.891894
vt 0.712960 0.880703
vt 0.713562 0.874566
vt 0.709574 0.874529
vt 0.709016 0.880605
vt 0.714056 0.868339
vt 0.709858 0.868513
vt 0.653837 0.869293
vt 0.651710 0.864223
vt 0.659249 0.866634
vt 0.657699 0.861672
vt 0.663454 0.859575
vt 0.664207 0.864499
vt 0.669826 0.863781
vt 0.669463 0.857884
vt 0.676129 0.856296
vt 0.676748 0.861364
vt 0.683594 0.860196
vt 0.683284 0.855060
vt 0.690825 0.854136
vt 0.690885 0.859256
vt 0.698694 0.853117
vt 0.701325 0.866694
vt 0.705498 0.867604
vt 0.701629 0.873104
vt 0.705590 0.873884
vt 0.705157 0.880059
vt 0.704381 0.885969
vt 0.701155 0.879214
vt 0.700311 0.885154
vt 0.703553 0.891445
vt 0.702762 0.896805
vt 0.699388 0.890698
vt 0.698456 0.896095
vt 0.702021 0.902445
vt 0.697513 0.901692
vt 0.656089 0.874087
vt 0.658561 0.878577
vt 0.664185 0.875253
vt 0.660848 0.871104
vt 0.661000 0.882753
vt 0.663720 0.886263
vt 0.666802 0.883263
vt 0.664819 0.880297
vt 0.666767 0.889089
vt 0.670226 0.891486
vt 0.672135 0.887169
vt 0.669136 0.885486
vt 0.674127 0.893746
vt 0.678378 0.895827
vt 0.679960 0.890682
vt 0.675820 0.888908
vt 0.678899 0.909965
vt 0.681082 0.903424
vt 0.676420 0.917220
vt 0.673752 0.925040
vt 0.692631 0.900587
vt 0.687652 0.899206
vt 0.693769 0.895060
vt 0.688964 0.893770
vt 0.695840 0.884098
vt 0.694825 0.889659
vt 0.691170 0.882943
vt 0.690110 0.888429
vt 0.682887 0.897633
vt 0.684348 0.892310
vt 0.682039 0.880878
vt 0.681153 0.885785
vt 0.685538 0.887119
vt 0.686553 0.881835
vt 0.666516 0.869281
vt 0.668791 0.870090
vt 0.672115 0.867860
vt 0.668768 0.873209
vt 0.672902 0.871858
vt 0.697685 0.872476
vt 0.696824 0.878235
vt 0.693458 0.871419
vt 0.692238 0.877191
vt 0.687506 0.876323
vt 0.682697 0.875776
vt 0.688543 0.870707
vt 0.683186 0.870562
vt 0.677420 0.866209
vt 0.677814 0.870953
vt 0.683525 0.865362
vt 0.698261 0.867876
vt 0.695263 0.865563
vt 0.668672 0.877635
vt 0.669995 0.875635
vt 0.672819 0.879667
vt 0.673393 0.875675
vt 0.670766 0.883256
vt 0.669614 0.881381
vt 0.673295 0.883538
vt 0.676984 0.884502
vt 0.677605 0.880152
vt 0.677907 0.875616
vt 0.689781 0.865045
vt 0.664062 0.868361
vt 0.730305 0.928922
vt 0.667768 0.879619
vn 0.0000 -0.9959 -0.0897
vn 0.0915 -0.9919 -0.0878
vn 0.0902 -0.9920 -0.0879
vn 0.1825 -0.9794 -0.0863
vn 0.1779 -0.9802 -0.0864
vn 0.1737 -0.9810 -0.0865
vn 0.0886 -0.9922 -0.0879
vn 0.2807 -0.9554 -0.0916
vn 0.2727 -0.9577 -0.0916
vn 0.3861 -0.9167 -0.1029
vn 0.3775 -0.9203 -0.1026
vn 0.3706 -0.9231 -0.1026
vn 0.2657 -0.9597 -0.0915
vn 0.4916 -0.8634 -0.1131
vn 0.4835 -0.8680 -0.1128
vn 0.5960 -0.7937 -0.1216
vn 0.5869 -0.8007 -0.1203
vn 0.5850 -0.8021 -0.1197
vn 0.4792 -0.8704 -0.1129
vn 0.7793 -0.6151 -0.1198
vn 0.6844 -0.7183 -0.1247
vn 0.6840 -0.7178 -0.1295
vn 0.7709 -0.6220 -0.1372
vn 0.6946 -0.7064 -0.1359
vn 0.7844 -0.5994 -0.1589
vn 0.8304 -0.5398 -0.1378
vn 0.8517 -0.5089 -0.1247
vn 0.8524 -0.4992 -0.1555
vn 0.9213 -0.3682 -0.1252
vn 0.8459 -0.4984 -0.1898
vn 0.8692 -0.4601 -0.1811
vn 0.9023 -0.3721 -0.2176
vn 0.9125 -0.3651 -0.1843
vn 0.8712 -0.4812 -0.0969
vn 0.8436 -0.5280 -0.0980
vn 0.9170 -0.3927 -0.0696
vn 0.9064 -0.4208 -0.0370
vn 0.9709 -0.2286 0.0713
vn 0.9479 -0.3185 0.0057
vn 0.9543 -0.2985 -0.0130
vn 0.9746 -0.2141 0.0651
vn 0.9632 -0.2650 -0.0443
vn 0.9816 -0.1849 0.0477
vn 0.9671 -0.0993 0.2342
vn 0.9760 -0.1587 0.1494
vn 0.9790 -0.1442 0.1441
vn 0.9707 -0.0836 0.2250
vn 0.9861 -0.1104 0.1241
vn 0.9793 -0.0428 0.1975
vn 0.9058 0.0074 0.4235
vn 0.9436 -0.0430 0.3282
vn 0.9488 -0.0276 0.3148
vn 0.9126 0.0219 0.4082
vn 0.9591 0.0168 0.2826
vn 0.9246 0.0667 0.3750
vn 0.6465 0.1627 0.7453
vn 0.7291 0.1241 0.6731
vn 0.7359 0.1399 0.6625
vn 0.6532 0.1788 0.7358
vn 0.8010 0.0846 0.5926
vn 0.8085 0.0995 0.5799
vn 0.8219 0.1446 0.5510
vn 0.7477 0.1862 0.6373
vn 0.6647 0.2250 0.7124
vn 0.4843 0.2201 0.8468
vn 0.5646 0.1937 0.8023
vn 0.5711 0.2096 0.7936
vn 0.4894 0.2356 0.8396
vn 0.5827 0.2546 0.7717
vn 0.4980 0.2796 0.8208
vn 0.3250 0.2716 0.9059
vn 0.4033 0.2464 0.8812
vn 0.4062 0.2611 0.8756
vn 0.3264 0.2850 0.9012
vn 0.4097 0.3036 0.8602
vn 0.3268 0.3241 0.8878
vn 0.1638 0.3000 0.9397
vn 0.2465 0.2917 0.9242
vn 0.2492 0.3034 0.9196
vn 0.1698 0.3117 0.9348
vn 0.2510 0.3385 0.9068
vn 0.1761 0.3463 0.9214
vn 0.0000 0.2918 0.9565
vn 0.0809 0.2960 0.9517
vn 0.0870 0.3096 0.9468
vn 0.0000 0.3066 0.9518
vn 0.0942 0.3488 0.9324
vn 0.0000 0.3492 0.9370
vn 0.9579 -0.1477 -0.2462
vn 0.9608 -0.1482 -0.2344
vn 0.9457 -0.2548 -0.2016
vn 0.9400 -0.2568 -0.2245
vn 0.9705 -0.1467 -0.1911
vn 0.9579 -0.2467 -0.1470
vn 0.9500 0.0290 -0.3109
vn 0.9518 0.0320 -0.3051
vn 0.9611 -0.0520 -0.2713
vn 0.9595 -0.0526 -0.2768
vn 0.9565 0.0445 -0.2882
vn 0.9640 -0.0451 -0.2621
vn 0.9195 0.2143 -0.3295
vn 0.9421 0.1306 -0.3087
vn 0.9343 0.1143 -0.3375
vn 0.9098 0.1940 -0.3669
vn 0.9314 0.1088 -0.3473
vn 0.9059 0.1867 -0.3801
vn 0.8802 0.2681 -0.3915
vn 0.8902 0.2925 -0.3492
vn 0.8759 0.2594 -0.4069
vn 0.8368 0.3337 -0.4341
vn 0.8422 0.3424 -0.4164
vn 0.8533 0.3685 -0.3688
vn 0.7203 0.4791 -0.5016
vn 0.7265 0.4913 -0.4804
vn 0.7901 0.4194 -0.4470
vn 0.7833 0.4101 -0.4671
vn 0.7400 0.5237 -0.4220
vn 0.8036 0.4468 -0.3932
vn 0.5687 0.5992 -0.5635
vn 0.5699 0.6179 -0.5416
vn 0.6553 0.5555 -0.5118
vn 0.6515 0.5395 -0.5333
vn 0.5768 0.6621 -0.4785
vn 0.6659 0.5946 -0.4505
vn 0.1929 0.7651 -0.6143
vn 0.1935 0.7803 -0.5947
vn 0.2853 0.7561 -0.5889
vn 0.2863 0.7397 -0.6089
vn 0.1950 0.8191 -0.5394
vn 0.2847 0.7973 -0.5322
vn 0.3749 0.7661 -0.5220
vn 0.3753 0.7218 -0.5815
vn 0.3769 0.7037 -0.6023
vn 0.0000 0.7829 -0.6222
vn 0.0000 0.7978 -0.6028
vn 0.0978 0.7938 -0.6002
vn 0.0964 0.7789 -0.6196
vn 0.0000 0.8361 -0.5486
vn 0.1005 0.8319 -0.5457
vn 0.9753 -0.2121 -0.0612
vn 0.9888 -0.1442 0.0373
vn 0.9849 -0.1575 -0.0717
vn 0.9945 -0.0990 0.0337
vn 0.0956 0.4130 0.9057
vn 0.0000 0.4162 0.9092
vn 0.1787 0.4056 0.8964
vn 0.1787 0.4881 0.8542
vn 0.0937 0.4974 0.8624
vn 0.0000 0.5013 0.8652
vn 0.2546 0.3964 0.8820
vn 0.3318 0.3841 0.8616
vn 0.3400 0.4638 0.8181
vn 0.2585 0.4768 0.8401
vn 0.4183 0.3661 0.8312
vn 0.5114 0.3425 0.7881
vn 0.5270 0.4202 0.7387
vn 0.4307 0.4458 0.7847
vn 0.5986 0.3168 0.7358
vn 0.6796 0.2870 0.6750
vn 0.6952 0.3568 0.6240
vn 0.6154 0.3905 0.6847
vn 0.7614 0.2474 0.5991
vn 0.8347 0.2033 0.5118
vn 0.8436 0.2598 0.4699
vn 0.7739 0.3116 0.5513
vn 0.9668 0.0768 0.2437
vn 0.9337 0.1237 0.3360
vn 0.9861 0.0178 0.1653
vn 0.9868 0.0956 0.1308
vn 0.9682 0.1381 0.2087
vn 0.9375 0.1743 0.3012
vn 0.9926 -0.0602 0.1052
vn 0.9958 -0.0078 0.0908
vn 0.9381 0.2733 -0.2127
vn 0.9600 0.1965 -0.1992
vn 0.9512 0.1606 -0.2635
vn 0.9297 0.2431 -0.2765
vn 0.9735 0.1241 -0.1921
vn 0.9637 0.0780 -0.2554
vn 0.8625 0.4019 -0.3074
vn 0.9000 0.3236 -0.2921
vn 0.8673 0.4333 -0.2449
vn 0.9066 0.3539 -0.2296
vn 0.7502 0.5616 -0.3489
vn 0.8138 0.4813 -0.3256
vn 0.7547 0.5924 -0.2817
vn 0.8183 0.5120 -0.2611
vn 0.5822 0.7094 -0.3972
vn 0.6738 0.6378 -0.3731
vn 0.5836 0.7456 -0.3217
vn 0.6765 0.6713 -0.3028
vn 0.1962 0.8644 -0.4628
vn 0.2851 0.8441 -0.4541
vn 0.1968 0.9041 -0.3793
vn 0.2858 0.8836 -0.3709
vn 0.3789 0.8534 -0.3579
vn 0.3766 0.8146 -0.4412
vn 0.0000 0.8814 -0.4722
vn 0.1023 0.8770 -0.4694
vn 0.0000 0.9221 -0.3869
vn 0.1032 0.9172 -0.3848
vn 0.0000 0.9769 -0.2138
vn 0.0000 0.9926 -0.1216
vn 0.1035 0.9870 -0.1230
vn 0.1039 0.9713 -0.2139
vn 0.0000 0.9995 -0.0320
vn 0.1023 0.9942 -0.0334
vn 0.1980 0.9795 -0.0363
vn 0.1987 0.9720 -0.1252
vn 0.1985 0.9566 -0.2133
vn 0.0000 0.8379 0.5458
vn 0.0000 0.7655 0.6434
vn 0.1002 0.7614 0.6405
vn 0.1006 0.8332 0.5437
vn 0.0000 0.6814 0.7319
vn 0.0969 0.6783 0.7283
vn 0.1847 0.6703 0.7187
vn 0.1894 0.7511 0.6324
vn 0.1908 0.8214 0.5374
vn 0.0000 0.9891 0.1468
vn 0.0000 0.9698 0.2439
vn 0.1011 0.9648 0.2429
vn 0.1014 0.9840 0.1464
vn 0.0000 0.9395 0.3424
vn 0.1002 0.9348 0.3406
vn 0.1939 0.9224 0.3341
vn 0.1965 0.9508 0.2392
vn 0.1973 0.9696 0.1444
vn 0.0000 0.8960 0.4440
vn 0.0998 0.8914 0.4419
vn 0.1914 0.8799 0.4349
vn 0.2818 0.8621 0.4209
vn 0.2870 0.9025 0.3211
vn 0.2788 0.8042 0.5249
vn 0.3737 0.7781 0.5048
vn 0.3782 0.8350 0.3997
vn 0.3833 0.8729 0.3019
vn 0.2913 0.9484 -0.1251
vn 0.2896 0.9339 -0.2096
vn 0.2923 0.9556 -0.0380
vn 0.3872 0.9212 -0.0373
vn 0.3857 0.9146 -0.1215
vn 0.3840 0.9009 -0.2023
vn 0.2755 0.7356 0.6189
vn 0.2696 0.6577 0.7034
vn 0.3599 0.6391 0.6797
vn 0.3682 0.7122 0.5976
vn 0.2915 0.9283 0.2309
vn 0.2930 0.9458 0.1400
vn 0.3877 0.8957 0.2177
vn 0.3893 0.9114 0.1330
vn 0.1800 0.5806 0.7940
vn 0.0936 0.5888 0.8028
vn 0.0000 0.5919 0.8060
vn 0.3499 0.5538 0.7555
vn 0.2632 0.5688 0.7792
vn 0.0000 0.9537 -0.3007
vn 0.1038 0.9484 -0.2995
vn 0.1976 0.9345 -0.2960
vn 0.2875 0.9130 -0.2893
vn 0.3816 0.8813 -0.2785
vn 0.4778 0.7708 -0.4213
vn 0.4742 0.7217 -0.5042
vn 0.4802 0.8084 -0.3403
vn 0.4715 0.6756 -0.5666
vn 0.4723 0.6564 -0.5882
vn 0.4814 0.8352 -0.2658
vn 0.5825 0.7721 -0.2539
vn 0.4810 0.8549 -0.1942
vn 0.5790 0.7935 -0.1872
vn 0.4783 0.8774 -0.0356
vn 0.4794 0.8697 -0.1169
vn 0.5660 0.8236 -0.0352
vn 0.5727 0.8119 -0.1136
vn 0.4801 0.8314 0.2799
vn 0.4809 0.8530 0.2029
vn 0.5732 0.7777 0.2580
vn 0.5689 0.8001 0.1901
vn 0.5643 0.8169 0.1190
vn 0.4801 0.8682 0.1252
vn 0.4739 0.7405 0.4765
vn 0.4779 0.7952 0.3732
vn 0.5721 0.6922 0.4400
vn 0.5747 0.7434 0.3420
vn 0.4571 0.6120 0.6453
vn 0.4671 0.6785 0.5670
vn 0.5548 0.5752 0.6011
vn 0.5650 0.6349 0.5269
vn 0.5420 0.5031 0.6731
vn 0.4445 0.5329 0.7200
vn 0.7082 0.4282 0.5613
vn 0.6302 0.4678 0.6196
vn 0.7186 0.4889 0.4946
vn 0.6426 0.5333 0.5502
vn 0.6533 0.5864 0.4788
vn 0.6609 0.6379 0.3952
vn 0.7289 0.5372 0.4243
vn 0.7371 0.5822 0.3430
vn 0.7338 0.6442 0.2156
vn 0.6579 0.7148 0.2368
vn 0.6625 0.6837 0.3060
vn 0.7391 0.6192 0.2650
vn 0.6493 0.7389 0.1798
vn 0.6424 0.7578 0.1143
vn 0.7218 0.6711 0.1688
vn 0.7157 0.6899 0.1083
vn 0.8632 0.4995 0.0732
vn 0.8204 0.5716 -0.0125
vn 0.7917 0.6099 0.0355
vn 0.8044 0.5869 0.0918
vn 0.7419 0.6693 -0.0399
vn 0.7227 0.6903 0.0335
vn 0.6669 0.7371 -0.1093
vn 0.6742 0.7170 -0.1768
vn 0.6545 0.7551 -0.0379
vn 0.7551 0.6486 -0.0957
vn 0.7585 0.6326 -0.1562
vn 0.6766 0.6962 -0.2398
vn 0.7572 0.6153 -0.2193
vn 0.8471 0.3152 0.4279
vn 0.7822 0.3766 0.4963
vn 0.8440 0.3743 0.3841
vn 0.7862 0.4366 0.4372
vn 0.7916 0.4877 0.3681
vn 0.8000 0.5273 0.2864
vn 0.8423 0.4349 0.3183
vn 0.8522 0.4677 0.2345
vn 0.8070 0.5504 0.2141
vn 0.8094 0.5619 0.1706
vn 0.8628 0.4787 0.1623
vn 0.7875 0.5983 0.1479
vn 0.6437 0.7643 0.0389
vn 0.5627 0.8256 0.0423
vn 0.4788 0.8768 0.0444
vn 0.3887 0.9202 0.0464
vn 0.8209 0.5363 -0.1961
vn 0.8701 0.4604 -0.1762
vn 0.8235 0.5528 -0.1273
vn 0.8716 0.4799 -0.0997
vn 0.8251 0.5615 -0.0631
vn 0.8725 0.4881 -0.0229
vn 0.8792 0.1069 0.4642
vn 0.8903 0.1635 0.4249
vn 0.8964 0.2134 0.3884
vn 0.8582 0.0484 0.5110
vn 0.8658 0.0627 0.4964
vn 0.9286 0.2910 0.2301
vn 0.8950 0.3142 0.3165
vn 0.8985 0.2597 0.3538
vn 0.9372 0.2243 0.2670
vn 0.8832 0.3778 0.2778
vn 0.8995 0.3833 0.2099
vn 0.9112 0.3809 -0.1571
vn 0.9445 0.2990 -0.1358
vn 0.9132 0.4003 -0.0759
vn 0.9484 0.3129 -0.0510
vn 0.9124 0.4091 0.0028
vn 0.9100 0.4076 0.0753
vn 0.9485 0.3033 0.0910
vn 0.9498 0.3118 0.0262
vn 0.0000 0.9985 0.0543
vn 0.1015 0.9934 0.0535
vn 0.1974 0.9790 0.0514
vn 0.2928 0.9549 0.0488
vn 0.9725 0.2029 0.1140
vn 0.9618 0.2061 0.1802
vn 0.9429 0.2947 0.1549
vn 0.9072 0.3953 0.1438
vn 0.9743 0.2187 0.0536
vn 0.9723 0.2324 -0.0246
vn 0.9891 0.1285 0.0714
vn 0.9875 0.1574 -0.0040
vn 0.9676 0.2247 -0.1154
vn 0.9825 0.1570 -0.1004
vn 0.9967 0.0804 0.0018
vn 0.9919 0.0876 -0.0914
vn 0.9999 0.0105 -0.0071
vn 0.9967 -0.0052 -0.0810
vn 0.9866 -0.0114 -0.1628
vn 0.9815 0.0539 -0.1836
vn 0.9971 0.0383 0.0655
vn 0.9987 -0.0470 0.0214
vn 0.9923 -0.0984 -0.0744
vn 0.9792 -0.0815 -0.1855
vn 0.9697 -0.0059 -0.2442
vn 0.0000 0.9748 0.2231
vn 0.0874 0.9704 0.2251
vn 0.0866 0.9722 0.2175
vn 0.0000 0.9765 0.2156
vn 0.1708 0.9580 0.2301
vn 0.1703 0.9599 0.2224
vn 0.1712 0.9641 0.2027
vn 0.0862 0.9764 0.1979
vn 0.0000 0.9806 0.1961
vn 0.3207 0.9158 0.2418
vn 0.3252 0.9163 0.2338
vn 0.2491 0.9411 0.2284
vn 0.2477 0.9396 0.2361
vn 0.3356 0.9177 0.2128
vn 0.2534 0.9446 0.2083
vn 0.4831 0.8365 0.2586
vn 0.4924 0.8339 0.2493
vn 0.4068 0.8815 0.2398
vn 0.3993 0.8825 0.2483
vn 0.5116 0.8295 0.2241
vn 0.4227 0.8798 0.2172
vn 0.6284 0.7219 0.2896
vn 0.6416 0.7147 0.2783
vn 0.5710 0.7778 0.2624
vn 0.5601 0.7821 0.2730
vn 0.6669 0.7034 0.2458
vn 0.5929 0.7706 0.2336
vn 0.8459 0.4104 0.3407
vn 0.8549 0.3979 0.3329
vn 0.8154 0.4794 0.3245
vn 0.8039 0.4919 0.3343
vn 0.8739 0.3767 0.3071
vn 0.8386 0.4586 0.2939
vn 0.7942 0.5397 0.2791
vn 0.7682 0.5582 0.3133
vn 0.7547 0.5702 0.3246
vn 0.7092 0.6395 0.2966
vn 0.6946 0.6500 0.3082
vn 0.7362 0.6240 0.2619
vn 0.9027 0.2197 0.3698
vn 0.9076 0.2122 0.3622
vn 0.8871 0.3071 0.3445
vn 0.8806 0.3178 0.3514
vn 0.9197 0.1993 0.3382
vn 0.9016 0.2891 0.3216
vn 0.9039 0.0338 0.4263
vn 0.9105 0.0300 0.4123
vn 0.9149 0.1218 0.3848
vn 0.9100 0.1266 0.3948
vn 0.9268 0.0167 0.3750
vn 0.9279 0.1111 0.3559
vn 0.8528 -0.1726 0.4929
vn 0.8627 -0.1811 0.4721
vn 0.8933 -0.0724 0.4435
vn 0.8843 -0.0672 0.4621
vn 0.8839 -0.2067 0.4194
vn 0.9134 -0.0919 0.3964
vn 0.7554 -0.3810 0.5332
vn 0.7631 -0.3893 0.5159
vn 0.8208 -0.2866 0.4940
vn 0.8122 -0.2765 0.5137
vn 0.7796 -0.4130 0.4707
vn 0.8396 -0.3139 0.4433
vn 0.5695 -0.5679 0.5942
vn 0.5770 -0.5717 0.5831
vn 0.6819 -0.4868 0.5459
vn 0.6738 -0.4814 0.5605
vn 0.6009 -0.5792 0.5507
vn 0.7005 -0.5032 0.5060
vn 0.3505 -0.6829 0.6409
vn 0.3507 -0.6888 0.6344
vn 0.4620 -0.6381 0.6160
vn 0.4572 -0.6340 0.6237
vn 0.3773 -0.6787 0.6300
vn 0.4858 -0.6458 0.5890
vn 0.1559 -0.7476 0.6456
vn 0.1475 -0.7551 0.6388
vn 0.2437 -0.7278 0.6410
vn 0.2494 -0.7213 0.6461
vn 0.1236 -0.7719 0.6235
vn 0.2255 -0.7305 0.6446
vn 0.0000 -0.7638 0.6454
vn 0.0000 -0.7757 0.6310
vn 0.0702 -0.7708 0.6332
vn 0.0743 -0.7604 0.6451
vn 0.0000 -0.8071 0.5904
vn 0.0570 -0.7981 0.5998
vn -0.4581 -0.8462 0.2722
vn -0.1307 -0.9539 0.2700
vn -0.0942 -0.9813 0.1678
vn -0.3431 -0.9365 0.0724
vn 0.0000 -0.9623 0.2720
vn 0.0000 -0.9815 0.1911
vn 0.0000 -0.9915 0.1302
vn -0.0285 -0.9948 0.0982
vn -0.1320 -0.9881 -0.0784
vn -0.1280 -0.7918 0.5972
vn -0.0436 -0.8858 0.4619
vn -0.1064 -0.9235 0.3686
vn -0.3400 -0.8408 0.4212
vn 0.0000 -0.9005 0.4349
vn 0.0000 -0.9364 0.3510
vn -0.1109 -0.9859 0.1252
vn -0.0209 -0.9987 -0.0457
vn -0.0797 -0.9886 -0.1276
vn -0.2977 -0.9540 -0.0341
vn 0.0000 -0.9972 -0.0745
vn 0.0000 -0.9887 -0.1494
vn 0.0000 -0.9698 -0.2436
vn -0.1103 -0.9644 -0.2401
vn -0.3478 -0.9106 -0.2233
vn -0.0896 -0.9289 -0.3593
vn -0.2873 -0.8643 -0.4128
vn 0.0000 -0.9389 -0.3442
vn 0.0000 -0.8972 -0.4415
vn -0.0348 -0.8839 -0.4663
vn -0.1099 -0.7956 -0.5957
vn 0.0702 -0.9973 0.0200
vn 0.1443 -0.9887 -0.0403
vn 0.0298 -0.9678 -0.2497
vn 0.1210 -0.9915 0.0470
vn 0.1855 -0.9823 0.0257
vn 0.2711 -0.9625 0.0057
vn 0.2528 -0.9641 -0.0814
vn 0.2182 -0.9274 -0.3038
vn 0.2429 -0.9022 0.3562
vn 0.2743 -0.9526 0.1313
vn 0.1617 -0.9820 0.0977
vn 0.0536 -0.9569 0.2855
vn 0.2814 -0.9577 0.0592
vn 0.1931 -0.9799 0.0498
vn 0.1234 -0.9918 0.0341
vn 0.0792 -0.9959 0.0438
vn 0.1320 -0.9903 0.0432
vn 0.1976 -0.9794 0.0412
vn 0.2804 -0.9592 0.0366
vn 0.0620 -0.9961 0.0633
vn 0.0685 -0.9967 0.0430
vn 0.0000 -0.9976 0.0693
vn 0.0000 -0.9991 0.0425
vn 0.0000 -0.9999 0.0132
vn 0.0613 -0.9979 0.0192
vn 0.0301 -0.9968 0.0735
vn 0.0000 -0.9955 0.0947
vn 0.0324 -0.9995 -0.0037
vn 0.0000 -0.9997 -0.0222
vn 0.6529 -0.7459 -0.1315
vn 0.4227 -0.8640 -0.2736
vn 0.3848 -0.9188 -0.0877
vn 0.5188 -0.8523 -0.0656
vn 0.3783 -0.9256 -0.0092
vn 0.4957 -0.8683 -0.0163
vn 0.3833 -0.9231 0.0315
vn 0.3871 -0.9199 0.0628
vn 0.5011 -0.8630 0.0639
vn 0.4975 -0.8669 0.0288
vn 0.6692 -0.7118 0.2133
vn 0.5268 -0.8430 0.1083
vn 0.4023 -0.9060 0.1316
vn 0.4514 -0.8227 0.3454
vn 0.4534 -0.7006 -0.5510
vn 0.1591 -0.7644 -0.6248
vn 0.7286 -0.5779 -0.3676
vn 0.7512 -0.3604 -0.5529
vn 0.4443 -0.4516 -0.7737
vn 0.0970 -0.4971 -0.8622
vn -0.1475 -0.8027 -0.5777
vn -0.4367 -0.8176 -0.3751
vn -0.2702 -0.5212 -0.8095
vn -0.6129 -0.5292 -0.5867
vn -0.6529 -0.7499 -0.1064
vn -0.8267 -0.4998 -0.2583
vn -0.8880 -0.4561 0.0587
vn -0.7454 -0.6549 0.1244
vn -0.5562 -0.6673 0.4953
vn -0.3793 -0.6279 0.6795
vn -0.6662 -0.6136 0.4239
vn -0.6098 -0.4436 0.6568
vn 0.2936 -0.5364 0.7912
vn 0.0502 -0.6584 0.7509
vn -0.1008 -0.5185 0.8491
vn 0.2145 -0.3802 0.8997
vn -0.2440 -0.3551 0.9024
vn 0.1364 -0.2426 0.9604
vn 0.7412 -0.3707 0.5596
vn 0.5425 -0.4313 0.7208
vn 0.5253 -0.2682 0.8075
vn 0.7682 -0.2036 0.6070
vn 0.4944 -0.1530 0.8557
vn 0.7663 -0.1002 0.6346
vn 0.8901 -0.4207 0.1752
vn 0.8596 -0.3630 0.3594
vn 0.9127 -0.1922 0.3606
vn 0.9609 -0.2512 0.1165
vn 0.9287 -0.0863 0.3607
vn 0.9896 -0.1267 0.0678
vn 0.8312 -0.5558 0.0125
vn 0.9106 -0.3935 -0.1257
vn 0.9421 -0.2297 -0.2443
vn 0.8992 -0.4165 -0.1340
vn 0.8368 -0.5434 0.0669
vn 0.9120 -0.3535 0.2082
vn 0.9635 -0.2571 -0.0738
vn 0.7446 -0.4783 0.4656
vn 0.7488 -0.2921 0.5949
vn 0.9308 -0.2183 0.2930
vn 0.9869 -0.1570 -0.0359
vn 0.4748 -0.5940 0.6493
vn 0.1585 -0.7068 0.6894
vn 0.0605 -0.4486 0.8917
vn 0.4418 -0.3685 0.8179
vn -0.1441 -0.7877 0.5989
vn -0.4180 -0.8156 0.4000
vn -0.6100 -0.5340 0.5854
vn -0.3030 -0.5088 0.8057
vn -0.6114 -0.7817 0.1226
vn -0.6485 -0.7398 -0.1793
vn -0.8484 -0.5137 -0.1281
vn -0.8118 -0.5300 0.2452
vn -0.3595 -0.6151 -0.7017
vn -0.5551 -0.6944 -0.4578
vn -0.5341 -0.4070 -0.7409
vn -0.7479 -0.4787 -0.4598
vn 0.0500 -0.6540 -0.7548
vn -0.1020 -0.4808 -0.8708
vn 0.2622 -0.5155 -0.8158
vn 0.1870 -0.3509 -0.9175
vn 0.1286 -0.2233 -0.9662
vn -0.2234 -0.3078 -0.9248
vn 0.5072 -0.4006 -0.7630
vn 0.4901 -0.2583 -0.8325
vn 0.7261 -0.3411 -0.5970
vn 0.7464 -0.2119 -0.6308
vn 0.7490 -0.1325 -0.6492
vn 0.4705 -0.1656 -0.8667
vn 0.8629 -0.3469 -0.3674
vn 0.9080 -0.2100 -0.3625
vn 0.9245 -0.1267 -0.3595
vn 0.6167 -0.7872 -0.0019
vn 0.6217 -0.7826 -0.0335
vn 0.7223 -0.6899 0.0477
vn 0.7021 -0.7118 0.0178
vn 0.6250 -0.7770 0.0752
vn 0.6183 -0.7842 0.0509
vn 0.6990 -0.7141 0.0369
vn 0.7233 -0.6905 -0.0012
vn 0.6113 -0.7909 0.0285
vn 0.7053 -0.7084 0.0257
vn 0.0000 -0.8410 -0.5409
vn 0.0267 -0.8290 -0.5585
vn 0.0000 -0.7634 -0.6459
vn 0.0718 -0.7563 -0.6502
vn 0.1423 -0.7335 -0.6646
vn 0.0701 -0.7909 -0.6079
vn 0.1650 -0.7199 -0.6742
vn 0.2326 -0.6929 -0.6825
vn 0.3650 -0.6362 -0.6796
vn 0.3213 -0.6222 -0.7139
vn 0.5132 -0.5270 -0.6774
vn 0.5223 -0.5767 -0.6281
vn 0.6677 -0.5387 -0.5138
vn 0.6908 -0.4718 -0.5479
vn 0.8009 -0.4762 -0.3629
vn 0.7623 -0.5374 -0.3607
vn 0.7920 -0.5721 -0.2131
vn 0.8244 -0.5359 -0.1822
vn 0.7754 -0.6299 -0.0434
vn 0.7737 -0.6268 -0.0919
vn 0.7724 -0.6273 0.0997
vn 0.8107 -0.5463 0.2104
vn 0.7683 -0.6275 0.1263
vn 0.7782 -0.5887 0.2187
vn 0.7873 -0.5092 0.3475
vn 0.6926 -0.5163 0.5036
vn 0.7533 -0.5705 0.3269
vn 0.6760 -0.5857 0.4470
vn 0.5367 -0.5613 0.6300
vn 0.5246 -0.6365 0.5654
vn 0.3455 -0.6387 0.6875
vn 0.0550 -0.7930 0.6067
vn 0.1653 -0.7215 0.6724
vn 0.0183 -0.8373 0.5465
vn 0.0000 -0.8524 0.5228
vn 0.5364 -0.6483 0.5403
vn 0.6312 -0.6001 0.4914
vn 0.0000 -0.6735 -0.7392
vn 0.0973 -0.6696 -0.7363
vn 0.0000 -0.5829 -0.8125
vn 0.1117 -0.5812 -0.8060
vn 0.2112 -0.5743 -0.7909
vn 0.1838 -0.6568 -0.7313
vn 0.2793 -0.6332 -0.7218
vn 0.3156 -0.5593 -0.7665
vn 0.4424 -0.5362 -0.7188
vn 0.4049 -0.5995 -0.6904
vn 0.5446 -0.5630 -0.6216
vn 0.5763 -0.5101 -0.6385
vn 0.6973 -0.4893 -0.5237
vn 0.6726 -0.5370 -0.5091
vn 0.7609 -0.5320 -0.3715
vn 0.7836 -0.4819 -0.3920
vn 0.8279 -0.4911 -0.2709
vn 0.7989 -0.5510 -0.2412
vn 0.8003 -0.5858 -0.1280
vn 0.8440 -0.5109 -0.1631
vn 0.8452 -0.5296 -0.0711
vn 0.7858 -0.6171 -0.0417
vn 0.7774 -0.6288 0.0175
vn 0.8430 -0.5379 0.0026
vn 0.8439 -0.5321 0.0687
vn 0.7819 -0.6194 0.0705
vn 0.7931 -0.5937 0.1355
vn 0.8463 -0.5149 0.1361
vn 0.8437 -0.4950 0.2074
vn 0.7948 -0.5674 0.2154
vn 0.7769 -0.5531 0.3008
vn 0.8329 -0.4782 0.2786
vn 0.8168 -0.4621 0.3453
vn 0.7487 -0.5446 0.3779
vn 0.7239 -0.5267 0.4455
vn 0.7989 -0.4401 0.4099
vn 0.0000 0.9906 0.1369
vn 0.0000 0.9855 0.1693
vn 0.0868 0.9814 0.1711
vn 0.0875 0.9864 0.1386
vn 0.1732 0.9691 0.1756
vn 0.1758 0.9740 0.1427
vn 0.2591 0.9488 0.1806
vn 0.3472 0.9195 0.1841
vn 0.3586 0.9212 0.1505
vn 0.2655 0.9528 0.1471
vn 0.4396 0.8784 0.1873
vn 0.5316 0.8248 0.1925
vn 0.5492 0.8203 0.1597
vn 0.4547 0.8772 0.1543
vn 0.6158 0.7624 0.1989
vn 0.6915 0.6921 0.2068
vn 0.7120 0.6809 0.1717
vn 0.6355 0.7541 0.1657
vn 0.7608 0.6110 0.2189
vn 0.8176 0.5258 0.2345
vn 0.8357 0.5144 0.1921
vn 0.7800 0.5992 0.1803
vn 0.8604 0.4436 0.2508
vn 0.8935 0.3610 0.2671
vn 0.9116 0.3475 0.2197
vn 0.8784 0.4315 0.2056
vn 0.9190 0.2737 0.2836
vn 0.9362 0.1838 0.2994
vn 0.9545 0.1651 0.2484
vn 0.9372 0.2582 0.2344
vn 0.9451 0.0928 0.3133
vn 0.9453 -0.0077 0.3261
vn 0.9614 -0.0353 0.2729
vn 0.9629 0.0698 0.2608
vn 0.9326 -0.1217 0.3397
vn 0.9035 -0.2368 0.3571
vn 0.9170 -0.2611 0.3015
vn 0.9463 -0.1502 0.2860
vn 0.8591 -0.3420 0.3807
vn 0.8746 -0.3633 0.3211
vn 0.0000 -0.4859 -0.8740
vn 0.1202 -0.4853 -0.8660
vn 0.0000 -0.3890 -0.9212
vn 0.1250 -0.3890 -0.9127
vn 0.2445 -0.3871 -0.8890
vn 0.2308 -0.4812 -0.8456
vn 0.3450 -0.4706 -0.8121
vn 0.3667 -0.3804 -0.8490
vn 0.5008 -0.3693 -0.7828
vn 0.4759 -0.4539 -0.7533
vn 0.8960 -0.3980 0.1968
vn 0.8870 -0.3804 0.2616
vn 0.9369 -0.2972 0.1838
vn 0.9278 -0.2803 0.2462
vn 0.9010 -0.4300 0.0572
vn 0.9004 -0.4158 0.1283
vn 0.9457 -0.3225 0.0411
vn 0.9432 -0.3116 0.1154
vn 0.8965 -0.4319 -0.0984
vn 0.9000 -0.4356 -0.0171
vn 0.9357 -0.3308 -0.1223
vn 0.9437 -0.3285 -0.0378
vn 0.8599 -0.4138 -0.2988
vn 0.8852 -0.4229 -0.1935
vn 0.8861 -0.3327 -0.3225
vn 0.9177 -0.3318 -0.2183
vn 0.6085 -0.4351 -0.6635
vn 0.6330 -0.3565 -0.6872
vn 0.7492 -0.3445 -0.5657
vn 0.7262 -0.4194 -0.5447
vn 0.8115 -0.4113 -0.4150
vn 0.8345 -0.3360 -0.4367
vn 0.9576 -0.1728 0.2306
vn 0.9748 -0.0596 0.2150
vn 0.9674 -0.1896 0.1679
vn 0.9854 -0.0778 0.1516
vn 0.9773 -0.2105 0.0239
vn 0.9744 -0.2015 0.0992
vn 0.9948 -0.1017 0.0095
vn 0.9923 -0.0907 0.0837
vn 0.9637 -0.2271 -0.1405
vn 0.9742 -0.2184 -0.0559
vn 0.9800 -0.1272 -0.1528
vn 0.9911 -0.1134 -0.0691
vn 0.9065 -0.2486 -0.3412
vn 0.9420 -0.2379 -0.2367
vn 0.9209 -0.1622 -0.3545
vn 0.9577 -0.1442 -0.2490
vn 0.7655 -0.2697 -0.5841
vn 0.8519 -0.2587 -0.4553
vn 0.7774 -0.1924 -0.5988
vn 0.8646 -0.1786 -0.4697
vn 0.5175 -0.2898 -0.8051
vn 0.6495 -0.2806 -0.7067
vn 0.5290 -0.2071 -0.8230
vn 0.6614 -0.2020 -0.7223
vn 0.0000 -0.3011 -0.9536
vn 0.1279 -0.3013 -0.9449
vn 0.0000 -0.2120 -0.9772
vn 0.1304 -0.2119 -0.9685
vn 0.2601 -0.2110 -0.9422
vn 0.2535 -0.3004 -0.9195
vn 0.3814 -0.2967 -0.8755
vn 0.3915 -0.2094 -0.8960
vn 0.0000 -0.1220 -0.9925
vn 0.1323 -0.1216 -0.9837
vn 0.0000 -0.0396 -0.9992
vn 0.1331 -0.0395 -0.9903
vn 0.2664 -0.0389 -0.9630
vn 0.2645 -0.1205 -0.9568
vn 0.9784 0.0466 0.2014
vn 0.9712 0.1446 0.1896
vn 0.9900 0.0273 0.1385
vn 0.9837 0.1258 0.1283
vn 1.0000 -0.0029 0.0000
vn 0.9973 0.0119 0.0723
vn 0.9959 0.0902 -0.0053
vn 0.9919 0.1087 0.0647
vn 0.9864 -0.0368 -0.1602
vn 0.9968 -0.0190 -0.0770
vn 0.9854 0.0462 -0.1639
vn 0.9943 0.0692 -0.0809
vn 0.9284 -0.0805 -0.3627
vn 0.9648 -0.0579 -0.2565
vn 0.9303 -0.0060 -0.3668
vn 0.9653 0.0206 -0.2601
vn 0.7846 -0.1152 -0.6092
vn 0.8717 -0.1007 -0.4794
vn 0.7868 -0.0424 -0.6157
vn 0.8738 -0.0286 -0.4854
vn 0.3973 -0.1204 -0.9097
vn 0.3990 -0.0400 -0.9160
vn 0.5375 -0.0440 -0.8421
vn 0.5357 -0.1223 -0.8354
vn 0.6690 -0.1221 -0.7332
vn 0.6715 -0.0466 -0.7395
vn 0.0878 0.9911 0.0992
vn 0.0000 0.9952 0.0973
vn 0.1785 0.9785 0.1036
vn 0.1804 0.9818 0.0595
vn 0.0873 0.9947 0.0540
vn 0.0000 0.9987 0.0515
vn 0.0863 0.9962 0.0081
vn 0.0000 1.0000 0.0059
vn 0.1811 0.9834 0.0134
vn 0.1816 0.9828 -0.0331
vn 0.0866 0.9956 -0.0359
vn 0.0000 0.9993 -0.0365
vn 0.0891 0.9924 -0.0850
vn 0.0000 0.9964 -0.0845
vn 0.1831 0.9794 -0.0847
vn 0.1846 0.9704 -0.1556
vn 0.0920 0.9834 -0.1562
vn 0.0000 0.9878 -0.1559
vn 0.0925 0.9613 -0.2596
vn 0.0000 0.9656 -0.2599
vn 0.1831 0.9488 -0.2575
vn 0.1789 0.9092 -0.3759
vn 0.0917 0.9215 -0.3773
vn 0.0000 0.9261 -0.3772
vn 0.0929 0.8669 -0.4897
vn 0.0000 0.8721 -0.4893
vn 0.1762 0.8541 -0.4893
vn 0.1748 0.7783 -0.6031
vn 0.0948 0.7894 -0.6065
vn 0.0000 0.7941 -0.6077
vn 0.9541 0.2408 0.1777
vn 0.9284 0.3322 0.1666
vn 0.9675 0.2231 0.1192
vn 0.9425 0.3148 0.1117
vn 0.8950 0.4176 0.1568
vn 0.9100 0.4009 0.1057
vn 0.8681 0.4860 0.1005
vn 0.8524 0.5015 0.1478
vn 0.3684 0.9228 0.1126
vn 0.2719 0.9562 0.1081
vn 0.3755 0.9239 0.0727
vn 0.2769 0.9586 0.0657
vn 0.5637 0.8166 0.1239
vn 0.4670 0.8763 0.1178
vn 0.5755 0.8133 0.0857
vn 0.4761 0.8757 0.0797
vn 0.7975 0.5867 0.1401
vn 0.8142 0.5725 0.0962
vn 0.7469 0.6584 0.0931
vn 0.7302 0.6699 0.1344
vn 0.6525 0.7466 0.1296
vn 0.6672 0.7394 0.0901
vn 0.2795 0.9599 0.0207
vn 0.2797 0.9597 -0.0275
vn 0.3793 0.9248 0.0295
vn 0.3800 0.9248 -0.0193
vn 0.9830 0.1834 -0.0084
vn 0.9770 0.2049 0.0589
vn 0.9624 0.2716 -0.0096
vn 0.9538 0.2952 0.0548
vn 0.5852 0.8097 0.0438
vn 0.4825 0.8751 0.0380
vn 0.5932 0.8050 -0.0057
vn 0.4863 0.8737 -0.0112
vn 0.7618 0.6460 0.0484
vn 0.6799 0.7318 0.0469
vn 0.7752 0.6317 -0.0036
vn 0.6912 0.7226 -0.0034
vn 0.8825 0.4675 0.0507
vn 0.8294 0.5564 0.0493
vn 0.8955 0.4450 -0.0073
vn 0.8433 0.5373 -0.0052
vn 0.9231 0.3808 0.0524
vn 0.9342 0.3565 -0.0089
vn 0.9776 0.1308 -0.1649
vn 0.9839 0.1583 -0.0823
vn 0.9629 0.2146 -0.1633
vn 0.9662 0.2443 -0.0817
vn 0.2787 0.9569 -0.0811
vn 0.2772 0.9487 -0.1519
vn 0.3787 0.9225 -0.0746
vn 0.3763 0.9149 -0.1457
vn 0.5993 0.7980 -0.0633
vn 0.4880 0.8702 -0.0679
vn 0.6023 0.7869 -0.1342
vn 0.4876 0.8619 -0.1389
vn 0.7865 0.6142 -0.0639
vn 0.7006 0.7108 -0.0620
vn 0.7941 0.5923 -0.1359
vn 0.7065 0.6951 -0.1329
vn 0.9412 0.3286 -0.0789
vn 0.9413 0.2976 -0.1588
vn 0.9095 0.3870 -0.1515
vn 0.9053 0.4183 -0.0741
vn 0.8549 0.5143 -0.0684
vn 0.8621 0.4862 -0.1429
vn 0.9274 0.0706 -0.3673
vn 0.9602 0.1008 -0.2605
vn 0.9192 0.1495 -0.3641
vn 0.9488 0.1824 -0.2578
vn 0.9313 0.2634 -0.2516
vn 0.9059 0.2274 -0.3573
vn 0.8845 0.3111 -0.3475
vn 0.9045 0.3509 -0.2424
vn 0.8611 0.4523 -0.2321
vn 0.8463 0.4125 -0.3369
vn 0.7807 0.5305 -0.3302
vn 0.7938 0.5651 -0.2247
vn 0.7042 0.6740 -0.2232
vn 0.6894 0.6440 -0.3315
vn 0.5814 0.7391 -0.3401
vn 0.5978 0.7687 -0.2273
vn 0.4814 0.8444 -0.2351
vn 0.4656 0.8121 -0.3518
vn 0.3572 0.8607 -0.3627
vn 0.3699 0.8963 -0.2443
vn 0.2727 0.9284 -0.2523
vn 0.2643 0.8902 -0.3710
vn 0.7849 0.0308 -0.6188
vn 0.8718 0.0454 -0.4877
vn 0.7797 0.1031 -0.6175
vn 0.8655 0.1211 -0.4859
vn 0.8555 0.1939 -0.4801
vn 0.7725 0.1697 -0.6118
vn 0.7637 0.2356 -0.6010
vn 0.8399 0.2702 -0.4706
vn 0.8108 0.3652 -0.4573
vn 0.7487 0.3167 -0.5823
vn 0.7158 0.4246 -0.5543
vn 0.7548 0.4833 -0.4434
vn 0.6658 0.6034 -0.4388
vn 0.6391 0.5534 -0.5341
vn 0.5236 0.6527 -0.5475
vn 0.5554 0.6995 -0.4498
vn 0.4430 0.7656 -0.4663
vn 0.4197 0.7031 -0.5740
vn 0.3292 0.7373 -0.5898
vn 0.3419 0.8088 -0.4785
vn 0.2556 0.8359 -0.4857
vn 0.2498 0.7617 -0.5979
vn 0.0000 0.0413 -0.9991
vn 0.1325 0.0410 -0.9903
vn 0.0000 0.1247 -0.9922
vn 0.1308 0.1236 -0.9836
vn 0.2625 0.1204 -0.9574
vn 0.2656 0.0403 -0.9632
vn 0.6698 0.0273 -0.7420
vn 0.5349 0.0317 -0.8443
vn 0.5294 0.1043 -0.8419
vn 0.6650 0.0982 -0.7403
vn 0.3970 0.0376 -0.9171
vn 0.3920 0.1138 -0.9129
vn 0.2553 0.1947 -0.9470
vn 0.3850 0.1763 -0.9059
vn 0.2393 0.2762 -0.9308
vn 0.3769 0.2225 -0.8991
vn 0.5168 0.2175 -0.8280
vn 0.5244 0.1632 -0.8357
vn 0.0000 0.2111 -0.9774
vn 0.1270 0.2071 -0.9700
vn 0.0000 0.3081 -0.9514
vn 0.1151 0.2984 -0.9474
vn 0.6599 0.1598 -0.7341
vn 0.6589 0.2127 -0.7215
vn 0.5996 0.5043 -0.6214
vn 0.5075 0.5569 -0.6575
vn 0.6417 0.3891 -0.6608
vn 0.5347 0.4287 -0.7281
vn 0.0932 0.6799 -0.7273
vn 0.0000 0.6821 -0.7313
vn 0.1702 0.6750 -0.7178
vn 0.1601 0.5556 -0.8159
vn 0.0891 0.5512 -0.8296
vn 0.0000 0.5511 -0.8344
vn 0.3247 0.6326 -0.7031
vn 0.2498 0.6587 -0.7097
vn 0.3378 0.4843 -0.8071
vn 0.2510 0.5412 -0.8025
vn 0.4071 0.6043 -0.6848
vn 0.4188 0.4821 -0.7695
vn 0.3672 0.2959 -0.8818
vn 0.4129 0.3225 -0.8517
vn 0.3031 0.3536 -0.8849
vn 0.0957 0.4163 -0.9041
vn 0.0000 0.4223 -0.9064
vn 0.1722 0.4110 -0.8952
vn 0.4608 0.3584 -0.8119
vn 0.5599 0.3023 -0.7714
vn 0.6599 0.2866 -0.6945
vn 0.2391 0.4291 -0.8710
vn -0.7011 -0.1648 -0.6937
vn -0.9189 -0.1862 -0.3477
vn -0.9185 -0.1739 -0.3550
vn -0.6973 -0.1530 -0.7002
vn -0.9808 -0.1947 0.0098
vn -0.9821 -0.1885 0.0055
vn -0.9789 -0.2040 0.0021
vn -0.9139 -0.1916 -0.3578
vn -0.6923 -0.1778 -0.6993
vn -0.9209 -0.1845 0.3434
vn -0.9155 -0.1897 0.3547
vn -0.7502 -0.1414 0.6459
vn -0.7193 -0.1660 0.6746
vn -0.6949 -0.1940 0.6924
vn -0.9089 -0.2095 0.3604
vn -0.4462 -0.0691 0.8922
vn -0.3966 -0.1187 0.9102
vn 0.0251 -0.0075 0.9996
vn 0.0405 -0.0717 0.9966
vn 0.0573 -0.1068 0.9926
vn -0.3585 -0.1535 0.9208
vn 0.4891 0.0041 0.8722
vn 0.4682 -0.0444 0.8824
vn 0.7763 -0.0154 0.6301
vn 0.7592 -0.0338 0.6499
vn 0.7535 -0.0432 0.6561
vn 0.4620 -0.0685 0.8842
vn 0.9393 -0.0334 0.3415
vn 0.9329 -0.0288 0.3589
vn 0.9990 -0.0445 -0.0056
vn 0.9995 -0.0308 0.0099
vn 0.9991 -0.0334 0.0266
vn 0.9297 -0.0295 0.3670
vn 0.9227 -0.0549 -0.3815
vn 0.9290 -0.0425 -0.3674
vn 0.6919 -0.0689 -0.7186
vn 0.7017 -0.0613 -0.7098
vn 0.7165 -0.0846 -0.6924
vn 0.9366 -0.0551 -0.3461
vn 0.3532 -0.0842 -0.9317
vn 0.3628 -0.0824 -0.9282
vn -0.0057 -0.1035 -0.9946
vn 0.0046 -0.1043 -0.9945
vn 0.0203 -0.1385 -0.9901
vn 0.3810 -0.1127 -0.9176
vn -0.3640 -0.1324 -0.9219
vn -0.3550 -0.1279 -0.9261
vn -0.3466 -0.1603 -0.9242
vn -0.6945 -0.1511 -0.7034
vn -0.9084 -0.1697 -0.3820
vn -0.9080 -0.1505 -0.3909
vn -0.6926 -0.1350 -0.7086
vn -0.9810 -0.1930 -0.0194
vn -0.9839 -0.1754 -0.0343
vn -0.9762 -0.2094 -0.0560
vn -0.8953 -0.1809 -0.4069
vn -0.6788 -0.1545 -0.7179
vn -0.9200 -0.2016 0.3359
vn -0.9206 -0.1964 0.3374
vn -0.7489 -0.1694 0.6406
vn -0.7259 -0.1886 0.6615
vn -0.7095 -0.2246 0.6679
vn -0.9163 -0.2289 0.3284
vn -0.4606 -0.1064 0.8812
vn -0.4260 -0.1596 0.8905
vn -0.0049 -0.0650 0.9979
vn -0.0090 -0.1425 0.9897
vn -0.0128 -0.1971 0.9803
vn -0.4053 -0.2068 0.8905
vn 0.4660 -0.0735 0.8817
vn 0.4329 -0.1384 0.8907
vn 0.7665 -0.0949 0.6352
vn 0.7479 -0.1265 0.6515
vn 0.7403 -0.1623 0.6524
vn 0.4143 -0.1872 0.8907
vn 0.9353 -0.0973 0.3402
vn 0.9312 -0.1016 0.3499
vn 0.9965 -0.0829 -0.0101
vn 0.9973 -0.0731 -0.0059
vn 0.9963 -0.0849 -0.0085
vn 0.9303 -0.1242 0.3452
vn 0.9230 -0.0666 -0.3789
vn 0.9261 -0.0531 -0.3735
vn 0.7125 -0.0632 -0.6988
vn 0.7219 -0.0508 -0.6901
vn 0.7327 -0.0584 -0.6780
vn 0.9282 -0.0598 -0.3673
vn 0.3976 -0.0760 -0.9144
vn 0.4145 -0.0649 -0.9077
vn 0.0233 -0.1013 -0.9946
vn 0.0443 -0.0898 -0.9950
vn 0.0661 -0.0998 -0.9928
vn 0.4334 -0.0750 -0.8981
vn -0.3623 -0.1295 -0.9230
vn -0.3491 -0.1162 -0.9298
vn -0.3308 -0.1270 -0.9351
vn 0.0069 -0.8263 -0.5631
vn -0.2005 -0.8385 -0.5066
vn -0.3390 -0.4290 -0.8372
vn 0.0059 -0.3969 -0.9178
vn -0.3670 -0.8509 -0.3758
vn -0.6225 -0.4644 -0.6298
vn -0.6854 -0.2339 -0.6896
vn -0.3701 -0.1964 -0.9080
vn 0.0049 -0.1628 -0.9866
vn 0.4185 -0.8085 -0.4137
vn 0.2250 -0.8154 -0.5334
vn 0.3585 -0.3727 -0.8559
vn 0.6617 -0.3618 -0.6567
vn 0.3818 -0.1373 -0.9140
vn 0.7034 -0.1263 -0.6995
vn 0.5743 -0.8186 -0.0086
vn 0.5422 -0.8113 -0.2185
vn 0.8623 -0.3661 -0.3498
vn 0.9259 -0.3775 -0.0118
vn 0.9179 -0.1317 -0.3743
vn 0.9895 -0.1436 -0.0119
vn 0.4728 -0.8233 0.3140
vn 0.5442 -0.8220 0.1677
vn 0.8820 -0.3769 0.2827
vn 0.7672 -0.3558 0.5336
vn 0.9408 -0.1344 0.3111
vn 0.8079 -0.0822 0.5836
vn 0.0090 -0.8477 0.5304
vn 0.3189 -0.8338 0.4506
vn 0.5144 -0.3339 0.7898
vn 0.0052 -0.3440 0.9390
vn 0.5327 0.0014 0.8463
vn -0.0034 0.0299 0.9995
vn -0.4162 -0.8638 0.2839
vn -0.2885 -0.8574 0.4261
vn -0.4958 -0.3904 0.7757
vn -0.7268 -0.4556 0.5140
vn -0.5323 -0.0580 0.8445
vn -0.7931 -0.1854 0.5801
vn -0.4862 -0.8738 -0.0072
vn -0.4656 -0.8726 0.1474
vn -0.8208 -0.5042 0.2683
vn -0.8563 -0.5164 -0.0105
vn -0.9129 -0.2679 0.3080
vn -0.9569 -0.2900 -0.0096
vn -0.4641 -0.8647 -0.1922
vn -0.8020 -0.4976 -0.3304
vn -0.8908 -0.2698 -0.3656
vn 0.0074 -0.8480 -0.5299
vn -0.1895 -0.8587 -0.4762
vn -0.3350 -0.4567 -0.8241
vn 0.0034 -0.4225 -0.9063
vn -0.3515 -0.8662 -0.3550
vn -0.6173 -0.4883 -0.6168
vn -0.6904 -0.2430 -0.6814
vn -0.3720 -0.1993 -0.9066
vn -0.0049 -0.1573 -0.9875
vn 0.4075 -0.8232 -0.3953
vn 0.2159 -0.8357 -0.5049
vn 0.3512 -0.3982 -0.8473
vn 0.6564 -0.3809 -0.6512
vn 0.3669 -0.1381 -0.9199
vn 0.6958 -0.1309 -0.7061
vn 0.5850 -0.8110 -0.0028
vn 0.5392 -0.8157 -0.2094
vn 0.8638 -0.3663 -0.3460
vn 0.9361 -0.3515 -0.0086
vn 0.9184 -0.1226 -0.3761
vn 0.9938 -0.1100 -0.0120
vn 0.5064 -0.7927 0.3395
vn 0.5695 -0.8025 0.1780
vn 0.9008 -0.3252 0.2877
vn 0.7882 -0.2826 0.5466
vn 0.9479 -0.0766 0.3092
vn 0.8144 -0.0094 0.5802
vn 0.0105 -0.8077 0.5894
vn 0.3450 -0.7956 0.4979
vn 0.5279 -0.2485 0.8121
vn 0.0067 -0.2606 0.9654
vn 0.5371 0.0743 0.8402
vn 0.0031 0.0952 0.9954
vn -0.4454 -0.8411 0.3068
vn -0.3117 -0.8250 0.4714
vn -0.5074 -0.3186 0.8007
vn -0.7480 -0.4001 0.5295
vn -0.5303 -0.0010 0.8478
vn -0.8014 -0.1309 0.5835
vn -0.4909 -0.8712 -0.0025
vn -0.4852 -0.8604 0.1556
vn -0.8409 -0.4657 0.2754
vn -0.8673 -0.4977 -0.0036
vn -0.9252 -0.2176 0.3109
vn -0.9670 -0.2546 0.0011
vn -0.4550 -0.8716 -0.1823
vn -0.8029 -0.5031 -0.3197
vn -0.8997 -0.2613 -0.3497
vn -0.1070 -0.9937 0.0334
vn -0.1011 -0.9926 0.0667
vn -0.1041 -0.9945 -0.0000
vn -0.0084 -0.9999 0.0000
vn -0.0098 -0.9999 0.0027
vn -0.0109 -0.9999 0.0068
vn -0.0407 -0.9940 -0.1015
vn -0.0786 -0.9938 -0.0786
vn 0.0015 -0.9939 -0.1099
vn 0.0001 -0.9999 -0.0085
vn -0.0032 -0.9999 -0.0089
vn -0.0087 -0.9999 -0.0086
vn 0.1203 -0.9917 -0.0457
vn 0.0931 -0.9916 -0.0894
vn 0.1277 -0.9918 -0.0001
vn 0.0101 -0.9999 0.0000
vn 0.0106 -0.9999 -0.0035
vn 0.0103 -0.9999 -0.0097
vn 0.0772 -0.9917 0.1025
vn 0.1181 -0.9901 0.0755
vn 0.0020 -0.9935 0.1133
vn 0.0002 -0.9999 0.0080
vn 0.0062 -0.9999 0.0087
vn 0.0126 -0.9999 0.0076
vn -0.0684 -0.9931 0.0953
vn -0.0055 -0.9999 0.0081
vn -0.0990 -0.9943 -0.0387
vn -0.0089 -0.9999 -0.0031
vn 0.0469 -0.9929 -0.1092
vn 0.0037 -0.9999 -0.0096
vn 0.1290 -0.9908 0.0392
vn 0.0116 -0.9999 0.0031
vn 0.0000 -1.0000 0.0000
vn 0.0508 -0.9914 -0.1202
vn 0.0016 -0.9925 -0.1221
vn 0.0985 -0.9904 -0.0969
vn 0.0108 -0.9999 -0.0105
vn 0.0040 -0.9999 -0.0106
vn 0.0001 -0.9999 -0.0094
vn 0.1230 -0.9917 0.0367
vn 0.1266 -0.9919 -0.0015
vn 0.1088 -0.9916 0.0690
vn 0.0117 -0.9999 0.0070
vn 0.0111 -0.9999 0.0030
vn 0.0100 -0.9999 -0.0001
vn -0.1014 -0.9944 0.0310
vn -0.0925 -0.9939 0.0605
vn -0.1032 -0.9946 -0.0013
vn -0.0083 -0.9999 -0.0001
vn -0.0092 -0.9999 0.0025
vn -0.0100 -0.9999 0.0063
vn -0.0443 -0.9927 -0.1123
vn -0.0840 -0.9927 -0.0858
vn -0.0034 -0.9999 -0.0099
vn -0.0093 -0.9999 -0.0095
vn 0.1237 -0.9911 -0.0490
vn 0.0110 -0.9999 -0.0038
vn 0.0697 -0.9934 0.0910
vn 0.0019 -0.9950 0.0993
vn 0.0002 -1.0000 0.0071
vn 0.0057 -0.9999 0.0079
vn -0.0613 -0.9945 0.0843
vn -0.0050 -0.9999 0.0073
vn -0.1024 -0.9939 -0.0418
vn -0.0092 -0.9999 -0.0034
vn -0.3695 -0.1572 -0.9158
vn 0.0099 -0.1260 -0.9919
vn -0.6916 -0.1877 -0.6975
vn 0.3869 -0.1008 -0.9166
vn 0.7068 -0.0892 -0.7018
vn 0.9206 -0.0940 -0.3790
vn 0.9941 -0.1073 -0.0130
vn 0.9401 -0.1051 0.3244
vn 0.7904 -0.0664 0.6089
vn 0.5039 0.0033 0.8637
vn -0.0049 0.0325 0.9995
vn -0.5034 -0.0455 0.8628
vn -0.7763 -0.1578 0.6102
vn -0.9186 -0.2260 0.3240
vn -0.9713 -0.2376 -0.0120
vn -0.9019 -0.2163 -0.3739
vn -0.3713 -0.1548 -0.9155
vn -0.0089 -0.1173 -0.9930
vn -0.6995 -0.1954 -0.6873
vn 0.3565 -0.1001 -0.9289
vn 0.6914 -0.0920 -0.7165
vn 0.9198 -0.0828 -0.3835
vn 0.9973 -0.0713 -0.0130
vn 0.9456 -0.0451 0.3222
vn 0.7982 0.0068 0.6024
vn 0.5160 0.0722 0.8535
vn 0.0108 0.0859 0.9962
vn -0.4975 -0.0022 0.8675
vn -0.7824 -0.1150 0.6120
vn -0.9264 -0.1865 0.3270
vn -0.9770 -0.2132 0.0074
vn -0.9131 -0.2146 -0.3468
vn -0.3230 -0.2134 0.9220
vn -0.6651 -0.2609 0.6997
vn 0.0846 -0.1549 0.9843
vn 0.4715 -0.0972 0.8765
vn 0.7577 -0.0586 0.6500
vn 0.9298 -0.0428 0.3655
vn 0.9972 -0.0608 0.0429
vn 0.9435 -0.1138 -0.3111
vn 0.7368 -0.1792 -0.6518
vn 0.4107 -0.2285 -0.8826
vn 0.0495 -0.2615 -0.9639
vn -0.3259 -0.2832 -0.9020
vn -0.6767 -0.2932 -0.6754
vn -0.8965 -0.2906 -0.3344
vn -0.9583 -0.2850 0.0193
vn -0.8857 -0.2808 0.3696
vn -0.8282 -0.4180 0.3734
vn -0.3765 -0.3069 0.8741
vn -0.6836 -0.3263 0.6528
vn 0.0037 -0.2845 0.9586
vn 0.4164 -0.2534 0.8731
vn 0.7417 -0.2124 0.6362
vn 0.9312 -0.1625 0.3263
vn 0.9934 -0.1132 -0.0191
vn 0.9281 -0.0841 -0.3626
vn 0.7426 -0.0860 -0.6641
vn 0.4520 -0.1092 -0.8853
vn 0.0911 -0.1427 -0.9855
vn -0.2948 -0.1864 -0.9372
vn -0.6340 -0.2415 -0.7346
vn -0.8520 -0.2911 -0.4349
vn -0.9422 -0.3235 -0.0870
vn -0.8919 -0.3348 0.3041
vn -0.7606 -0.5697 0.3112
vn -0.0902 -0.9920 -0.0879
vn -0.0915 -0.9919 -0.0878
vn -0.0886 -0.9922 -0.0879
vn -0.1737 -0.9810 -0.0865
vn -0.1779 -0.9802 -0.0864
vn -0.1825 -0.9794 -0.0863
vn -0.2727 -0.9577 -0.0916
vn -0.2807 -0.9554 -0.0916
vn -0.2657 -0.9597 -0.0915
vn -0.3706 -0.9231 -0.1026
vn -0.3775 -0.9203 -0.1026
vn -0.3861 -0.9167 -0.1029
vn -0.4835 -0.8680 -0.1128
vn -0.4916 -0.8634 -0.1131
vn -0.4792 -0.8704 -0.1129
vn -0.5850 -0.8021 -0.1197
vn -0.5869 -0.8007 -0.1203
vn -0.5960 -0.7937 -0.1216
vn -0.7793 -0.6151 -0.1198
vn -0.7709 -0.6220 -0.1372
vn -0.6840 -0.7178 -0.1295
vn -0.6844 -0.7183 -0.1247
vn -0.7844 -0.5994 -0.1589
vn -0.6946 -0.7064 -0.1359
vn -0.8517 -0.5089 -0.1247
vn -0.8304 -0.5398 -0.1378
vn -0.9213 -0.3682 -0.1252
vn -0.8524 -0.4992 -0.1555
vn -0.8692 -0.4601 -0.1811
vn -0.8459 -0.4984 -0.1898
vn -0.9125 -0.3651 -0.1843
vn -0.9023 -0.3721 -0.2176
vn -0.8436 -0.5280 -0.0980
vn -0.8712 -0.4812 -0.0969
vn -0.9064 -0.4208 -0.0370
vn -0.9170 -0.3927 -0.0696
vn -0.9709 -0.2286 0.0713
vn -0.9746 -0.2141 0.0651
vn -0.9543 -0.2985 -0.0130
vn -0.9479 -0.3185 0.0057
vn -0.9816 -0.1849 0.0477
vn -0.9632 -0.2650 -0.0443
vn -0.9671 -0.0993 0.2342
vn -0.9707 -0.0836 0.2250
vn -0.9790 -0.1442 0.1441
vn -0.9760 -0.1587 0.1494
vn -0.9793 -0.0428 0.1975
vn -0.9861 -0.1104 0.1241
vn -0.9058 0.0074 0.4235
vn -0.9126 0.0219 0.4082
vn -0.9488 -0.0276 0.3148
vn -0.9436 -0.0430 0.3282
vn -0.9246 0.0667 0.3750
vn -0.9591 0.0168 0.2826
vn -0.6465 0.1627 0.7453
vn -0.6532 0.1788 0.7358
vn -0.7359 0.1399 0.6625
vn -0.7291 0.1241 0.6731
vn -0.6647 0.2250 0.7124
vn -0.7477 0.1862 0.6373
vn -0.8219 0.1446 0.5510
vn -0.8085 0.0995 0.5799
vn -0.8010 0.0846 0.5926
vn -0.4843 0.2201 0.8468
vn -0.4894 0.2356 0.8396
vn -0.5711 0.2096 0.7936
vn -0.5646 0.1937 0.8023
vn -0.4980 0.2796 0.8208
vn -0.5827 0.2546 0.7717
vn -0.3250 0.2716 0.9059
vn -0.3264 0.2850 0.9012
vn -0.4062 0.2611 0.8756
vn -0.4033 0.2464 0.8812
vn -0.3268 0.3241 0.8878
vn -0.4097 0.3036 0.8602
vn -0.1638 0.3000 0.9397
vn -0.1698 0.3117 0.9348
vn -0.2492 0.3034 0.9196
vn -0.2465 0.2917 0.9242
vn -0.1761 0.3463 0.9214
vn -0.2510 0.3385 0.9068
vn -0.0870 0.3096 0.9468
vn -0.0809 0.2960 0.9517
vn -0.0942 0.3488 0.9324
vn -0.9579 -0.1477 -0.2462
vn -0.9400 -0.2568 -0.2245
vn -0.9457 -0.2548 -0.2016
vn -0.9608 -0.1482 -0.2344
vn -0.9579 -0.2467 -0.1470
vn -0.9705 -0.1467 -0.1911
vn -0.9500 0.0290 -0.3109
vn -0.9595 -0.0526 -0.2768
vn -0.9611 -0.0520 -0.2713
vn -0.9518 0.0320 -0.3051
vn -0.9640 -0.0451 -0.2621
vn -0.9565 0.0445 -0.2882
vn -0.9195 0.2143 -0.3295
vn -0.9098 0.1940 -0.3669
vn -0.9343 0.1143 -0.3375
vn -0.9421 0.1306 -0.3087
vn -0.9059 0.1867 -0.3801
vn -0.9314 0.1088 -0.3473
vn -0.8902 0.2925 -0.3492
vn -0.8802 0.2681 -0.3915
vn -0.8533 0.3685 -0.3688
vn -0.8422 0.3424 -0.4164
vn -0.8368 0.3337 -0.4341
vn -0.8759 0.2594 -0.4069
vn -0.7203 0.4791 -0.5016
vn -0.7833 0.4101 -0.4671
vn -0.7901 0.4194 -0.4470
vn -0.7265 0.4913 -0.4804
vn -0.8036 0.4468 -0.3932
vn -0.7400 0.5237 -0.4220
vn -0.5687 0.5992 -0.5635
vn -0.6515 0.5395 -0.5333
vn -0.6553 0.5555 -0.5118
vn -0.5699 0.6179 -0.5416
vn -0.6659 0.5946 -0.4505
vn -0.5768 0.6621 -0.4785
vn -0.1929 0.7651 -0.6143
vn -0.2863 0.7397 -0.6089
vn -0.2853 0.7561 -0.5889
vn -0.1935 0.7803 -0.5947
vn -0.3769 0.7037 -0.6023
vn -0.3753 0.7218 -0.5815
vn -0.3749 0.7661 -0.5220
vn -0.2847 0.7973 -0.5322
vn -0.1950 0.8191 -0.5394
vn -0.0964 0.7789 -0.6196
vn -0.0978 0.7938 -0.6002
vn -0.1005 0.8319 -0.5457
vn -0.9888 -0.1442 0.0373
vn -0.9753 -0.2121 -0.0612
vn -0.9945 -0.0990 0.0337
vn -0.9849 -0.1575 -0.0717
vn -0.0956 0.4130 0.9057
vn -0.0937 0.4974 0.8624
vn -0.1787 0.4881 0.8542
vn -0.1787 0.4056 0.8964
vn -0.2546 0.3964 0.8820
vn -0.2585 0.4768 0.8401
vn -0.3400 0.4638 0.8181
vn -0.3318 0.3841 0.8616
vn -0.4183 0.3661 0.8312
vn -0.4307 0.4458 0.7847
vn -0.5270 0.4202 0.7387
vn -0.5114 0.3425 0.7881
vn -0.5986 0.3168 0.7358
vn -0.6154 0.3905 0.6847
vn -0.6952 0.3568 0.6240
vn -0.6796 0.2870 0.6750
vn -0.7614 0.2474 0.5991
vn -0.7739 0.3116 0.5513
vn -0.8436 0.2598 0.4699
vn -0.8347 0.2033 0.5118
vn -0.9337 0.1237 0.3360
vn -0.9668 0.0768 0.2437
vn -0.9375 0.1743 0.3012
vn -0.9682 0.1381 0.2087
vn -0.9868 0.0956 0.1308
vn -0.9861 0.0178 0.1653
vn -0.9926 -0.0602 0.1052
vn -0.9958 -0.0078 0.0908
vn -0.9381 0.2733 -0.2127
vn -0.9297 0.2431 -0.2765
vn -0.9512 0.1606 -0.2635
vn -0.9600 0.1965 -0.1992
vn -0.9637 0.0780 -0.2554
vn -0.9735 0.1241 -0.1921
vn -0.9000 0.3236 -0.2921
vn -0.8625 0.4019 -0.3074
vn -0.9066 0.3539 -0.2296
vn -0.8673 0.4333 -0.2449
vn -0.8138 0.4813 -0.3256
vn -0.7502 0.5616 -0.3489
vn -0.8183 0.5120 -0.2611
vn -0.7547 0.5924 -0.2817
vn -0.6738 0.6378 -0.3731
vn -0.5822 0.7094 -0.3972
vn -0.6765 0.6713 -0.3028
vn -0.5836 0.7456 -0.3217
vn -0.2851 0.8441 -0.4541
vn -0.1962 0.8644 -0.4628
vn -0.3766 0.8146 -0.4412
vn -0.3789 0.8534 -0.3579
vn -0.2858 0.8836 -0.3709
vn -0.1968 0.9041 -0.3793
vn -0.1023 0.8770 -0.4694
vn -0.1032 0.9172 -0.3848
vn -0.1039 0.9713 -0.2139
vn -0.1035 0.9870 -0.1230
vn -0.1985 0.9566 -0.2133
vn -0.1987 0.9720 -0.1252
vn -0.1980 0.9795 -0.0363
vn -0.1023 0.9942 -0.0334
vn -0.1006 0.8332 0.5437
vn -0.1002 0.7614 0.6405
vn -0.1908 0.8214 0.5374
vn -0.1894 0.7511 0.6324
vn -0.1847 0.6703 0.7187
vn -0.0969 0.6783 0.7283
vn -0.1014 0.9840 0.1464
vn -0.1011 0.9648 0.2429
vn -0.1973 0.9696 0.1444
vn -0.1965 0.9508 0.2392
vn -0.1939 0.9224 0.3341
vn -0.1002 0.9348 0.3406
vn -0.0998 0.8914 0.4419
vn -0.1914 0.8799 0.4349
vn -0.2870 0.9025 0.3211
vn -0.2818 0.8621 0.4209
vn -0.3833 0.8729 0.3019
vn -0.3782 0.8350 0.3997
vn -0.3737 0.7781 0.5048
vn -0.2788 0.8042 0.5249
vn -0.2896 0.9339 -0.2096
vn -0.2913 0.9484 -0.1251
vn -0.3840 0.9009 -0.2023
vn -0.3857 0.9146 -0.1215
vn -0.3872 0.9212 -0.0373
vn -0.2923 0.9556 -0.0380
vn -0.2755 0.7356 0.6189
vn -0.3682 0.7122 0.5976
vn -0.3599 0.6391 0.6797
vn -0.2696 0.6577 0.7034
vn -0.2930 0.9458 0.1400
vn -0.2915 0.9283 0.2309
vn -0.3893 0.9114 0.1330
vn -0.3877 0.8957 0.2177
vn -0.0936 0.5888 0.8028
vn -0.1800 0.5806 0.7940
vn -0.2632 0.5688 0.7792
vn -0.3499 0.5538 0.7555
vn -0.1038 0.9484 -0.2995
vn -0.1976 0.9345 -0.2960
vn -0.2875 0.9130 -0.2893
vn -0.3816 0.8813 -0.2785
vn -0.4742 0.7217 -0.5042
vn -0.4778 0.7708 -0.4213
vn -0.4802 0.8084 -0.3403
vn -0.4723 0.6564 -0.5882
vn -0.4715 0.6756 -0.5666
vn -0.5825 0.7721 -0.2539
vn -0.4814 0.8352 -0.2658
vn -0.5790 0.7935 -0.1872
vn -0.4810 0.8549 -0.1942
vn -0.4794 0.8697 -0.1169
vn -0.4783 0.8774 -0.0356
vn -0.5727 0.8119 -0.1136
vn -0.5660 0.8236 -0.0352
vn -0.4809 0.8530 0.2029
vn -0.4801 0.8314 0.2799
vn -0.4801 0.8682 0.1252
vn -0.5643 0.8169 0.1190
vn -0.5689 0.8001 0.1901
vn -0.5732 0.7777 0.2580
vn -0.4779 0.7952 0.3732
vn -0.4739 0.7405 0.4765
vn -0.5747 0.7434 0.3420
vn -0.5721 0.6922 0.4400
vn -0.4671 0.6785 0.5670
vn -0.4571 0.6120 0.6453
vn -0.5650 0.6349 0.5269
vn -0.5548 0.5752 0.6011
vn -0.4445 0.5329 0.7200
vn -0.5420 0.5031 0.6731
vn -0.6302 0.4678 0.6196
vn -0.7082 0.4282 0.5613
vn -0.6426 0.5333 0.5502
vn -0.7186 0.4889 0.4946
vn -0.6609 0.6379 0.3952
vn -0.6533 0.5864 0.4788
vn -0.7371 0.5822 0.3430
vn -0.7289 0.5372 0.4243
vn -0.7338 0.6442 0.2156
vn -0.7391 0.6192 0.2650
vn -0.6625 0.6837 0.3060
vn -0.6579 0.7148 0.2368
vn -0.6424 0.7578 0.1143
vn -0.6493 0.7389 0.1798
vn -0.7157 0.6899 0.1083
vn -0.7218 0.6711 0.1688
vn -0.8632 0.4995 0.0732
vn -0.8044 0.5869 0.0918
vn -0.7917 0.6099 0.0355
vn -0.8204 0.5716 -0.0125
vn -0.7227 0.6903 0.0335
vn -0.7419 0.6693 -0.0399
vn -0.6742 0.7170 -0.1768
vn -0.6669 0.7371 -0.1093
vn -0.7585 0.6326 -0.1562
vn -0.7551 0.6486 -0.0957
vn -0.6545 0.7551 -0.0379
vn -0.7572 0.6153 -0.2193
vn -0.6766 0.6962 -0.2398
vn -0.7822 0.3766 0.4963
vn -0.8471 0.3152 0.4279
vn -0.7862 0.4366 0.4372
vn -0.8440 0.3743 0.3841
vn -0.8000 0.5273 0.2864
vn -0.7916 0.4877 0.3681
vn -0.8522 0.4677 0.2345
vn -0.8423 0.4349 0.3183
vn -0.8094 0.5619 0.1706
vn -0.8070 0.5504 0.2141
vn -0.8628 0.4787 0.1623
vn -0.7875 0.5983 0.1479
vn -0.6437 0.7643 0.0389
vn -0.5627 0.8256 0.0423
vn -0.4788 0.8768 0.0444
vn -0.3887 0.9202 0.0464
vn -0.8701 0.4604 -0.1762
vn -0.8209 0.5363 -0.1961
vn -0.8716 0.4799 -0.0997
vn -0.8235 0.5528 -0.1273
vn -0.8251 0.5615 -0.0631
vn -0.8725 0.4881 -0.0229
vn -0.8903 0.1635 0.4249
vn -0.8792 0.1069 0.4642
vn -0.8964 0.2134 0.3884
vn -0.8658 0.0627 0.4964
vn -0.8582 0.0484 0.5110
vn -0.9286 0.2910 0.2301
vn -0.9372 0.2243 0.2670
vn -0.8985 0.2597 0.3538
vn -0.8950 0.3142 0.3165
vn -0.8994 0.3833 0.2099
vn -0.8832 0.3778 0.2778
vn -0.9445 0.2990 -0.1358
vn -0.9112 0.3809 -0.1571
vn -0.9484 0.3129 -0.0510
vn -0.9132 0.4003 -0.0759
vn -0.9124 0.4091 0.0028
vn -0.9498 0.3118 0.0262
vn -0.9485 0.3033 0.0910
vn -0.9100 0.4076 0.0753
vn -0.1015 0.9934 0.0535
vn -0.1974 0.9790 0.0514
vn -0.2928 0.9549 0.0488
vn -0.9618 0.2061 0.1802
vn -0.9725 0.2029 0.1140
vn -0.9429 0.2947 0.1549
vn -0.9072 0.3953 0.1438
vn -0.9723 0.2324 -0.0246
vn -0.9743 0.2187 0.0536
vn -0.9875 0.1574 -0.0040
vn -0.9891 0.1285 0.0714
vn -0.9825 0.1570 -0.1004
vn -0.9676 0.2247 -0.1154
vn -0.9919 0.0876 -0.0914
vn -0.9967 0.0804 0.0018
vn -0.9815 0.0539 -0.1836
vn -0.9866 -0.0114 -0.1628
vn -0.9967 -0.0052 -0.0810
vn -0.9999 0.0105 -0.0071
vn -0.9971 0.0383 0.0655
vn -0.9987 -0.0470 0.0214
vn -0.9923 -0.0984 -0.0744
vn -0.9792 -0.0815 -0.1855
vn -0.9697 -0.0059 -0.2442
vn -0.0866 0.9722 0.2175
vn -0.0874 0.9704 0.2251
vn -0.0862 0.9764 0.1979
vn -0.1712 0.9641 0.2027
vn -0.1703 0.9599 0.2224
vn -0.1708 0.9580 0.2301
vn -0.3207 0.9158 0.2418
vn -0.2477 0.9396 0.2361
vn -0.2491 0.9411 0.2284
vn -0.3252 0.9163 0.2338
vn -0.2534 0.9446 0.2083
vn -0.3356 0.9177 0.2128
vn -0.4831 0.8365 0.2586
vn -0.3993 0.8825 0.2483
vn -0.4068 0.8815 0.2398
vn -0.4924 0.8339 0.2493
vn -0.4227 0.8798 0.2172
vn -0.5116 0.8295 0.2241
vn -0.6284 0.7219 0.2896
vn -0.5601 0.7821 0.2730
vn -0.5710 0.7778 0.2624
vn -0.6416 0.7147 0.2783
vn -0.5929 0.7706 0.2336
vn -0.6669 0.7034 0.2458
vn -0.8459 0.4104 0.3407
vn -0.8039 0.4919 0.3343
vn -0.8154 0.4794 0.3245
vn -0.8549 0.3979 0.3329
vn -0.7547 0.5702 0.3246
vn -0.7682 0.5582 0.3133
vn -0.7942 0.5397 0.2791
vn -0.8386 0.4586 0.2939
vn -0.8739 0.3767 0.3071
vn -0.6946 0.6500 0.3082
vn -0.7092 0.6395 0.2966
vn -0.7362 0.6240 0.2619
vn -0.9027 0.2198 0.3698
vn -0.8806 0.3178 0.3514
vn -0.8871 0.3071 0.3445
vn -0.9076 0.2122 0.3622
vn -0.9016 0.2891 0.3216
vn -0.9197 0.1993 0.3382
vn -0.9039 0.0338 0.4263
vn -0.9100 0.1266 0.3948
vn -0.9149 0.1218 0.3848
vn -0.9105 0.0300 0.4123
vn -0.9279 0.1111 0.3559
vn -0.9268 0.0167 0.3750
vn -0.8528 -0.1726 0.4929
vn -0.8843 -0.0672 0.4621
vn -0.8933 -0.0724 0.4435
vn -0.8627 -0.1811 0.4721
vn -0.9134 -0.0919 0.3964
vn -0.8839 -0.2067 0.4194
vn -0.7554 -0.3810 0.5332
vn -0.8122 -0.2765 0.5137
vn -0.8208 -0.2866 0.4940
vn -0.7631 -0.3893 0.5159
vn -0.8396 -0.3139 0.4433
vn -0.7796 -0.4130 0.4707
vn -0.5695 -0.5679 0.5942
vn -0.6738 -0.4814 0.5605
vn -0.6819 -0.4868 0.5459
vn -0.5770 -0.5717 0.5831
vn -0.7005 -0.5032 0.5060
vn -0.6009 -0.5792 0.5507
vn -0.3505 -0.6829 0.6409
vn -0.4572 -0.6340 0.6237
vn -0.4620 -0.6381 0.6160
vn -0.3507 -0.6888 0.6344
vn -0.4858 -0.6458 0.5890
vn -0.3773 -0.6787 0.6300
vn -0.1559 -0.7476 0.6456
vn -0.2494 -0.7213 0.6461
vn -0.2437 -0.7278 0.6410
vn -0.1475 -0.7551 0.6388
vn -0.2255 -0.7305 0.6446
vn -0.1236 -0.7719 0.6235
vn -0.0743 -0.7604 0.6451
vn -0.0702 -0.7708 0.6332
vn -0.0570 -0.7981 0.5998
vn 0.4581 -0.8462 0.2722
vn 0.3431 -0.9365 0.0724
vn 0.0942 -0.9813 0.1678
vn 0.1307 -0.9539 0.2700
vn 0.1320 -0.9881 -0.0784
vn 0.0285 -0.9948 0.0982
vn 0.1280 -0.7918 0.5972
vn 0.3400 -0.8408 0.4212
vn 0.1064 -0.9235 0.3686
vn 0.0436 -0.8858 0.4619
vn 0.1109 -0.9859 0.1252
vn 0.2977 -0.9540 -0.0341
vn 0.0797 -0.9886 -0.1276
vn 0.0209 -0.9987 -0.0457
vn 0.3478 -0.9106 -0.2233
vn 0.1103 -0.9644 -0.2401
vn 0.2873 -0.8643 -0.4128
vn 0.0896 -0.9289 -0.3593
vn 0.1099 -0.7956 -0.5957
vn 0.0348 -0.8839 -0.4663
vn -0.0298 -0.9678 -0.2497
vn -0.1443 -0.9887 -0.0403
vn -0.0702 -0.9973 0.0200
vn -0.2182 -0.9274 -0.3038
vn -0.2528 -0.9641 -0.0814
vn -0.2711 -0.9625 0.0057
vn -0.1855 -0.9823 0.0257
vn -0.1210 -0.9915 0.0470
vn -0.2429 -0.9022 0.3562
vn -0.0536 -0.9569 0.2855
vn -0.1617 -0.9820 0.0977
vn -0.2743 -0.9526 0.1313
vn -0.0792 -0.9959 0.0438
vn -0.1234 -0.9918 0.0341
vn -0.1931 -0.9799 0.0498
vn -0.2814 -0.9577 0.0592
vn -0.1976 -0.9794 0.0412
vn -0.1320 -0.9903 0.0432
vn -0.2804 -0.9592 0.0366
vn -0.0685 -0.9967 0.0430
vn -0.0620 -0.9961 0.0633
vn -0.0613 -0.9979 0.0192
vn -0.0301 -0.9968 0.0735
vn -0.0324 -0.9995 -0.0037
vn -0.6529 -0.7459 -0.1315
vn -0.5188 -0.8523 -0.0656
vn -0.3848 -0.9188 -0.0877
vn -0.4227 -0.8640 -0.2736
vn -0.4957 -0.8683 -0.0163
vn -0.3783 -0.9256 -0.0092
vn -0.3833 -0.9231 0.0315
vn -0.4975 -0.8669 0.0288
vn -0.5011 -0.8630 0.0639
vn -0.3871 -0.9199 0.0628
vn -0.6692 -0.7118 0.2133
vn -0.4514 -0.8227 0.3454
vn -0.4023 -0.9060 0.1316
vn -0.5268 -0.8430 0.1083
vn -0.1591 -0.7644 -0.6248
vn -0.4534 -0.7006 -0.5510
vn -0.0970 -0.4971 -0.8622
vn -0.4443 -0.4516 -0.7737
vn -0.7512 -0.3604 -0.5529
vn -0.7286 -0.5779 -0.3676
vn 0.4367 -0.8176 -0.3751
vn 0.1475 -0.8027 -0.5777
vn 0.6129 -0.5292 -0.5867
vn 0.2702 -0.5212 -0.8095
vn 0.6529 -0.7499 -0.1064
vn 0.7454 -0.6549 0.1244
vn 0.8880 -0.4561 0.0587
vn 0.8267 -0.4998 -0.2583
vn 0.3793 -0.6279 0.6795
vn 0.5562 -0.6673 0.4953
vn 0.6098 -0.4436 0.6568
vn 0.6662 -0.6136 0.4239
vn -0.2936 -0.5364 0.7912
vn -0.2145 -0.3802 0.8997
vn 0.1008 -0.5185 0.8491
vn -0.0502 -0.6584 0.7509
vn -0.1364 -0.2426 0.9604
vn 0.2440 -0.3551 0.9024
vn -0.7412 -0.3707 0.5596
vn -0.7682 -0.2036 0.6070
vn -0.5253 -0.2682 0.8075
vn -0.5425 -0.4313 0.7208
vn -0.7663 -0.1002 0.6346
vn -0.4944 -0.1530 0.8557
vn -0.8901 -0.4207 0.1752
vn -0.9609 -0.2512 0.1165
vn -0.9127 -0.1922 0.3606
vn -0.8596 -0.3630 0.3594
vn -0.9896 -0.1267 0.0678
vn -0.9287 -0.0863 0.3607
vn -0.9106 -0.3935 -0.1257
vn -0.8312 -0.5558 0.0125
vn -0.9421 -0.2297 -0.2443
vn -0.8992 -0.4165 -0.1340
vn -0.9635 -0.2571 -0.0738
vn -0.9120 -0.3535 0.2082
vn -0.8368 -0.5434 0.0669
vn -0.9869 -0.1570 -0.0359
vn -0.9308 -0.2183 0.2930
vn -0.7488 -0.2921 0.5949
vn -0.7446 -0.4783 0.4656
vn -0.4748 -0.5940 0.6493
vn -0.4418 -0.3685 0.8179
vn -0.0605 -0.4486 0.8917
vn -0.1585 -0.7068 0.6894
vn 0.1441 -0.7877 0.5989
vn 0.3030 -0.5088 0.8057
vn 0.6100 -0.5340 0.5854
vn 0.4180 -0.8156 0.4000
vn 0.6114 -0.7817 0.1226
vn 0.8118 -0.5300 0.2452
vn 0.8484 -0.5137 -0.1281
vn 0.6485 -0.7398 -0.1793
vn 0.5551 -0.6944 -0.4578
vn 0.3595 -0.6151 -0.7017
vn 0.7479 -0.4787 -0.4598
vn 0.5341 -0.4070 -0.7409
vn 0.1020 -0.4808 -0.8708
vn -0.0500 -0.6540 -0.7548
vn 0.2234 -0.3078 -0.9248
vn -0.1286 -0.2233 -0.9662
vn -0.1870 -0.3509 -0.9175
vn -0.2622 -0.5155 -0.8158
vn -0.4901 -0.2583 -0.8325
vn -0.5072 -0.4006 -0.7630
vn -0.4705 -0.1656 -0.8667
vn -0.7490 -0.1325 -0.6492
vn -0.7464 -0.2119 -0.6308
vn -0.7261 -0.3411 -0.5970
vn -0.9080 -0.2100 -0.3625
vn -0.8629 -0.3469 -0.3674
vn -0.9245 -0.1267 -0.3595
vn -0.6217 -0.7826 -0.0335
vn -0.6167 -0.7872 -0.0019
vn -0.7021 -0.7118 0.0178
vn -0.7223 -0.6899 0.0477
vn -0.6183 -0.7842 0.0509
vn -0.6250 -0.7770 0.0752
vn -0.7233 -0.6905 -0.0012
vn -0.6990 -0.7141 0.0369
vn -0.6113 -0.7909 0.0285
vn -0.7053 -0.7084 0.0257
vn -0.0267 -0.8290 -0.5585
vn -0.0701 -0.7909 -0.6079
vn -0.1423 -0.7335 -0.6646
vn -0.0718 -0.7563 -0.6502
vn -0.1650 -0.7199 -0.6742
vn -0.3213 -0.6222 -0.7139
vn -0.3650 -0.6362 -0.6796
vn -0.2326 -0.6929 -0.6825
vn -0.5132 -0.5270 -0.6774
vn -0.6908 -0.4718 -0.5479
vn -0.6677 -0.5387 -0.5138
vn -0.5223 -0.5767 -0.6281
vn -0.8009 -0.4762 -0.3629
vn -0.8244 -0.5359 -0.1822
vn -0.7920 -0.5721 -0.2131
vn -0.7623 -0.5374 -0.3607
vn -0.7754 -0.6299 -0.0434
vn -0.7737 -0.6268 -0.0919
vn -0.8107 -0.5463 0.2104
vn -0.7724 -0.6273 0.0997
vn -0.7782 -0.5887 0.2187
vn -0.7683 -0.6275 0.1263
vn -0.6926 -0.5163 0.5036
vn -0.7873 -0.5092 0.3475
vn -0.6760 -0.5857 0.4470
vn -0.7533 -0.5705 0.3269
vn -0.5367 -0.5613 0.6300
vn -0.3455 -0.6387 0.6875
vn -0.5246 -0.6365 0.5654
vn -0.1653 -0.7215 0.6724
vn -0.0550 -0.7930 0.6067
vn -0.0183 -0.8373 0.5465
vn -0.5364 -0.6483 0.5403
vn -0.6312 -0.6001 0.4914
vn -0.0973 -0.6696 -0.7363
vn -0.1838 -0.6568 -0.7313
vn -0.2112 -0.5743 -0.7909
vn -0.1117 -0.5812 -0.8060
vn -0.2793 -0.6332 -0.7218
vn -0.4049 -0.5995 -0.6904
vn -0.4424 -0.5362 -0.7188
vn -0.3156 -0.5593 -0.7665
vn -0.5446 -0.5630 -0.6216
vn -0.6726 -0.5370 -0.5091
vn -0.6973 -0.4893 -0.5237
vn -0.5763 -0.5101 -0.6385
vn -0.7609 -0.5320 -0.3715
vn -0.7989 -0.5510 -0.2412
vn -0.8279 -0.4911 -0.2709
vn -0.7836 -0.4819 -0.3920
vn -0.8003 -0.5858 -0.1280
vn -0.7858 -0.6171 -0.0417
vn -0.8452 -0.5296 -0.0711
vn -0.8440 -0.5109 -0.1631
vn -0.7774 -0.6288 0.0175
vn -0.7819 -0.6194 0.0705
vn -0.8439 -0.5321 0.0687
vn -0.8430 -0.5379 0.0026
vn -0.7931 -0.5937 0.1355
vn -0.7948 -0.5674 0.2154
vn -0.8437 -0.4950 0.2074
vn -0.8463 -0.5149 0.1361
vn -0.7769 -0.5531 0.3008
vn -0.7487 -0.5446 0.3779
vn -0.8168 -0.4621 0.3453
vn -0.8329 -0.4782 0.2786
vn -0.7989 -0.4401 0.4099
vn -0.7239 -0.5267 0.4455
vn -0.0875 0.9864 0.1386
vn -0.0868 0.9814 0.1711
vn -0.1758 0.9740 0.1427
vn -0.1732 0.9691 0.1756
vn -0.2591 0.9488 0.1806
vn -0.2655 0.9528 0.1471
vn -0.3586 0.9212 0.1505
vn -0.3472 0.9195 0.1841
vn -0.4396 0.8784 0.1873
vn -0.4547 0.8772 0.1543
vn -0.5492 0.8203 0.1597
vn -0.5316 0.8248 0.1925
vn -0.6158 0.7624 0.1989
vn -0.6355 0.7541 0.1657
vn -0.7120 0.6809 0.1717
vn -0.6915 0.6921 0.2068
vn -0.7608 0.6110 0.2189
vn -0.7800 0.5992 0.1803
vn -0.8357 0.5144 0.1921
vn -0.8176 0.5258 0.2345
vn -0.8604 0.4436 0.2508
vn -0.8784 0.4315 0.2056
vn -0.9116 0.3475 0.2197
vn -0.8935 0.3610 0.2671
vn -0.9190 0.2737 0.2836
vn -0.9372 0.2582 0.2344
vn -0.9545 0.1651 0.2484
vn -0.9362 0.1838 0.2994
vn -0.9451 0.0928 0.3133
vn -0.9629 0.0698 0.2608
vn -0.9614 -0.0353 0.2729
vn -0.9453 -0.0077 0.3261
vn -0.9326 -0.1217 0.3397
vn -0.9463 -0.1502 0.2860
vn -0.9170 -0.2611 0.3015
vn -0.9035 -0.2368 0.3571
vn -0.8591 -0.3420 0.3807
vn -0.8746 -0.3633 0.3211
vn -0.1201 -0.4853 -0.8660
vn -0.2308 -0.4812 -0.8456
vn -0.2445 -0.3871 -0.8890
vn -0.1250 -0.3890 -0.9127
vn -0.3450 -0.4706 -0.8121
vn -0.4759 -0.4539 -0.7533
vn -0.5008 -0.3693 -0.7828
vn -0.3667 -0.3804 -0.8490
vn -0.8870 -0.3804 0.2616
vn -0.8960 -0.3980 0.1968
vn -0.9278 -0.2803 0.2462
vn -0.9369 -0.2972 0.1838
vn -0.9004 -0.4158 0.1283
vn -0.9010 -0.4300 0.0572
vn -0.9432 -0.3116 0.1154
vn -0.9457 -0.3225 0.0411
vn -0.9000 -0.4356 -0.0171
vn -0.8965 -0.4319 -0.0984
vn -0.9437 -0.3285 -0.0378
vn -0.9357 -0.3308 -0.1223
vn -0.8852 -0.4229 -0.1935
vn -0.8599 -0.4138 -0.2988
vn -0.9177 -0.3318 -0.2183
vn -0.8861 -0.3327 -0.3225
vn -0.6085 -0.4351 -0.6635
vn -0.7262 -0.4194 -0.5447
vn -0.7492 -0.3445 -0.5657
vn -0.6330 -0.3565 -0.6872
vn -0.8115 -0.4113 -0.4150
vn -0.8345 -0.3360 -0.4367
vn -0.9748 -0.0596 0.2150
vn -0.9576 -0.1728 0.2306
vn -0.9854 -0.0778 0.1516
vn -0.9674 -0.1896 0.1679
vn -0.9744 -0.2015 0.0992
vn -0.9773 -0.2105 0.0239
vn -0.9923 -0.0907 0.0837
vn -0.9948 -0.1017 0.0095
vn -0.9742 -0.2184 -0.0559
vn -0.9637 -0.2271 -0.1405
vn -0.9911 -0.1134 -0.0691
vn -0.9800 -0.1272 -0.1528
vn -0.9420 -0.2379 -0.2367
vn -0.9065 -0.2486 -0.3412
vn -0.9577 -0.1442 -0.2490
vn -0.9209 -0.1622 -0.3545
vn -0.8519 -0.2587 -0.4553
vn -0.7655 -0.2697 -0.5841
vn -0.8646 -0.1786 -0.4697
vn -0.7774 -0.1924 -0.5988
vn -0.6495 -0.2806 -0.7067
vn -0.5175 -0.2898 -0.8051
vn -0.6614 -0.2020 -0.7223
vn -0.5290 -0.2071 -0.8230
vn -0.1279 -0.3013 -0.9449
vn -0.2535 -0.3004 -0.9195
vn -0.2601 -0.2110 -0.9422
vn -0.1304 -0.2119 -0.9685
vn -0.3814 -0.2967 -0.8755
vn -0.3915 -0.2094 -0.8960
vn -0.1323 -0.1216 -0.9837
vn -0.2645 -0.1205 -0.9568
vn -0.2664 -0.0389 -0.9630
vn -0.1331 -0.0395 -0.9903
vn -0.9712 0.1446 0.1896
vn -0.9784 0.0466 0.2014
vn -0.9837 0.1258 0.1283
vn -0.9900 0.0273 0.1385
vn -0.9973 0.0119 0.0723
vn -1.0000 -0.0029 0.0000
vn -0.9919 0.1087 0.0647
vn -0.9959 0.0902 -0.0053
vn -0.9968 -0.0190 -0.0770
vn -0.9864 -0.0368 -0.1602
vn -0.9943 0.0692 -0.0809
vn -0.9854 0.0462 -0.1639
vn -0.9648 -0.0579 -0.2565
vn -0.9284 -0.0805 -0.3627
vn -0.9653 0.0206 -0.2601
vn -0.9303 -0.0060 -0.3668
vn -0.8717 -0.1007 -0.4794
vn -0.7846 -0.1152 -0.6092
vn -0.8738 -0.0286 -0.4854
vn -0.7868 -0.0424 -0.6157
vn -0.3973 -0.1204 -0.9097
vn -0.5357 -0.1223 -0.8354
vn -0.5375 -0.0440 -0.8421
vn -0.3990 -0.0400 -0.9160
vn -0.6690 -0.1221 -0.7332
vn -0.6715 -0.0466 -0.7395
vn -0.0878 0.9911 0.0992
vn -0.0873 0.9947 0.0540
vn -0.1804 0.9818 0.0595
vn -0.1785 0.9785 0.1036
vn -0.0863 0.9962 0.0081
vn -0.0866 0.9956 -0.0359
vn -0.1816 0.9828 -0.0331
vn -0.1811 0.9834 0.0134
vn -0.0891 0.9924 -0.0850
vn -0.0920 0.9834 -0.1562
vn -0.1846 0.9704 -0.1556
vn -0.1831 0.9794 -0.0847
vn -0.0925 0.9613 -0.2596
vn -0.0917 0.9215 -0.3773
vn -0.1789 0.9092 -0.3759
vn -0.1831 0.9488 -0.2575
vn -0.0929 0.8669 -0.4897
vn -0.0948 0.7894 -0.6065
vn -0.1748 0.7783 -0.6031
vn -0.1762 0.8541 -0.4893
vn -0.9284 0.3322 0.1666
vn -0.9541 0.2408 0.1777
vn -0.9425 0.3148 0.1117
vn -0.9675 0.2231 0.1192
vn -0.8950 0.4176 0.1568
vn -0.8524 0.5015 0.1478
vn -0.8681 0.4860 0.1005
vn -0.9100 0.4009 0.1057
vn -0.2719 0.9562 0.1081
vn -0.3684 0.9228 0.1126
vn -0.2769 0.9586 0.0657
vn -0.3755 0.9239 0.0727
vn -0.4670 0.8763 0.1178
vn -0.5637 0.8166 0.1239
vn -0.4761 0.8757 0.0797
vn -0.5755 0.8133 0.0857
vn -0.7975 0.5867 0.1401
vn -0.7302 0.6699 0.1344
vn -0.7469 0.6584 0.0931
vn -0.8142 0.5725 0.0962
vn -0.6525 0.7466 0.1296
vn -0.6672 0.7394 0.0901
vn -0.2797 0.9597 -0.0275
vn -0.2795 0.9599 0.0207
vn -0.3800 0.9248 -0.0193
vn -0.3793 0.9248 0.0295
vn -0.9770 0.2049 0.0589
vn -0.9830 0.1834 -0.0084
vn -0.9538 0.2952 0.0548
vn -0.9624 0.2716 -0.0096
vn -0.4825 0.8751 0.0380
vn -0.5852 0.8097 0.0438
vn -0.4863 0.8737 -0.0112
vn -0.5932 0.8050 -0.0057
vn -0.6799 0.7318 0.0469
vn -0.7618 0.6460 0.0484
vn -0.6912 0.7226 -0.0034
vn -0.7752 0.6317 -0.0036
vn -0.8294 0.5564 0.0493
vn -0.8825 0.4675 0.0507
vn -0.8433 0.5373 -0.0052
vn -0.8955 0.4450 -0.0073
vn -0.9231 0.3808 0.0524
vn -0.9342 0.3565 -0.0089
vn -0.9839 0.1583 -0.0823
vn -0.9776 0.1308 -0.1649
vn -0.9662 0.2443 -0.0817
vn -0.9629 0.2146 -0.1633
vn -0.2772 0.9487 -0.1519
vn -0.2787 0.9569 -0.0811
vn -0.3763 0.9149 -0.1457
vn -0.3787 0.9225 -0.0746
vn -0.4880 0.8702 -0.0679
vn -0.5993 0.7980 -0.0633
vn -0.4876 0.8619 -0.1389
vn -0.6023 0.7869 -0.1342
vn -0.7006 0.7108 -0.0620
vn -0.7865 0.6142 -0.0639
vn -0.7065 0.6951 -0.1329
vn -0.7941 0.5923 -0.1359
vn -0.9412 0.3286 -0.0789
vn -0.9053 0.4183 -0.0741
vn -0.9095 0.3870 -0.1515
vn -0.9413 0.2976 -0.1588
vn -0.8549 0.5143 -0.0684
vn -0.8621 0.4862 -0.1429
vn -0.9602 0.1008 -0.2605
vn -0.9274 0.0706 -0.3673
vn -0.9488 0.1824 -0.2578
vn -0.9192 0.1495 -0.3641
vn -0.9313 0.2634 -0.2516
vn -0.9045 0.3509 -0.2424
vn -0.8845 0.3111 -0.3475
vn -0.9059 0.2274 -0.3573
vn -0.8611 0.4523 -0.2321
vn -0.7938 0.5651 -0.2247
vn -0.7807 0.5305 -0.3302
vn -0.8463 0.4125 -0.3369
vn -0.7042 0.6740 -0.2232
vn -0.5978 0.7687 -0.2273
vn -0.5814 0.7391 -0.3401
vn -0.6894 0.6440 -0.3315
vn -0.4814 0.8444 -0.2351
vn -0.3699 0.8963 -0.2443
vn -0.3572 0.8607 -0.3627
vn -0.4656 0.8121 -0.3518
vn -0.2643 0.8902 -0.3710
vn -0.2727 0.9284 -0.2523
vn -0.8718 0.0454 -0.4877
vn -0.7849 0.0308 -0.6188
vn -0.8655 0.1211 -0.4859
vn -0.7797 0.1031 -0.6175
vn -0.8555 0.1939 -0.4801
vn -0.8399 0.2702 -0.4706
vn -0.7637 0.2356 -0.6010
vn -0.7725 0.1697 -0.6118
vn -0.8108 0.3652 -0.4573
vn -0.7548 0.4833 -0.4434
vn -0.7158 0.4246 -0.5543
vn -0.7487 0.3167 -0.5823
vn -0.6658 0.6034 -0.4388
vn -0.5554 0.6995 -0.4498
vn -0.5236 0.6527 -0.5475
vn -0.6391 0.5534 -0.5341
vn -0.4430 0.7656 -0.4663
vn -0.3419 0.8088 -0.4785
vn -0.3292 0.7373 -0.5898
vn -0.4197 0.7031 -0.5740
vn -0.2498 0.7617 -0.5979
vn -0.2556 0.8359 -0.4857
vn -0.1325 0.0410 -0.9903
vn -0.2656 0.0403 -0.9632
vn -0.2625 0.1204 -0.9574
vn -0.1308 0.1236 -0.9836
vn -0.6698 0.0273 -0.7420
vn -0.6650 0.0982 -0.7403
vn -0.5294 0.1043 -0.8419
vn -0.5349 0.0317 -0.8443
vn -0.3970 0.0376 -0.9171
vn -0.3920 0.1138 -0.9129
vn -0.3850 0.1763 -0.9059
vn -0.2553 0.1947 -0.9470
vn -0.5244 0.1632 -0.8357
vn -0.5168 0.2175 -0.8280
vn -0.3769 0.2225 -0.8991
vn -0.2393 0.2762 -0.9308
vn -0.1270 0.2071 -0.9700
vn -0.1151 0.2984 -0.9474
vn -0.6589 0.2127 -0.7215
vn -0.6599 0.1598 -0.7341
vn -0.5075 0.5569 -0.6575
vn -0.5996 0.5043 -0.6214
vn -0.5347 0.4287 -0.7281
vn -0.6417 0.3891 -0.6608
vn -0.0932 0.6799 -0.7273
vn -0.0891 0.5512 -0.8296
vn -0.1601 0.5556 -0.8159
vn -0.1702 0.6750 -0.7178
vn -0.2498 0.6587 -0.7097
vn -0.3247 0.6326 -0.7031
vn -0.2510 0.5412 -0.8025
vn -0.3378 0.4843 -0.8071
vn -0.4071 0.6043 -0.6848
vn -0.4188 0.4821 -0.7695
vn -0.4129 0.3225 -0.8517
vn -0.3672 0.2959 -0.8818
vn -0.3031 0.3536 -0.8849
vn -0.0957 0.4163 -0.9042
vn -0.1722 0.4110 -0.8952
vn -0.4608 0.3584 -0.8119
vn -0.5599 0.3023 -0.7714
vn -0.6599 0.2866 -0.6945
vn -0.2391 0.4291 -0.8710
vn 0.7011 -0.1648 -0.6937
vn 0.6973 -0.1530 -0.7002
vn 0.9185 -0.1739 -0.3550
vn 0.9189 -0.1862 -0.3477
vn 0.6923 -0.1778 -0.6993
vn 0.9139 -0.1916 -0.3578
vn 0.9789 -0.2040 0.0021
vn 0.9821 -0.1885 0.0055
vn 0.9808 -0.1947 0.0098
vn 0.9155 -0.1897 0.3547
vn 0.9209 -0.1845 0.3434
vn 0.9089 -0.2095 0.3604
vn 0.6949 -0.1940 0.6924
vn 0.7193 -0.1660 0.6746
vn 0.7502 -0.1414 0.6459
vn 0.3966 -0.1187 0.9102
vn 0.4462 -0.0691 0.8922
vn 0.3585 -0.1535 0.9208
vn -0.0573 -0.1068 0.9926
vn -0.0405 -0.0717 0.9966
vn -0.0251 -0.0075 0.9996
vn -0.4682 -0.0444 0.8824
vn -0.4891 0.0041 0.8722
vn -0.4620 -0.0685 0.8842
vn -0.7535 -0.0432 0.6561
vn -0.7592 -0.0338 0.6499
vn -0.7763 -0.0154 0.6301
vn -0.9329 -0.0288 0.3590
vn -0.9393 -0.0334 0.3415
vn -0.9297 -0.0295 0.3670
vn -0.9991 -0.0334 0.0266
vn -0.9995 -0.0308 0.0099
vn -0.9990 -0.0445 -0.0056
vn -0.9290 -0.0425 -0.3674
vn -0.9227 -0.0549 -0.3815
vn -0.9366 -0.0551 -0.3461
vn -0.7165 -0.0846 -0.6924
vn -0.7017 -0.0613 -0.7098
vn -0.6919 -0.0689 -0.7186
vn -0.3628 -0.0824 -0.9282
vn -0.3532 -0.0842 -0.9317
vn -0.3810 -0.1127 -0.9176
vn -0.0203 -0.1385 -0.9901
vn -0.0046 -0.1043 -0.9945
vn 0.0057 -0.1035 -0.9946
vn 0.3550 -0.1279 -0.9261
vn 0.3640 -0.1324 -0.9219
vn 0.3466 -0.1603 -0.9242
vn 0.6945 -0.1511 -0.7034
vn 0.6926 -0.1350 -0.7086
vn 0.9080 -0.1505 -0.3909
vn 0.9084 -0.1697 -0.3820
vn 0.6788 -0.1545 -0.7179
vn 0.8953 -0.1809 -0.4069
vn 0.9762 -0.2094 -0.0560
vn 0.9839 -0.1754 -0.0343
vn 0.9810 -0.1930 -0.0194
vn 0.9206 -0.1964 0.3374
vn 0.9200 -0.2016 0.3359
vn 0.9163 -0.2289 0.3284
vn 0.7095 -0.2246 0.6679
vn 0.7259 -0.1886 0.6615
vn 0.7489 -0.1694 0.6406
vn 0.4260 -0.1596 0.8905
vn 0.4606 -0.1064 0.8812
vn 0.4053 -0.2068 0.8905
vn 0.0128 -0.1971 0.9803
vn 0.0090 -0.1425 0.9897
vn 0.0049 -0.0650 0.9979
vn -0.4329 -0.1384 0.8907
vn -0.4660 -0.0735 0.8817
vn -0.4143 -0.1872 0.8907
vn -0.7403 -0.1623 0.6524
vn -0.7479 -0.1265 0.6515
vn -0.7665 -0.0949 0.6352
vn -0.9312 -0.1016 0.3499
vn -0.9353 -0.0973 0.3402
vn -0.9303 -0.1242 0.3452
vn -0.9963 -0.0849 -0.0085
vn -0.9973 -0.0731 -0.0059
vn -0.9965 -0.0829 -0.0101
vn -0.9261 -0.0531 -0.3735
vn -0.9230 -0.0666 -0.3789
vn -0.9282 -0.0598 -0.3673
vn -0.7327 -0.0584 -0.6780
vn -0.7219 -0.0508 -0.6901
vn -0.7125 -0.0632 -0.6988
vn -0.4145 -0.0649 -0.9077
vn -0.3976 -0.0760 -0.9144
vn -0.4334 -0.0750 -0.8981
vn -0.0661 -0.0998 -0.9928
vn -0.0443 -0.0898 -0.9950
vn -0.0233 -0.1013 -0.9946
vn 0.3491 -0.1162 -0.9298
vn 0.3623 -0.1296 -0.9230
vn 0.3308 -0.1270 -0.9351
vn -0.0069 -0.8263 -0.5631
vn -0.0059 -0.3968 -0.9178
vn 0.3390 -0.4290 -0.8372
vn 0.2005 -0.8385 -0.5066
vn -0.0049 -0.1628 -0.9866
vn 0.3701 -0.1964 -0.9080
vn 0.6854 -0.2338 -0.6896
vn 0.6225 -0.4644 -0.6298
vn 0.3670 -0.8509 -0.3758
vn -0.4185 -0.8085 -0.4137
vn -0.6617 -0.3618 -0.6567
vn -0.3585 -0.3727 -0.8559
vn -0.2250 -0.8154 -0.5334
vn -0.7034 -0.1263 -0.6995
vn -0.3818 -0.1373 -0.9140
vn -0.5743 -0.8186 -0.0086
vn -0.9259 -0.3775 -0.0118
vn -0.8623 -0.3661 -0.3498
vn -0.5422 -0.8113 -0.2185
vn -0.9895 -0.1436 -0.0119
vn -0.9179 -0.1317 -0.3743
vn -0.4728 -0.8233 0.3140
vn -0.7672 -0.3558 0.5336
vn -0.8820 -0.3769 0.2827
vn -0.5442 -0.8220 0.1677
vn -0.8079 -0.0822 0.5836
vn -0.9408 -0.1344 0.3111
vn -0.0090 -0.8477 0.5304
vn -0.0052 -0.3439 0.9390
vn -0.5144 -0.3339 0.7898
vn -0.3189 -0.8338 0.4506
vn 0.0034 0.0299 0.9995
vn -0.5327 0.0014 0.8463
vn 0.4162 -0.8638 0.2839
vn 0.7268 -0.4556 0.5140
vn 0.4958 -0.3904 0.7757
vn 0.2885 -0.8574 0.4261
vn 0.7931 -0.1854 0.5801
vn 0.5323 -0.0580 0.8445
vn 0.4862 -0.8738 -0.0072
vn 0.8563 -0.5164 -0.0105
vn 0.8208 -0.5042 0.2683
vn 0.4656 -0.8726 0.1474
vn 0.9569 -0.2900 -0.0096
vn 0.9129 -0.2679 0.3080
vn 0.8020 -0.4976 -0.3304
vn 0.4641 -0.8647 -0.1922
vn 0.8908 -0.2698 -0.3656
vn -0.0074 -0.8480 -0.5299
vn -0.0034 -0.4225 -0.9063
vn 0.3350 -0.4567 -0.8241
vn 0.1895 -0.8587 -0.4762
vn 0.0049 -0.1573 -0.9875
vn 0.3720 -0.1993 -0.9066
vn 0.6904 -0.2430 -0.6814
vn 0.6173 -0.4883 -0.6168
vn 0.3515 -0.8662 -0.3550
vn -0.4075 -0.8232 -0.3953
vn -0.6564 -0.3809 -0.6512
vn -0.3512 -0.3982 -0.8473
vn -0.2159 -0.8357 -0.5049
vn -0.6958 -0.1309 -0.7061
vn -0.3669 -0.1381 -0.9199
vn -0.5850 -0.8110 -0.0028
vn -0.9361 -0.3515 -0.0086
vn -0.8638 -0.3663 -0.3460
vn -0.5392 -0.8157 -0.2094
vn -0.9938 -0.1100 -0.0120
vn -0.9184 -0.1226 -0.3761
vn -0.5063 -0.7927 0.3395
vn -0.7882 -0.2826 0.5466
vn -0.9008 -0.3252 0.2877
vn -0.5695 -0.8025 0.1780
vn -0.8144 -0.0094 0.5802
vn -0.9479 -0.0766 0.3092
vn -0.0105 -0.8077 0.5894
vn -0.0067 -0.2606 0.9654
vn -0.5279 -0.2485 0.8121
vn -0.3450 -0.7956 0.4979
vn -0.0031 0.0952 0.9954
vn -0.5371 0.0743 0.8402
vn 0.4454 -0.8411 0.3068
vn 0.7480 -0.4001 0.5295
vn 0.5074 -0.3186 0.8007
vn 0.3117 -0.8250 0.4714
vn 0.8014 -0.1309 0.5835
vn 0.5303 -0.0010 0.8478
vn 0.4909 -0.8712 -0.0025
vn 0.8673 -0.4977 -0.0036
vn 0.8409 -0.4657 0.2754
vn 0.4852 -0.8604 0.1556
vn 0.9670 -0.2546 0.0011
vn 0.9252 -0.2176 0.3109
vn 0.8029 -0.5031 -0.3197
vn 0.4550 -0.8716 -0.1823
vn 0.8997 -0.2613 -0.3497
vn 0.1011 -0.9926 0.0667
vn 0.1070 -0.9937 0.0334
vn 0.0109 -0.9999 0.0068
vn 0.0098 -0.9999 0.0027
vn 0.0084 -0.9999 0.0000
vn 0.1041 -0.9945 -0.0000
vn 0.0786 -0.9938 -0.0786
vn 0.0407 -0.9940 -0.1015
vn 0.0088 -0.9999 -0.0086
vn 0.0032 -0.9999 -0.0089
vn -0.0001 -0.9999 -0.0085
vn -0.0015 -0.9939 -0.1099
vn -0.0931 -0.9916 -0.0894
vn -0.1203 -0.9917 -0.0457
vn -0.0103 -0.9999 -0.0097
vn -0.0106 -0.9999 -0.0035
vn -0.0101 -0.9999 0.0000
vn -0.1277 -0.9918 -0.0001
vn -0.1181 -0.9901 0.0755
vn -0.0772 -0.9917 0.1025
vn -0.0126 -0.9999 0.0076
vn -0.0062 -0.9999 0.0087
vn -0.0002 -0.9999 0.0080
vn -0.0020 -0.9935 0.1133
vn 0.0684 -0.9931 0.0953
vn 0.0055 -0.9999 0.0081
vn 0.0990 -0.9943 -0.0387
vn 0.0089 -0.9999 -0.0031
vn -0.0469 -0.9929 -0.1092
vn -0.0037 -0.9999 -0.0096
vn -0.1290 -0.9908 0.0392
vn -0.0116 -0.9999 0.0031
vn -0.0016 -0.9925 -0.1221
vn -0.0508 -0.9914 -0.1202
vn -0.0001 -0.9999 -0.0094
vn -0.0040 -0.9999 -0.0106
vn -0.0108 -0.9999 -0.0105
vn -0.0985 -0.9904 -0.0969
vn -0.1265 -0.9919 -0.0015
vn -0.1230 -0.9917 0.0367
vn -0.0100 -0.9999 -0.0001
vn -0.0111 -0.9999 0.0030
vn -0.0117 -0.9999 0.0070
vn -0.1088 -0.9916 0.0690
vn 0.0925 -0.9939 0.0605
vn 0.1014 -0.9944 0.0310
vn 0.0100 -0.9999 0.0063
vn 0.0093 -0.9999 0.0025
vn 0.0083 -0.9999 -0.0001
vn 0.1032 -0.9946 -0.0013
vn 0.0840 -0.9927 -0.0858
vn 0.0443 -0.9927 -0.1123
vn 0.0093 -0.9999 -0.0095
vn 0.0034 -0.9999 -0.0099
vn -0.1237 -0.9911 -0.0490
vn -0.0110 -0.9999 -0.0038
vn -0.0697 -0.9934 0.0910
vn -0.0057 -0.9999 0.0079
vn -0.0002 -1.0000 0.0071
vn -0.0019 -0.9950 0.0993
vn 0.0613 -0.9945 0.0843
vn 0.0050 -0.9999 0.0073
vn 0.1024 -0.9939 -0.0418
vn 0.0092 -0.9999 -0.0034
vn -0.0099 -0.1260 -0.9919
vn 0.3695 -0.1572 -0.9158
vn 0.6916 -0.1877 -0.6975
vn -0.7068 -0.0892 -0.7018
vn -0.3869 -0.1008 -0.9166
vn -0.9941 -0.1073 -0.0130
vn -0.9206 -0.0940 -0.3790
vn -0.7904 -0.0664 0.6089
vn -0.9401 -0.1051 0.3244
vn 0.0049 0.0325 0.9995
vn -0.5039 0.0033 0.8637
vn 0.7763 -0.1578 0.6102
vn 0.5034 -0.0455 0.8628
vn 0.9713 -0.2376 -0.0120
vn 0.9186 -0.2260 0.3240
vn 0.9019 -0.2163 -0.3739
vn 0.0089 -0.1173 -0.9930
vn 0.3713 -0.1549 -0.9155
vn 0.6995 -0.1955 -0.6873
vn -0.6914 -0.0920 -0.7165
vn -0.3565 -0.1001 -0.9289
vn -0.9973 -0.0713 -0.0130
vn -0.9198 -0.0828 -0.3835
vn -0.7982 0.0068 0.6024
vn -0.9456 -0.0451 0.3222
vn -0.0108 0.0859 0.9962
vn -0.5160 0.0722 0.8535
vn 0.7824 -0.1150 0.6120
vn 0.4975 -0.0022 0.8675
vn 0.9770 -0.2132 0.0074
vn 0.9264 -0.1865 0.3270
vn 0.9131 -0.2146 -0.3468
vn 0.6651 -0.2609 0.6997
vn 0.3230 -0.2134 0.9220
vn -0.0846 -0.1549 0.9843
vn -0.4715 -0.0972 0.8765
vn -0.7577 -0.0586 0.6500
vn -0.9298 -0.0428 0.3655
vn -0.9972 -0.0608 0.0429
vn -0.9435 -0.1138 -0.3111
vn -0.7368 -0.1792 -0.6518
vn -0.4107 -0.2285 -0.8826
vn -0.0495 -0.2615 -0.9639
vn 0.3259 -0.2832 -0.9020
vn 0.6767 -0.2932 -0.6754
vn 0.8965 -0.2906 -0.3344
vn 0.9583 -0.2850 0.0193
vn 0.8857 -0.2808 0.3696
vn 0.8282 -0.4180 0.3734
vn 0.6836 -0.3263 0.6528
vn 0.3765 -0.3069 0.8741
vn -0.0037 -0.2845 0.9586
vn -0.4164 -0.2534 0.8731
vn -0.7417 -0.2124 0.6362
vn -0.9312 -0.1625 0.3263
vn -0.9934 -0.1132 -0.0191
vn -0.9281 -0.0841 -0.3626
vn -0.7426 -0.0860 -0.6641
vn -0.4520 -0.1092 -0.8853
vn -0.0911 -0.1427 -0.9855
vn 0.2948 -0.1864 -0.9372
vn 0.6340 -0.2415 -0.7346
vn 0.8520 -0.2911 -0.4349
vn 0.9422 -0.3235 -0.0870
vn 0.8919 -0.3348 0.3041
vn 0.7606 -0.5697 0.3112
vn 0.0912 0.9746 0.2043
vn 0.0418 0.9783 0.2028
vn 0.0448 0.9735 0.2241
vn 0.0950 0.9700 0.2236
vn 0.0000 0.9796 0.2009
vn 0.0000 0.9606 0.2778
vn 0.0507 0.9595 0.2770
vn 0.1033 0.9566 0.2725
vn 0.0000 -0.8592 -0.5115
vn 0.0676 -0.8525 -0.5184
vn 0.0642 -0.8587 -0.5084
vn 0.0000 -0.8647 -0.5022
vn 0.1297 -0.8334 -0.5372
vn 0.1244 -0.8418 -0.5252
vn 0.1189 -0.8610 -0.4945
vn 0.0602 -0.8740 -0.4822
vn 0.0000 -0.8787 -0.4772
vn 0.1978 -0.8021 -0.5635
vn 0.1916 -0.8141 -0.5481
vn 0.2811 -0.7562 -0.5908
vn 0.2747 -0.7725 -0.5725
vn 0.2726 -0.8040 -0.5284
vn 0.1874 -0.8393 -0.5104
vn 0.3758 -0.6934 -0.6147
vn 0.3696 -0.7130 -0.5958
vn 0.4763 -0.6105 -0.6328
vn 0.4714 -0.6321 -0.6150
vn 0.4728 -0.6729 -0.5689
vn 0.3691 -0.7499 -0.5490
vn 0.5765 -0.5054 -0.6420
vn 0.5742 -0.5278 -0.6258
vn 0.6726 -0.3741 -0.6384
vn 0.6736 -0.3966 -0.6237
vn 0.6822 -0.4444 -0.5806
vn 0.5788 -0.5719 -0.5812
vn 0.7507 -0.2270 -0.6203
vn 0.7559 -0.2470 -0.6062
vn 0.8071 -0.0833 -0.5846
vn 0.8159 -0.0964 -0.5701
vn 0.8347 -0.1370 -0.5334
vn 0.7699 -0.2956 -0.5656
vn 0.8509 0.0616 -0.5217
vn 0.8599 0.0584 -0.5070
vn 0.8745 0.2083 -0.4379
vn 0.8797 0.2106 -0.4263
vn 0.8916 0.1916 -0.4102
vn 0.8773 0.0302 -0.4790
vn 0.8722 0.3415 -0.3501
vn 0.8739 0.3442 -0.3432
vn 0.8458 0.4666 -0.2587
vn 0.8463 0.4677 -0.2548
vn 0.8542 0.4550 -0.2513
vn 0.8819 0.3314 -0.3353
vn 0.7905 0.5886 -0.1690
vn 0.7929 0.5859 -0.1672
vn 0.7135 0.6940 -0.0963
vn 0.7200 0.6877 -0.0932
vn 0.7430 0.6640 -0.0837
vn 0.8072 0.5671 -0.1639
vn 0.6342 0.7720 -0.0412
vn 0.6438 0.7644 -0.0341
vn 0.5636 0.8260 0.0060
vn 0.5737 0.8189 0.0170
vn 0.6025 0.7969 0.0431
vn 0.6722 0.7402 -0.0150
vn 0.4967 0.8661 0.0548
vn 0.5048 0.8606 0.0674
vn 0.4298 0.8971 0.1026
vn 0.4352 0.8931 0.1137
vn 0.4554 0.8795 0.1381
vn 0.5303 0.8425 0.0949
vn 0.3093 0.9361 0.1674
vn 0.2524 0.9499 0.1840
vn 0.2566 0.9467 0.1945
vn 0.3127 0.9334 0.1760
vn 0.1979 0.9608 0.1939
vn 0.2023 0.9570 0.2077
vn 0.2131 0.9459 0.2446
vn 0.2680 0.9371 0.2235
vn 0.3246 0.9247 0.1989
vn 0.3674 0.9193 0.1408
vn 0.3710 0.9165 0.1498
vn 0.3858 0.9065 0.1713
vn 0.1450 0.9688 0.2008
vn 0.1488 0.9646 0.2177
vn 0.1582 0.9522 0.2614
vn 0.1187 -0.8853 -0.4497
vn 0.0589 -0.8952 -0.4416
vn 0.1227 -0.9120 -0.3915
vn 0.0603 -0.9203 -0.3866
vn 0.0000 -0.9232 -0.3844
vn 0.0000 -0.8989 -0.4382
vn 0.1896 -0.8678 -0.4592
vn 0.2756 -0.8376 -0.4715
vn 0.2805 -0.8692 -0.4072
vn 0.1955 -0.8964 -0.3977
vn 0.3718 -0.7887 -0.4895
vn 0.4769 -0.7158 -0.5101
vn 0.4787 -0.7555 -0.4473
vn 0.3742 -0.8247 -0.4240
vn 0.5864 -0.6173 -0.5244
vn 0.6937 -0.4925 -0.5256
vn 0.7012 -0.5332 -0.4732
vn 0.5906 -0.6579 -0.4673
vn 0.7852 -0.3457 -0.5136
vn 0.8534 -0.1838 -0.4878
vn 0.8665 -0.2284 -0.4438
vn 0.7954 -0.3889 -0.4647
vn 0.8964 -0.0092 -0.4432
vn 0.9098 0.1582 -0.3837
vn 0.9323 0.1128 -0.3436
vn 0.9136 -0.0535 -0.4030
vn 0.8998 0.3033 -0.3135
vn 0.8734 0.4289 -0.2307
vn 0.9030 0.3859 -0.1885
vn 0.9269 0.2581 -0.2723
vn 0.8315 0.5372 -0.1416
vn 0.7743 0.6303 -0.0567
vn 0.8101 0.5860 -0.0153
vn 0.8639 0.4938 -0.0992
vn 0.7072 0.7067 0.0172
vn 0.6375 0.7664 0.0785
vn 0.6731 0.7302 0.1171
vn 0.7443 0.6654 0.0566
vn 0.5638 0.8155 0.1303
vn 0.4864 0.8566 0.1722
vn 0.5232 0.8246 0.2149
vn 0.5991 0.7824 0.1700
vn 0.4118 0.8876 0.2063
vn 0.3437 0.9082 0.2387
vn 0.3699 0.8809 0.2953
vn 0.4463 0.8577 0.2552
vn 0.2822 0.9204 0.2705
vn 0.2248 0.9276 0.2983
vn 0.2377 0.9008 0.3634
vn 0.2997 0.8941 0.3327
vn 0.1682 0.9323 0.3200
vn 0.1116 0.9357 0.3347
vn 0.1198 0.9075 0.4025
vn 0.1785 0.9047 0.3869
vn 0.0000 0.8242 0.5663
vn 0.0703 0.8235 0.5630
vn 0.0658 0.8722 0.4847
vn 0.0000 0.8730 0.4877
vn 0.1359 0.8217 0.5534
vn 0.1278 0.8704 0.4754
vn 0.0612 0.9096 0.4108
vn 0.0000 0.9106 0.4134
vn 0.0000 0.6716 0.7409
vn 0.0833 0.6706 0.7371
vn 0.0759 0.7591 0.6465
vn 0.0000 0.7600 0.6499
vn 0.1603 0.6670 0.7276
vn 0.1464 0.7563 0.6376
vn 0.0000 0.4063 0.9137
vn 0.0951 0.4070 0.9084
vn 0.0907 0.5502 0.8300
vn 0.0000 0.5506 0.8347
vn 0.1859 0.4070 0.8943
vn 0.1751 0.5480 0.8180
vn 0.0000 0.1181 0.9930
vn 0.0961 0.1169 0.9885
vn 0.0960 0.2622 0.9602
vn 0.0000 0.2615 0.9652
vn 0.1939 0.1137 0.9744
vn 0.1913 0.2626 0.9457
vn 0.0000 -0.4834 0.8754
vn 0.0948 -0.4810 0.8715
vn 0.0995 -0.3475 0.9324
vn 0.0000 -0.3476 0.9376
vn 0.1790 -0.4737 0.8623
vn 0.1896 -0.3448 0.9193
vn 0.1950 -0.1994 0.9603
vn 0.1001 -0.1953 0.9756
vn 0.0000 -0.1926 0.9813
vn 0.0000 -0.7427 0.6695
vn 0.0805 -0.7410 0.6666
vn 0.0876 -0.6093 0.7881
vn 0.0000 -0.6118 0.7910
vn 0.1532 -0.7362 0.6591
vn 0.1657 -0.6021 0.7810
vn 0.0000 -0.9053 0.4248
vn 0.0739 -0.9039 0.4212
vn 0.0757 -0.8438 0.5312
vn 0.0000 -0.8451 0.5346
vn 0.1429 -0.9000 0.4117
vn 0.1452 -0.8402 0.5224
vn 0.0000 -0.9662 0.2579
vn 0.0727 -0.9641 0.2552
vn 0.0734 -0.9399 0.3334
vn 0.0000 -0.9416 0.3368
vn 0.1434 -0.9580 0.2482
vn 0.1433 -0.9349 0.3245
vn 0.0000 -0.9931 0.1169
vn 0.0710 -0.9908 0.1150
vn 0.0717 -0.9805 0.1828
vn 0.0000 -0.9827 0.1849
vn 0.1415 -0.9838 0.1102
vn 0.1426 -0.9737 0.1775
vn 0.0000 -0.9999 -0.0105
vn 0.0700 -0.9975 -0.0122
vn 0.0705 -0.9962 0.0505
vn 0.0000 -0.9986 0.0524
vn 0.1401 -0.9900 -0.0168
vn 0.1407 -0.9890 0.0456
vn 0.0000 -0.9914 -0.1305
vn 0.0691 -0.9887 -0.1326
vn 0.0694 -0.9949 -0.0727
vn 0.0000 -0.9975 -0.0710
vn 0.1384 -0.9807 -0.1379
vn 0.1392 -0.9872 -0.0773
vn 0.0000 -0.9672 -0.2540
vn 0.0669 -0.9645 -0.2554
vn 0.0687 -0.9788 -0.1931
vn 0.0000 -0.9816 -0.1910
vn 0.1341 -0.9566 -0.2587
vn 0.1372 -0.9705 -0.1980
vn 0.0000 -0.9473 -0.3202
vn 0.0636 -0.9448 -0.3215
vn 0.1286 -0.9371 -0.3244
vn 0.2856 -0.8971 -0.3372
vn 0.2024 -0.9224 -0.3290
vn 0.2889 -0.9178 -0.2721
vn 0.2080 -0.9419 -0.2637
vn 0.3754 -0.8570 -0.3529
vn 0.4769 -0.7935 -0.3778
vn 0.4712 -0.8265 -0.3080
vn 0.3742 -0.8820 -0.2864
vn 0.5909 -0.6991 -0.4024
vn 0.7066 -0.5748 -0.4125
vn 0.7093 -0.6196 -0.3360
vn 0.5870 -0.7398 -0.3287
vn 0.8032 -0.4331 -0.4090
vn 0.8759 -0.2759 -0.3959
vn 0.8794 -0.3371 -0.3360
vn 0.8080 -0.4844 -0.3354
vn 0.9293 -0.1011 -0.3552
vn 0.9548 0.0577 -0.2915
vn 0.9755 -0.0454 -0.2153
vn 0.9420 -0.1669 -0.2910
vn 0.9537 0.2028 -0.2222
vn 0.9305 0.3393 -0.1377
vn 0.9570 0.2792 -0.0791
vn 0.9743 0.1427 -0.1741
vn 0.8924 0.4483 -0.0509
vn 0.8404 0.5411 0.0280
vn 0.8623 0.5014 0.0704
vn 0.9088 0.4171 -0.0056
vn 0.7780 0.6209 0.0958
vn 0.7068 0.6897 0.1571
vn 0.7406 0.6408 0.2023
vn 0.8083 0.5729 0.1359
vn 0.6332 0.7437 0.2144
vn 0.5604 0.7847 0.2649
vn 0.5984 0.7327 0.3241
vn 0.6684 0.6940 0.2675
vn 0.4830 0.8179 0.3125
vn 0.3991 0.8431 0.3605
vn 0.4310 0.7911 0.4339
vn 0.5209 0.7649 0.3788
vn 0.3197 0.8578 0.4023
vn 0.2516 0.8647 0.4347
vn 0.2680 0.8155 0.5130
vn 0.3433 0.8074 0.4797
vn 0.1890 0.8681 0.4590
vn 0.2004 0.8193 0.5371
vn 0.2109 -0.9558 -0.2048
vn 0.2122 -0.9664 -0.1452
vn 0.2900 -0.9327 -0.2143
vn 0.2904 -0.9443 -0.1544
vn 0.2130 -0.9734 -0.0840
vn 0.2910 -0.9522 -0.0923
vn 0.2912 -0.9561 -0.0325
vn 0.2135 -0.9767 -0.0238
vn 0.2135 -0.9762 0.0382
vn 0.2911 -0.9562 0.0291
vn 0.2917 -0.9518 0.0945
vn 0.2139 -0.9714 0.1032
vn 0.2146 -0.9618 0.1699
vn 0.2919 -0.9430 0.1598
vn 0.2900 -0.9303 0.2243
vn 0.2140 -0.9474 0.2378
vn 0.2116 -0.9265 0.3113
vn 0.2861 -0.9117 0.2947
vn 0.2809 -0.8821 0.3779
vn 0.2088 -0.8936 0.3974
vn 0.2095 -0.8348 0.5091
vn 0.2778 -0.8265 0.4896
vn 0.2857 -0.7193 0.6332
vn 0.2189 -0.7291 0.6485
vn 0.2360 -0.5906 0.7717
vn 0.3075 -0.5740 0.7589
vn 0.3345 -0.4409 0.8329
vn 0.2557 -0.4605 0.8500
vn 0.2730 -0.3363 0.9013
vn 0.3581 -0.3221 0.8763
vn 0.3753 -0.1934 0.9065
vn 0.2848 -0.1990 0.9377
vn 0.2904 0.1100 0.9505
vn 0.2849 0.2600 0.9226
vn 0.3874 0.1057 0.9158
vn 0.3798 0.2531 0.8898
vn 0.3640 0.3931 0.8444
vn 0.2738 0.4030 0.8733
vn 0.2564 0.5418 0.8004
vn 0.3411 0.5304 0.7761
vn 0.3145 0.6505 0.6913
vn 0.2352 0.6605 0.7130
vn 0.2155 0.7519 0.6231
vn 0.2891 0.7453 0.6008
vn 0.9365 -0.2712 -0.2224
vn 0.8828 -0.4042 -0.2392
vn 0.9556 -0.2495 -0.1565
vn 0.8918 -0.4271 -0.1489
vn 0.8096 -0.5321 -0.2478
vn 0.8122 -0.5589 -0.1671
vn 0.7073 -0.6841 -0.1778
vn 0.7081 -0.6584 -0.2549
vn 0.5811 -0.7729 -0.2547
vn 0.5784 -0.7955 -0.1805
vn 0.4615 -0.8697 -0.1746
vn 0.4645 -0.8516 -0.2426
vn 0.3718 -0.9001 -0.2270
vn 0.3707 -0.9140 -0.1646
vn 0.3714 -0.9230 -0.1004
vn 0.3728 -0.9270 -0.0402
vn 0.4628 -0.8801 -0.1063
vn 0.4662 -0.8835 -0.0442
vn 0.7096 -0.6965 -0.1071
vn 0.5803 -0.8071 -0.1088
vn 0.7132 -0.6995 -0.0437
vn 0.5847 -0.8100 -0.0448
vn 0.8987 -0.4283 -0.0945
vn 0.8161 -0.5688 -0.1016
vn 0.9026 -0.4290 -0.0353
vn 0.8199 -0.5710 -0.0406
vn 0.9940 -0.1047 -0.0323
vn 0.9622 -0.2705 -0.0321
vn 0.9594 -0.2637 -0.0995
vn 0.9885 -0.0941 -0.1179
vn 0.9913 0.0599 -0.1167
vn 0.9941 0.0932 -0.0549
vn 0.9957 0.0917 0.0090
vn 0.9950 -0.0940 0.0324
vn 0.9623 0.2720 0.0034
vn 0.9666 0.2426 0.0821
vn 0.9902 0.0976 0.0995
vn 0.9905 -0.0772 0.1133
vn 0.9201 0.3868 0.0608
vn 0.9438 0.2994 0.1398
vn 0.8859 0.4461 0.1270
vn 0.9176 0.3501 0.1879
vn 0.3745 -0.9270 0.0214
vn 0.3764 -0.9224 0.0865
vn 0.4702 -0.8824 0.0178
vn 0.4733 -0.8771 0.0816
vn 0.7171 -0.6967 0.0187
vn 0.5893 -0.8077 0.0175
vn 0.7203 -0.6886 0.0834
vn 0.5926 -0.8015 0.0804
vn 0.9056 -0.4228 0.0322
vn 0.8237 -0.5665 0.0233
vn 0.9068 -0.4084 0.1046
vn 0.8266 -0.5552 0.0919
vn 0.9638 -0.2638 0.0382
vn 0.9619 -0.2484 0.1144
vn 0.9708 0.0129 0.2395
vn 0.9806 -0.0421 0.1916
vn 0.9727 0.1447 0.1816
vn 0.9519 0.2106 0.2223
vn 0.3718 0.7345 0.5677
vn 0.4662 0.7166 0.5187
vn 0.4030 0.6357 0.6583
vn 0.5012 0.6158 0.6078
vn 0.5603 0.6912 0.4564
vn 0.5978 0.5924 0.5400
vn 0.6788 0.5657 0.4682
vn 0.6388 0.6610 0.3936
vn 0.7078 0.6242 0.3308
vn 0.7490 0.5304 0.3970
vn 0.8195 0.4773 0.3172
vn 0.7787 0.5716 0.2584
vn 0.8419 0.5061 0.1872
vn 0.8795 0.4102 0.2412
vn 0.3767 -0.9143 0.1488
vn 0.3734 -0.9038 0.2091
vn 0.4728 -0.8701 0.1389
vn 0.4640 -0.8650 0.1910
vn 0.5934 -0.7933 0.1362
vn 0.7228 -0.6753 0.1470
vn 0.7156 -0.6661 0.2099
vn 0.5851 -0.7896 0.1848
vn 0.8271 -0.5387 0.1605
vn 0.9049 -0.3887 0.1735
vn 0.8994 -0.3690 0.2340
vn 0.8267 -0.5169 0.2220
vn 0.9565 -0.2242 0.1867
vn 0.9489 -0.2071 0.2381
vn 0.9140 0.2974 0.2757
vn 0.9358 0.1877 0.2983
vn 0.8530 0.3719 0.3660
vn 0.8702 0.2697 0.4122
vn 0.7140 0.4452 0.5404
vn 0.7848 0.4165 0.4587
vn 0.7381 0.3110 0.5988
vn 0.8072 0.2923 0.5127
vn 0.5331 0.4903 0.6895
vn 0.6303 0.4679 0.6194
vn 0.5587 0.3536 0.7502
vn 0.6541 0.3312 0.6800
vn 0.4601 0.3759 0.8043
vn 0.4338 0.5125 0.7411
vn 0.3734 -0.8840 0.2813
vn 0.4639 -0.8442 0.2685
vn 0.5127 -0.7816 0.3551
vn 0.3748 -0.8556 0.3569
vn 0.3663 -0.8083 0.4610
vn 0.4852 -0.7566 0.4383
vn 0.4726 -0.6688 0.5738
vn 0.3655 -0.7038 0.6091
vn 0.3876 -0.5517 0.7385
vn 0.4861 -0.5224 0.7006
vn 0.5212 -0.3835 0.7624
vn 0.4214 -0.4147 0.8065
vn 0.4505 -0.3044 0.8392
vn 0.5503 -0.2892 0.7833
vn 0.5698 -0.1803 0.8018
vn 0.4714 -0.1852 0.8622
vn 0.3855 -0.0486 0.9214
vn 0.2905 -0.0477 0.9557
vn 0.1955 -0.0433 0.9797
vn 0.0979 -0.0367 0.9945
vn 0.0000 -0.0332 0.9994
vn 0.4878 0.0991 0.8673
vn 0.4788 0.2402 0.8444
vn 0.5857 0.0880 0.8057
vn 0.5767 0.2216 0.7863
vn 0.6690 0.2004 0.7157
vn 0.7511 0.1789 0.6354
vn 0.6765 0.0706 0.7330
vn 0.7577 0.0458 0.6510
vn 0.5829 -0.0505 0.8110
vn 0.4848 -0.0480 0.8733
vn 0.7461 -0.2210 0.6281
vn 0.7566 -0.0901 0.6476
vn 0.6749 -0.0629 0.7351
vn 0.6650 -0.1899 0.7222
vn 0.7477 -0.5937 0.2973
vn 0.6627 -0.6767 0.3205
vn 0.6072 -0.7435 0.2801
vn 0.7407 -0.5460 0.3914
vn 0.6356 -0.6701 0.3834
vn 0.8189 0.1565 0.5521
vn 0.8791 0.1297 0.4586
vn 0.8261 0.0105 0.5634
vn 0.8870 -0.0370 0.4602
vn 0.8070 -0.2662 0.5271
vn 0.8243 -0.1313 0.5506
vn 0.8537 -0.3120 0.4169
vn 0.8818 -0.1770 0.4371
vn 0.8244 -0.4802 0.2994
vn 0.8850 -0.3467 0.3107
vn 0.8061 -0.4359 0.4002
vn 0.9309 0.0946 0.3528
vn 0.9451 -0.0518 0.3227
vn 0.6505 -0.6203 0.4382
vn 0.6330 -0.6452 0.4278
vn 0.7206 -0.5100 0.4696
vn 0.7020 -0.4727 0.5327
vn 0.6261 -0.5754 0.5261
vn 0.6009 -0.4826 0.6372
vn 0.6416 -0.3870 0.6623
vn 0.6538 -0.2997 0.6948
vn 0.7290 -0.3421 0.5929
vn 0.7734 -0.3905 0.4993
vn 0.9269 -0.2031 0.3155
vn 0.5517 -0.7983 0.2414
vn 0.0561 0.9380 0.3420
vn 0.0000 0.9389 0.3440
vn 0.6061 -0.6635 0.4385
vn -0.0912 0.9746 0.2043
vn -0.0950 0.9700 0.2236
vn -0.0448 0.9735 0.2241
vn -0.0418 0.9783 0.2028
vn -0.1033 0.9566 0.2725
vn -0.0507 0.9595 0.2770
vn -0.0642 -0.8587 -0.5084
vn -0.0676 -0.8525 -0.5184
vn -0.0602 -0.8740 -0.4822
vn -0.1189 -0.8610 -0.4945
vn -0.1244 -0.8418 -0.5252
vn -0.1297 -0.8334 -0.5372
vn -0.1916 -0.8141 -0.5481
vn -0.1978 -0.8021 -0.5635
vn -0.1874 -0.8393 -0.5104
vn -0.2726 -0.8040 -0.5284
vn -0.2747 -0.7725 -0.5725
vn -0.2811 -0.7562 -0.5908
vn -0.3696 -0.7130 -0.5958
vn -0.3758 -0.6934 -0.6147
vn -0.3691 -0.7499 -0.5490
vn -0.4728 -0.6729 -0.5689
vn -0.4714 -0.6321 -0.6150
vn -0.4763 -0.6105 -0.6328
vn -0.5742 -0.5278 -0.6258
vn -0.5765 -0.5054 -0.6420
vn -0.5788 -0.5719 -0.5812
vn -0.6822 -0.4444 -0.5806
vn -0.6736 -0.3966 -0.6237
vn -0.6726 -0.3741 -0.6384
vn -0.7559 -0.2470 -0.6062
vn -0.7507 -0.2270 -0.6203
vn -0.7699 -0.2956 -0.5656
vn -0.8347 -0.1370 -0.5334
vn -0.8159 -0.0964 -0.5701
vn -0.8071 -0.0833 -0.5846
vn -0.8599 0.0584 -0.5070
vn -0.8509 0.0616 -0.5217
vn -0.8773 0.0302 -0.4790
vn -0.8916 0.1916 -0.4102
vn -0.8797 0.2106 -0.4263
vn -0.8745 0.2083 -0.4379
vn -0.8739 0.3442 -0.3432
vn -0.8722 0.3415 -0.3501
vn -0.8819 0.3314 -0.3353
vn -0.8542 0.4550 -0.2513
vn -0.8463 0.4677 -0.2548
vn -0.8458 0.4666 -0.2587
vn -0.7929 0.5859 -0.1672
vn -0.7905 0.5886 -0.1690
vn -0.8072 0.5671 -0.1639
vn -0.7430 0.6640 -0.0837
vn -0.7200 0.6877 -0.0932
vn -0.7135 0.6940 -0.0963
vn -0.6438 0.7644 -0.0341
vn -0.6342 0.7720 -0.0412
vn -0.6722 0.7402 -0.0150
vn -0.6025 0.7969 0.0431
vn -0.5737 0.8189 0.0170
vn -0.5636 0.8260 0.0060
vn -0.5048 0.8606 0.0674
vn -0.4967 0.8661 0.0548
vn -0.5303 0.8425 0.0949
vn -0.4554 0.8795 0.1381
vn -0.4352 0.8931 0.1137
vn -0.4298 0.8971 0.1026
vn -0.3093 0.9361 0.1674
vn -0.3127 0.9334 0.1760
vn -0.2566 0.9467 0.1945
vn -0.2524 0.9499 0.1840
vn -0.3246 0.9247 0.1989
vn -0.2680 0.9371 0.2235
vn -0.2131 0.9459 0.2446
vn -0.2023 0.9570 0.2077
vn -0.1979 0.9608 0.1939
vn -0.3710 0.9165 0.1498
vn -0.3674 0.9193 0.1408
vn -0.3858 0.9065 0.1713
vn -0.1488 0.9646 0.2177
vn -0.1450 0.9688 0.2008
vn -0.1582 0.9522 0.2614
vn -0.0589 -0.8952 -0.4416
vn -0.1187 -0.8853 -0.4497
vn -0.0603 -0.9203 -0.3866
vn -0.1227 -0.9120 -0.3915
vn -0.1896 -0.8678 -0.4592
vn -0.1955 -0.8964 -0.3977
vn -0.2805 -0.8692 -0.4072
vn -0.2756 -0.8376 -0.4715
vn -0.3718 -0.7887 -0.4895
vn -0.3742 -0.8247 -0.4240
vn -0.4787 -0.7555 -0.4473
vn -0.4769 -0.7158 -0.5101
vn -0.5864 -0.6173 -0.5244
vn -0.5906 -0.6579 -0.4673
vn -0.7012 -0.5332 -0.4732
vn -0.6937 -0.4925 -0.5256
vn -0.7852 -0.3457 -0.5136
vn -0.7954 -0.3889 -0.4647
vn -0.8665 -0.2284 -0.4438
vn -0.8534 -0.1838 -0.4878
vn -0.8964 -0.0092 -0.4432
vn -0.9136 -0.0535 -0.4030
vn -0.9323 0.1128 -0.3436
vn -0.9098 0.1582 -0.3837
vn -0.8998 0.3033 -0.3135
vn -0.9269 0.2581 -0.2723
vn -0.9030 0.3859 -0.1885
vn -0.8734 0.4288 -0.2307
vn -0.8315 0.5372 -0.1416
vn -0.8639 0.4938 -0.0992
vn -0.8101 0.5860 -0.0153
vn -0.7743 0.6303 -0.0567
vn -0.7072 0.7067 0.0172
vn -0.7443 0.6654 0.0566
vn -0.6731 0.7302 0.1171
vn -0.6375 0.7664 0.0785
vn -0.5638 0.8155 0.1303
vn -0.5991 0.7824 0.1700
vn -0.5232 0.8246 0.2149
vn -0.4864 0.8566 0.1722
vn -0.4118 0.8876 0.2063
vn -0.4463 0.8577 0.2552
vn -0.3699 0.8809 0.2953
vn -0.3437 0.9082 0.2387
vn -0.2822 0.9204 0.2705
vn -0.2997 0.8941 0.3327
vn -0.2377 0.9008 0.3634
vn -0.2248 0.9276 0.2983
vn -0.1682 0.9323 0.3200
vn -0.1785 0.9047 0.3869
vn -0.1198 0.9075 0.4025
vn -0.1116 0.9357 0.3347
vn -0.0658 0.8722 0.4847
vn -0.0703 0.8235 0.5630
vn -0.0612 0.9096 0.4108
vn -0.1278 0.8704 0.4754
vn -0.1359 0.8217 0.5534
vn -0.0759 0.7591 0.6465
vn -0.0833 0.6706 0.7371
vn -0.1464 0.7563 0.6376
vn -0.1603 0.6670 0.7276
vn -0.0907 0.5502 0.8300
vn -0.0951 0.4070 0.9084
vn -0.1751 0.5480 0.8180
vn -0.1859 0.4070 0.8943
vn -0.0960 0.2622 0.9602
vn -0.0961 0.1169 0.9885
vn -0.1913 0.2626 0.9457
vn -0.1939 0.1137 0.9744
vn -0.0995 -0.3475 0.9324
vn -0.0948 -0.4810 0.8715
vn -0.1001 -0.1953 0.9756
vn -0.1950 -0.1994 0.9603
vn -0.1896 -0.3448 0.9193
vn -0.1790 -0.4737 0.8623
vn -0.0876 -0.6093 0.7881
vn -0.0805 -0.7410 0.6666
vn -0.1657 -0.6021 0.7810
vn -0.1532 -0.7362 0.6591
vn -0.0757 -0.8438 0.5312
vn -0.0739 -0.9039 0.4212
vn -0.1452 -0.8402 0.5224
vn -0.1429 -0.9000 0.4117
vn -0.0734 -0.9399 0.3334
vn -0.0727 -0.9641 0.2552
vn -0.1433 -0.9349 0.3245
vn -0.1434 -0.9580 0.2482
vn -0.0717 -0.9805 0.1828
vn -0.0710 -0.9908 0.1150
vn -0.1426 -0.9737 0.1775
vn -0.1415 -0.9838 0.1102
vn -0.0705 -0.9962 0.0505
vn -0.0700 -0.9975 -0.0122
vn -0.1407 -0.9890 0.0456
vn -0.1401 -0.9900 -0.0168
vn -0.0694 -0.9949 -0.0727
vn -0.0691 -0.9887 -0.1326
vn -0.1392 -0.9872 -0.0773
vn -0.1384 -0.9807 -0.1379
vn -0.0687 -0.9788 -0.1931
vn -0.0669 -0.9645 -0.2554
vn -0.1372 -0.9705 -0.1980
vn -0.1341 -0.9566 -0.2587
vn -0.0636 -0.9448 -0.3215
vn -0.1286 -0.9371 -0.3244
vn -0.2024 -0.9224 -0.3290
vn -0.2856 -0.8971 -0.3372
vn -0.2080 -0.9419 -0.2637
vn -0.2889 -0.9178 -0.2721
vn -0.3754 -0.8570 -0.3529
vn -0.3742 -0.8820 -0.2864
vn -0.4712 -0.8265 -0.3080
vn -0.4769 -0.7935 -0.3778
vn -0.5909 -0.6991 -0.4024
vn -0.5870 -0.7398 -0.3287
vn -0.7093 -0.6196 -0.3360
vn -0.7066 -0.5748 -0.4125
vn -0.8032 -0.4331 -0.4090
vn -0.8080 -0.4844 -0.3354
vn -0.8794 -0.3371 -0.3360
vn -0.8759 -0.2759 -0.3959
vn -0.9293 -0.1011 -0.3552
vn -0.9420 -0.1669 -0.2910
vn -0.9755 -0.0454 -0.2153
vn -0.9548 0.0577 -0.2915
vn -0.9537 0.2028 -0.2222
vn -0.9743 0.1427 -0.1741
vn -0.9570 0.2792 -0.0791
vn -0.9305 0.3393 -0.1377
vn -0.8924 0.4483 -0.0509
vn -0.9088 0.4171 -0.0056
vn -0.8623 0.5014 0.0704
vn -0.8404 0.5411 0.0280
vn -0.7780 0.6209 0.0958
vn -0.8083 0.5729 0.1359
vn -0.7406 0.6408 0.2023
vn -0.7068 0.6897 0.1571
vn -0.6332 0.7437 0.2144
vn -0.6684 0.6940 0.2675
vn -0.5984 0.7327 0.3241
vn -0.5604 0.7847 0.2649
vn -0.4830 0.8179 0.3125
vn -0.5209 0.7649 0.3788
vn -0.4310 0.7911 0.4339
vn -0.3991 0.8431 0.3605
vn -0.3197 0.8578 0.4023
vn -0.3433 0.8074 0.4797
vn -0.2680 0.8155 0.5130
vn -0.2516 0.8647 0.4347
vn -0.1890 0.8681 0.4590
vn -0.2004 0.8193 0.5371
vn -0.2122 -0.9664 -0.1452
vn -0.2109 -0.9558 -0.2048
vn -0.2904 -0.9443 -0.1543
vn -0.2900 -0.9327 -0.2143
vn -0.2130 -0.9734 -0.0840
vn -0.2135 -0.9767 -0.0238
vn -0.2912 -0.9561 -0.0325
vn -0.2910 -0.9522 -0.0923
vn -0.2135 -0.9762 0.0382
vn -0.2139 -0.9714 0.1032
vn -0.2917 -0.9518 0.0945
vn -0.2911 -0.9562 0.0291
vn -0.2146 -0.9618 0.1699
vn -0.2140 -0.9474 0.2378
vn -0.2900 -0.9303 0.2243
vn -0.2919 -0.9430 0.1598
vn -0.2116 -0.9265 0.3113
vn -0.2088 -0.8936 0.3974
vn -0.2809 -0.8821 0.3779
vn -0.2861 -0.9117 0.2947
vn -0.2095 -0.8348 0.5091
vn -0.2189 -0.7291 0.6485
vn -0.2857 -0.7193 0.6332
vn -0.2778 -0.8265 0.4896
vn -0.2360 -0.5906 0.7717
vn -0.2557 -0.4605 0.8500
vn -0.3345 -0.4409 0.8329
vn -0.3075 -0.5740 0.7589
vn -0.2730 -0.3363 0.9013
vn -0.2848 -0.1990 0.9377
vn -0.3753 -0.1934 0.9065
vn -0.3581 -0.3221 0.8763
vn -0.2849 0.2600 0.9226
vn -0.2904 0.1100 0.9505
vn -0.2738 0.4030 0.8733
vn -0.3640 0.3931 0.8444
vn -0.3798 0.2531 0.8898
vn -0.3874 0.1057 0.9158
vn -0.2564 0.5418 0.8004
vn -0.2352 0.6605 0.7130
vn -0.3145 0.6505 0.6913
vn -0.3411 0.5304 0.7761
vn -0.2155 0.7519 0.6231
vn -0.2891 0.7453 0.6008
vn -0.8828 -0.4042 -0.2392
vn -0.9365 -0.2712 -0.2224
vn -0.8918 -0.4271 -0.1489
vn -0.9556 -0.2495 -0.1565
vn -0.8096 -0.5321 -0.2478
vn -0.7081 -0.6584 -0.2549
vn -0.7073 -0.6841 -0.1778
vn -0.8122 -0.5589 -0.1671
vn -0.5811 -0.7729 -0.2547
vn -0.4645 -0.8516 -0.2426
vn -0.4615 -0.8697 -0.1746
vn -0.5784 -0.7955 -0.1805
vn -0.3718 -0.9001 -0.2270
vn -0.3707 -0.9140 -0.1646
vn -0.3728 -0.9270 -0.0402
vn -0.3714 -0.9230 -0.1004
vn -0.4662 -0.8835 -0.0442
vn -0.4628 -0.8801 -0.1063
vn -0.5803 -0.8071 -0.1088
vn -0.7096 -0.6965 -0.1071
vn -0.5847 -0.8100 -0.0448
vn -0.7132 -0.6995 -0.0437
vn -0.8161 -0.5688 -0.1016
vn -0.8987 -0.4283 -0.0945
vn -0.8199 -0.5710 -0.0406
vn -0.9026 -0.4290 -0.0353
vn -0.9940 -0.1047 -0.0323
vn -0.9885 -0.0941 -0.1179
vn -0.9594 -0.2637 -0.0995
vn -0.9622 -0.2705 -0.0321
vn -0.9913 0.0599 -0.1167
vn -0.9941 0.0932 -0.0549
vn -0.9950 -0.0939 0.0324
vn -0.9957 0.0917 0.0090
vn -0.9905 -0.0772 0.1133
vn -0.9902 0.0976 0.0995
vn -0.9666 0.2426 0.0821
vn -0.9623 0.2720 0.0034
vn -0.9438 0.2994 0.1398
vn -0.9201 0.3868 0.0608
vn -0.9176 0.3501 0.1879
vn -0.8859 0.4461 0.1270
vn -0.3764 -0.9224 0.0865
vn -0.3745 -0.9270 0.0214
vn -0.4733 -0.8771 0.0816
vn -0.4702 -0.8824 0.0178
vn -0.5893 -0.8077 0.0175
vn -0.7171 -0.6967 0.0187
vn -0.5926 -0.8015 0.0804
vn -0.7203 -0.6886 0.0834
vn -0.8237 -0.5665 0.0233
vn -0.9056 -0.4228 0.0322
vn -0.8266 -0.5552 0.0919
vn -0.9068 -0.4084 0.1046
vn -0.9638 -0.2638 0.0382
vn -0.9619 -0.2484 0.1144
vn -0.9708 0.0129 0.2395
vn -0.9519 0.2106 0.2223
vn -0.9727 0.1447 0.1816
vn -0.9806 -0.0421 0.1916
vn -0.4662 0.7166 0.5187
vn -0.3718 0.7345 0.5677
vn -0.5012 0.6158 0.6078
vn -0.4030 0.6357 0.6583
vn -0.5603 0.6912 0.4564
vn -0.6388 0.6610 0.3936
vn -0.6788 0.5657 0.4682
vn -0.5978 0.5924 0.5400
vn -0.7078 0.6242 0.3308
vn -0.7787 0.5716 0.2584
vn -0.8195 0.4773 0.3172
vn -0.7490 0.5304 0.3970
vn -0.8419 0.5061 0.1872
vn -0.8795 0.4102 0.2412
vn -0.3734 -0.9038 0.2091
vn -0.3767 -0.9143 0.1488
vn -0.4640 -0.8650 0.1910
vn -0.4728 -0.8701 0.1389
vn -0.5934 -0.7933 0.1362
vn -0.5851 -0.7896 0.1848
vn -0.7156 -0.6661 0.2099
vn -0.7228 -0.6753 0.1470
vn -0.8271 -0.5387 0.1605
vn -0.8267 -0.5169 0.2220
vn -0.8994 -0.3690 0.2340
vn -0.9049 -0.3887 0.1735
vn -0.9565 -0.2242 0.1867
vn -0.9489 -0.2071 0.2381
vn -0.9358 0.1877 0.2983
vn -0.9140 0.2974 0.2757
vn -0.8702 0.2697 0.4122
vn -0.8530 0.3719 0.3660
vn -0.7848 0.4165 0.4587
vn -0.7140 0.4452 0.5404
vn -0.8072 0.2923 0.5127
vn -0.7381 0.3110 0.5988
vn -0.6303 0.4679 0.6194
vn -0.5331 0.4903 0.6895
vn -0.6541 0.3312 0.6800
vn -0.5587 0.3536 0.7502
vn -0.4338 0.5125 0.7411
vn -0.4601 0.3759 0.8043
vn -0.3734 -0.8840 0.2813
vn -0.3748 -0.8556 0.3569
vn -0.5127 -0.7816 0.3551
vn -0.4639 -0.8442 0.2685
vn -0.3663 -0.8083 0.4610
vn -0.3655 -0.7038 0.6091
vn -0.4726 -0.6688 0.5738
vn -0.4852 -0.7566 0.4383
vn -0.3876 -0.5517 0.7385
vn -0.4214 -0.4147 0.8065
vn -0.5212 -0.3835 0.7624
vn -0.4861 -0.5224 0.7006
vn -0.4505 -0.3044 0.8392
vn -0.4714 -0.1852 0.8622
vn -0.5698 -0.1803 0.8018
vn -0.5503 -0.2892 0.7833
vn -0.2905 -0.0477 0.9557
vn -0.3855 -0.0486 0.9214
vn -0.1955 -0.0433 0.9797
vn -0.0979 -0.0367 0.9945
vn -0.4788 0.2402 0.8444
vn -0.4878 0.0991 0.8673
vn -0.5767 0.2216 0.7863
vn -0.5857 0.0880 0.8057
vn -0.7511 0.1789 0.6354
vn -0.6690 0.2004 0.7157
vn -0.7577 0.0458 0.6510
vn -0.6765 0.0706 0.7330
vn -0.4848 -0.0480 0.8733
vn -0.5829 -0.0505 0.8110
vn -0.7461 -0.2210 0.6281
vn -0.6650 -0.1899 0.7222
vn -0.6749 -0.0629 0.7351
vn -0.7566 -0.0901 0.6476
vn -0.6072 -0.7435 0.2801
vn -0.6627 -0.6767 0.3205
vn -0.7477 -0.5937 0.2973
vn -0.6356 -0.6701 0.3834
vn -0.7407 -0.5460 0.3914
vn -0.8791 0.1297 0.4586
vn -0.8189 0.1565 0.5521
vn -0.8870 -0.0370 0.4602
vn -0.8261 0.0105 0.5634
vn -0.8243 -0.1313 0.5506
vn -0.8070 -0.2662 0.5271
vn -0.8818 -0.1770 0.4371
vn -0.8537 -0.3120 0.4169
vn -0.8244 -0.4802 0.2994
vn -0.8061 -0.4359 0.4002
vn -0.8850 -0.3467 0.3107
vn -0.9309 0.0946 0.3528
vn -0.9451 -0.0518 0.3227
vn -0.6330 -0.6452 0.4278
vn -0.6505 -0.6203 0.4382
vn -0.7020 -0.4727 0.5327
vn -0.7206 -0.5100 0.4696
vn -0.6009 -0.4826 0.6372
vn -0.6261 -0.5754 0.5261
vn -0.6416 -0.3870 0.6623
vn -0.6538 -0.2997 0.6948
vn -0.7290 -0.3421 0.5929
vn -0.7734 -0.3905 0.4993
vn -0.9269 -0.2031 0.3155
vn -0.5517 -0.7983 0.2414
vn -0.0561 0.9380 0.3420
vn -0.6061 -0.6635 0.4385
usemtl cow_texture
s 1
f 2509/2017/1635 2564/2018/1636 4361/2019/1637 4270/2020/1635
f 2564/2018/1636 2508/2021/1638 4269/2022/1639 4361/2019/1637
f 4361/2019/1637 4269/2022/1639 2548/2023/1640 3836/2024/1641
f 4270/2020/1635 4361/2019/1637 3836/2024/1641 2549/2025/1635
f 2508/2021/1638 2565/2026/1642 4362/2027/1643 4269/2022/1639
f 2565/2026/1642 2510/2028/1644 2578/2029/1645 4362/2027/1643
f 4362/2027/1643 2578/2029/1645 2524/2030/1646 4264/2031/1647
f 4269/2022/1639 4362/2027/1643 4264/2031/1647 2548/2023/1640
f 2510/2028/1644 2566/2032/1648 4363/2033/1649 2578/2029/1645
f 2566/2032/1648 2511/2034/1650 2579/2035/1651 4363/2033/1649
f 4363/2033/1649 2579/2035/1651 2523/2036/1652 2576/2037/1653
f 2578/2029/1645 4363/2033/1649 2576/2037/1653 2524/2030/1646
f 2288/2038/1654 4271/2039/1655 4364/2040/1656 4272/2041/1657
f 4271/2039/1655 2523/2036/1652 2579/2035/1651 4364/2040/1656
f 4364/2040/1656 2579/2035/1651 2511/2034/1650 2601/2042/1658
f 4272/2041/1657 4364/2040/1656 2601/2042/1658 2513/2043/1659
f 2288/2038/1654 4272/2041/1657 4365/2044/1660 4273/2045/1661
f 2513/2043/1659 2580/2046/1662 4365/2044/1660 4272/2041/1657
f 1663/2047/1663 4273/2045/1661 4365/2044/1660 2580/2046/1662
f 2513/2043/1659 2568/2048/1664 4366/2049/1665 2580/2046/1662
f 2512/2050/1666 2581/2051/1667 4366/2049/1665 2568/2048/1664
f 1663/2047/1663 2580/2046/1662 4366/2049/1665 2581/2051/1667
f 2288/2038/1654 4273/2045/1661 4367/2052/1668 4265/2053/1669
f 1663/2047/1663 2582/2054/1670 4367/2052/1668 4273/2045/1661
f 2526/2055/1671 4265/2053/1669 4367/2052/1668 2582/2054/1670
f 2525/2056/1672 2577/2057/1673 4368/2058/1674 2603/2059/1675
f 2577/2057/1673 2526/2055/1671 2582/2054/1670 4368/2058/1674
f 4368/2058/1674 2582/2054/1670 1663/2047/1663 2583/2060/1676
f 2603/2059/1675 4368/2058/1674 2583/2060/1676 1664/2061/1677
f 2551/2062/1678 4266/2063/1679 4369/2064/1680 4274/2065/1681
f 4266/2063/1679 2525/2056/1672 2603/2059/1675 4369/2064/1680
f 4369/2064/1680 2603/2059/1675 1664/2061/1677 2584/2066/1682
f 4274/2065/1681 4369/2064/1680 2584/2066/1682 1665/2067/1683
f 2550/2068/1684 3837/2069/1685 4370/2070/1686 4280/2071/1687
f 3837/2069/1685 2551/2062/1678 4274/2065/1681 4370/2070/1686
f 4370/2070/1686 4274/2065/1681 1665/2067/1683 2709/2072/1688
f 4280/2071/1687 4370/2070/1686 2709/2072/1688 1723/2073/1689
f 2552/2074/1690 3838/2075/1691 4371/2076/1692 4276/2077/1693
f 3838/2075/1691 2553/2078/1694 4275/2079/1695 4371/2076/1692
f 4371/2076/1692 4275/2079/1695 1666/2080/1696 2586/2081/1697
f 4276/2077/1693 4371/2076/1692 2586/2081/1697 1667/2082/1698
f 2554/2083/1699 3839/2084/1700 4372/2085/1701 4277/2086/1702
f 3839/2084/1700 2552/2074/1690 4276/2077/1693 4372/2085/1701
f 4372/2085/1701 4276/2077/1693 1667/2082/1698 2587/2087/1703
f 4277/2086/1702 4372/2085/1701 2587/2087/1703 1668/2088/1704
f 2555/2089/1705 3840/2090/1706 4373/2091/1707 4278/2092/1708
f 3840/2090/1706 2554/2083/1699 4277/2086/1702 4373/2091/1707
f 4373/2091/1707 4277/2086/1702 1668/2088/1704 2588/2093/1709
f 4278/2092/1708 4373/2091/1707 2588/2093/1709 1669/2094/1710
f 2561/2095/1711 4267/2096/1712 4374/2097/1713 2604/2098/1714
f 4267/2096/1712 2555/2089/1705 4278/2092/1708 4374/2097/1713
f 4374/2097/1713 4278/2092/1708 1669/2094/1710 2589/2099/1715
f 2604/2098/1714 4374/2097/1713 2589/2099/1715 1670/2100/1716
f 2489/2101/1717 4268/2102/1718 4375/2103/1719 4279/2104/1720
f 4268/2102/1718 2561/2095/1711 2604/2098/1714 4375/2103/1719
f 4375/2103/1719 2604/2098/1714 1670/2100/1716 2590/2105/1721
f 4279/2104/1720 4375/2103/1719 2590/2105/1721 1977/2106/1722
f 2514/2107/1723 2602/2108/1724 4376/2109/1725 2569/2110/1726
f 2602/2108/1724 1671/2111/1727 2591/2112/1728 4376/2109/1725
f 4376/2109/1725 2591/2112/1728 1663/2047/1663 2581/2051/1667
f 2569/2110/1726 4376/2109/1725 2581/2051/1667 2512/2050/1666
f 2516/2113/1729 2600/2114/1730 4377/2115/1731 2592/2116/1732
f 2600/2114/1730 1673/2117/1733 2593/2118/1734 4377/2115/1731
f 4377/2115/1731 2593/2118/1734 1671/2111/1727 2602/2108/1724
f 2592/2116/1732 4377/2115/1731 2602/2108/1724 2514/2107/1723
f 1674/2119/1735 2594/2120/1736 4378/2121/1737 2567/2122/1738
f 2594/2120/1736 1673/2117/1733 2600/2114/1730 4378/2121/1737
f 4378/2121/1737 2600/2114/1730 2516/2113/1729 2570/2123/1739
f 2567/2122/1738 4378/2121/1737 2570/2123/1739 2515/2124/1740
f 1674/2119/1735 2567/2122/1738 4379/2125/1741 2595/2126/1742
f 2567/2122/1738 2515/2124/1740 2571/2127/1743 4379/2125/1741
f 4379/2125/1741 2571/2127/1743 2517/2128/1744 2605/2129/1745
f 2595/2126/1742 4379/2125/1741 2605/2129/1745 1675/2130/1746
f 2518/2131/1747 2606/2132/1748 4380/2133/1749 2572/2134/1750
f 2606/2132/1748 1676/2135/1751 2596/2136/1752 4380/2133/1749
f 4380/2133/1749 2596/2136/1752 1675/2130/1746 2605/2129/1745
f 2572/2134/1750 4380/2133/1749 2605/2129/1745 2517/2128/1744
f 2519/2137/1753 2673/2138/1754 4381/2139/1755 2573/2140/1756
f 2673/2138/1754 1705/2141/1757 2670/2142/1758 4381/2139/1755
f 4381/2139/1755 2670/2142/1758 1676/2135/1751 2606/2132/1748
f 2573/2140/1756 4381/2139/1755 2606/2132/1748 2518/2131/1747
f 2520/2143/1759 2608/2144/1760 4382/2145/1761 2574/2146/1762
f 2608/2144/1760 1678/2147/1763 2598/2148/1764 4382/2145/1761
f 4382/2145/1761 2598/2148/1764 1677/2149/1765 2607/2150/1766
f 2574/2146/1762 4382/2145/1761 2607/2150/1766 2521/2151/1767
f 2522/2152/1768 2609/2153/1769 4383/2154/1770 2575/2155/1771
f 2609/2153/1769 1986/2156/1772 2599/2157/1773 4383/2154/1770
f 4383/2154/1770 2599/2157/1773 1678/2147/1763 2608/2144/1760
f 2575/2155/1771 4383/2154/1770 2608/2144/1760 2520/2143/1759
f 1664/2061/1677 2583/2060/1676 4384/2158/1774 2611/2159/1775
f 2583/2060/1676 1663/2047/1663 2591/2112/1728 4384/2158/1774
f 4384/2158/1774 2591/2112/1728 1671/2111/1727 2610/2160/1776
f 2611/2159/1775 4384/2158/1774 2610/2160/1776 1679/2161/1777
f 1977/2106/1722 2590/2105/1721 4385/2162/1778 2620/2163/1779
f 2590/2105/1721 1670/2100/1716 2619/2164/1780 4385/2162/1778
f 4385/2162/1778 2619/2164/1780 1685/2165/1781 2618/2166/1782
f 2620/2163/1779 4385/2162/1778 2618/2166/1782 1994/2167/1783
f 1670/2100/1716 2589/2099/1715 4386/2168/1784 2619/2164/1780
f 2589/2099/1715 1669/2094/1710 2621/2169/1785 4386/2168/1784
f 4386/2168/1784 2621/2169/1785 1684/2170/1786 2617/2171/1787
f 2619/2164/1780 4386/2168/1784 2617/2171/1787 1685/2165/1781
f 1669/2094/1710 2588/2093/1709 4387/2172/1788 2621/2169/1785
f 2588/2093/1709 1668/2088/1704 2622/2173/1789 4387/2172/1788
f 4387/2172/1788 2622/2173/1789 1683/2174/1790 2616/2175/1791
f 2621/2169/1785 4387/2172/1788 2616/2175/1791 1684/2170/1786
f 1668/2088/1704 2587/2087/1703 4388/2176/1792 2622/2173/1789
f 2587/2087/1703 1667/2082/1698 2623/2177/1793 4388/2176/1792
f 4388/2176/1792 2623/2177/1793 1682/2178/1794 2615/2179/1795
f 2622/2173/1789 4388/2176/1792 2615/2179/1795 1683/2174/1790
f 1667/2082/1698 2586/2081/1697 4389/2180/1796 2623/2177/1793
f 2586/2081/1697 1666/2080/1696 2624/2181/1797 4389/2180/1796
f 4389/2180/1796 2624/2181/1797 1681/2182/1798 2614/2183/1799
f 2623/2177/1793 4389/2180/1796 2614/2183/1799 1682/2178/1794
f 1723/2073/1689 2709/2072/1688 4390/2184/1800 2711/2185/1801
f 2709/2072/1688 1665/2067/1683 2625/2186/1802 4390/2184/1800
f 4390/2184/1800 2625/2186/1802 1680/2187/1803 2710/2188/1804
f 2711/2185/1801 4390/2184/1800 2710/2188/1804 1724/2189/1805
f 1665/2067/1683 2584/2066/1682 4391/2190/1806 2625/2186/1802
f 2584/2066/1682 1664/2061/1677 2611/2159/1775 4391/2190/1806
f 4391/2190/1806 2611/2159/1775 1679/2161/1777 2612/2191/1807
f 2625/2186/1802 4391/2190/1806 2612/2191/1807 1680/2187/1803
f 1687/2192/1808 2627/2193/1809 4392/2194/1810 2633/2195/1811
f 2627/2193/1809 1686/2196/1812 2626/2197/1813 4392/2194/1810
f 4392/2194/1810 2626/2197/1813 1673/2117/1733 2594/2120/1736
f 2633/2195/1811 4392/2194/1810 2594/2120/1736 1674/2119/1735
f 1675/2130/1746 2634/2198/1814 4393/2199/1815 2595/2126/1742
f 2634/2198/1814 1688/2200/1816 2628/2201/1817 4393/2199/1815
f 4393/2199/1815 2628/2201/1817 1687/2192/1808 2633/2195/1811
f 2595/2126/1742 4393/2199/1815 2633/2195/1811 1674/2119/1735
f 1676/2135/1751 2635/2202/1818 4394/2203/1819 2596/2136/1752
f 2635/2202/1818 1689/2204/1820 2629/2205/1821 4394/2203/1819
f 4394/2203/1819 2629/2205/1821 1688/2200/1816 2634/2198/1814
f 2596/2136/1752 4394/2203/1819 2634/2198/1814 1675/2130/1746
f 1705/2141/1757 2672/2206/1822 4395/2207/1823 2670/2142/1758
f 2672/2206/1822 1706/2208/1824 2671/2209/1825 4395/2207/1823
f 4395/2207/1823 2671/2209/1825 1689/2204/1820 2635/2202/1818
f 2670/2142/1758 4395/2207/1823 2635/2202/1818 1676/2135/1751
f 1678/2147/1763 2637/2210/1826 4396/2211/1827 2598/2148/1764
f 2637/2210/1826 1691/2212/1828 2631/2213/1829 4396/2211/1827
f 4396/2211/1827 2631/2213/1829 1690/2214/1830 2636/2215/1831
f 2598/2148/1764 4396/2211/1827 2636/2215/1831 1677/2149/1765
f 1986/2156/1772 2638/2216/1832 4397/2217/1833 2599/2157/1773
f 2638/2216/1832 2001/2218/1834 2632/2219/1835 4397/2217/1833
f 4397/2217/1833 2632/2219/1835 1691/2212/1828 2637/2210/1826
f 2599/2157/1773 4397/2217/1833 2637/2210/1826 1678/2147/1763
f 2002/2220/1836 2640/2221/1837 4398/2222/1838 2650/2223/1839
f 2640/2221/1837 2003/2224/1840 2649/2225/1841 4398/2222/1838
f 4398/2222/1838 2649/2225/1841 1693/2226/1842 2645/2227/1843
f 2650/2223/1839 4398/2222/1838 2645/2227/1843 1692/2228/1844
f 2006/2229/1845 2643/2230/1846 4399/2231/1847 2652/2232/1848
f 2643/2230/1846 2007/2233/1849 2651/2234/1850 4399/2231/1847
f 4399/2231/1847 2651/2234/1850 1697/2235/1851 2648/2236/1852
f 2652/2232/1848 4399/2231/1847 2648/2236/1852 1696/2237/1853
f 2004/2238/1854 2641/2239/1855 4400/2240/1856 2654/2241/1857
f 2641/2239/1855 2005/2242/1858 2653/2243/1859 4400/2240/1856
f 4400/2240/1856 2653/2243/1859 1695/2244/1860 2646/2245/1861
f 2654/2241/1857 4400/2240/1856 2646/2245/1861 1694/2246/1862
f 2005/2242/1858 2642/2247/1863 4401/2248/1864 2653/2243/1859
f 2642/2247/1863 2006/2229/1845 2652/2232/1848 4401/2248/1864
f 4401/2248/1864 2652/2232/1848 1696/2237/1853 2647/2249/1865
f 2653/2243/1859 4401/2248/1864 2647/2249/1865 1695/2244/1860
f 1695/2244/1860 2647/2249/1865 4402/2250/1866 2660/2251/1867
f 2647/2249/1865 1696/2237/1853 2659/2252/1868 4402/2250/1866
f 4402/2250/1866 2659/2252/1868 1702/2253/1869 2657/2254/1870
f 2660/2251/1867 4402/2250/1866 2657/2254/1870 1701/2255/1871
f 1692/2228/1844 2645/2227/1843 4403/2256/1872 2663/2257/1873
f 2645/2227/1843 1693/2226/1842 2662/2258/1874 4403/2256/1872
f 4403/2256/1872 2662/2258/1874 1699/2259/1875 2655/2260/1876
f 2663/2257/1873 4403/2256/1872 2655/2260/1876 1698/2261/1877
f 1696/2237/1853 2648/2236/1852 4404/2262/1878 2659/2252/1868
f 2648/2236/1852 1697/2235/1851 2664/2263/1879 4404/2262/1878
f 4404/2262/1878 2664/2263/1879 1703/2264/1880 2658/2265/1881
f 2659/2252/1868 4404/2262/1878 2658/2265/1881 1702/2253/1869
f 1694/2246/1862 2646/2245/1861 4405/2266/1882 2661/2267/1883
f 2646/2245/1861 1695/2244/1860 2660/2251/1867 4405/2266/1882
f 4405/2266/1882 2660/2251/1867 1701/2255/1871 2656/2268/1884
f 2661/2267/1883 4405/2266/1882 2656/2268/1884 1700/2269/1885
f 1685/2165/1781 2665/2270/1886 4406/2271/1887 2618/2166/1782
f 2665/2270/1886 1697/2235/1851 2651/2234/1850 4406/2271/1887
f 4406/2271/1887 2651/2234/1850 2007/2233/1849 2644/2272/1888
f 2618/2166/1782 4406/2271/1887 2644/2272/1888 1994/2167/1783
f 1684/2170/1786 2666/2273/1889 4407/2274/1890 2617/2171/1787
f 2666/2273/1889 1703/2264/1880 2664/2263/1879 4407/2274/1890
f 4407/2274/1890 2664/2263/1879 1697/2235/1851 2665/2270/1886
f 2617/2171/1787 4407/2274/1890 2665/2270/1886 1685/2165/1781
f 2001/2218/1834 2639/2275/1891 4408/2276/1892 2632/2219/1835
f 2639/2275/1891 2002/2220/1836 2650/2223/1839 4408/2276/1892
f 4408/2276/1892 2650/2223/1839 1692/2228/1844 2667/2277/1893
f 2632/2219/1835 4408/2276/1892 2667/2277/1893 1691/2212/1828
f 1691/2212/1828 2667/2277/1893 4409/2278/1894 2631/2213/1829
f 2667/2277/1893 1692/2228/1844 2663/2257/1873 4409/2278/1894
f 4409/2278/1894 2663/2257/1873 1698/2261/1877 2668/2279/1895
f 2631/2213/1829 4409/2278/1894 2668/2279/1895 1690/2214/1830
f 1677/2149/1765 2636/2215/1831 4410/2280/1896 2597/2281/1897
f 2636/2215/1831 1690/2214/1830 2630/2282/1898 4410/2280/1896
f 4410/2280/1896 2630/2282/1898 1706/2208/1824 2672/2206/1822
f 2597/2281/1897 4410/2280/1896 2672/2206/1822 1705/2141/1757
f 2521/2151/1767 2607/2150/1766 4411/2283/1899 2669/2284/1900
f 2607/2150/1766 1677/2149/1765 2597/2281/1897 4411/2283/1899
f 4411/2283/1899 2597/2281/1897 1705/2141/1757 2673/2138/1754
f 2669/2284/1900 4411/2283/1899 2673/2138/1754 2519/2137/1753
f 1706/2208/1824 2630/2282/1898 4412/2285/1901 2674/2286/1902
f 2630/2282/1898 1690/2214/1830 2668/2279/1895 4412/2285/1901
f 4412/2285/1901 2668/2279/1895 1698/2261/1877 2680/2287/1903
f 2674/2286/1902 4412/2285/1901 2680/2287/1903 1707/2288/1904
f 1699/2259/1875 2681/2289/1905 4413/2290/1906 2655/2260/1876
f 2681/2289/1905 1708/2291/1907 2675/2292/1908 4413/2290/1906
f 4413/2290/1906 2675/2292/1908 1707/2288/1904 2680/2287/1903
f 2655/2260/1876 4413/2290/1906 2680/2287/1903 1698/2261/1877
f 1701/2255/1871 2683/2293/1909 4414/2294/1910 2656/2268/1884
f 2683/2293/1909 1710/2295/1911 2676/2296/1912 4414/2294/1910
f 4414/2294/1910 2676/2296/1912 1709/2297/1913 2682/2298/1914
f 2656/2268/1884 4414/2294/1910 2682/2298/1914 1700/2269/1885
f 1702/2253/1869 2684/2299/1915 4415/2300/1916 2657/2254/1870
f 2684/2299/1915 1711/2301/1917 2677/2302/1918 4415/2300/1916
f 4415/2300/1916 2677/2302/1918 1710/2295/1911 2683/2293/1909
f 2657/2254/1870 4415/2300/1916 2683/2293/1909 1701/2255/1871
f 1703/2264/1880 2685/2303/1919 4416/2304/1920 2658/2265/1881
f 2685/2303/1919 1712/2305/1921 2678/2306/1922 4416/2304/1920
f 4416/2304/1920 2678/2306/1922 1711/2301/1917 2684/2299/1915
f 2658/2265/1881 4416/2304/1920 2684/2299/1915 1702/2253/1869
f 1683/2174/1790 2679/2307/1923 4417/2308/1924 2616/2175/1791
f 2679/2307/1923 1712/2305/1921 2685/2303/1919 4417/2308/1924
f 4417/2308/1924 2685/2303/1919 1703/2264/1880 2666/2273/1889
f 2616/2175/1791 4417/2308/1924 2666/2273/1889 1684/2170/1786
f 1682/2178/1794 2686/2309/1925 4418/2310/1926 2615/2179/1795
f 2686/2309/1925 1713/2311/1927 2689/2312/1928 4418/2310/1926
f 4418/2310/1926 2689/2312/1928 1712/2305/1921 2679/2307/1923
f 2615/2179/1795 4418/2310/1926 2679/2307/1923 1683/2174/1790
f 1711/2301/1917 2678/2306/1922 4419/2313/1929 2690/2314/1930
f 2678/2306/1922 1712/2305/1921 2689/2312/1928 4419/2313/1929
f 4419/2313/1929 2689/2312/1928 1713/2311/1927 2687/2315/1931
f 2690/2314/1930 4419/2313/1929 2687/2315/1931 1714/2316/1932
f 1715/2317/1933 2691/2318/1934 4420/2319/1935 2688/2320/1936
f 2691/2318/1934 1710/2295/1911 2677/2302/1918 4420/2319/1935
f 4420/2319/1935 2677/2302/1918 1711/2301/1917 2690/2314/1930
f 2688/2320/1936 4420/2319/1935 2690/2314/1930 1714/2316/1932
f 1709/2297/1913 2676/2296/1912 4421/2321/1937 2694/2322/1938
f 2676/2296/1912 1710/2295/1911 2691/2318/1934 4421/2321/1937
f 4421/2321/1937 2691/2318/1934 1715/2317/1933 2692/2323/1939
f 2694/2322/1938 4421/2321/1937 2692/2323/1939 1716/2324/1940
f 1721/2325/1941 2706/2326/1942 4422/2327/1943 2717/2328/1944
f 1717/2329/1945 2716/2330/1946 4422/2327/1943 2706/2326/1942
f 1716/2324/1940 2717/2328/1944 4422/2327/1943 2716/2330/1946
f 1707/2288/1904 2675/2292/1908 4423/2331/1947 2697/2332/1948
f 2675/2292/1908 1708/2291/1907 2695/2333/1949 4423/2331/1947
f 4423/2331/1947 2695/2333/1949 1717/2329/1945 2693/2334/1950
f 2697/2332/1948 4423/2331/1947 2693/2334/1950 1718/2335/1951
f 1689/2204/1820 2671/2209/1825 4424/2336/1952 2696/2337/1953
f 2671/2209/1825 1706/2208/1824 2674/2286/1902 4424/2336/1952
f 4424/2336/1952 2674/2286/1902 1707/2288/1904 2697/2332/1948
f 2696/2337/1953 4424/2336/1952 2697/2332/1948 1718/2335/1951
f 1681/2182/1798 2698/2338/1954 4425/2339/1955 2614/2183/1799
f 2698/2338/1954 1719/2340/1956 2703/2341/1957 4425/2339/1955
f 4425/2339/1955 2703/2341/1957 1713/2311/1927 2686/2309/1925
f 2614/2183/1799 4425/2339/1955 2686/2309/1925 1682/2178/1794
f 1714/2316/1932 2687/2315/1931 4426/2342/1958 2704/2343/1959
f 2687/2315/1931 1713/2311/1927 2703/2341/1957 4426/2342/1958
f 4426/2342/1958 2703/2341/1957 1719/2340/1956 2699/2344/1960
f 2704/2343/1959 4426/2342/1958 2699/2344/1960 1720/2345/1961
f 1715/2317/1933 2688/2320/1936 4427/2346/1962 2720/2347/1963
f 2688/2320/1936 1714/2316/1932 2704/2343/1959 4427/2346/1962
f 4427/2346/1962 2704/2343/1959 1720/2345/1961 2722/2348/1964
f 2720/2347/1963 4427/2346/1962 2722/2348/1964 1721/2325/1941
f 1716/2324/1940 2692/2323/1939 4428/2349/1965 2717/2328/1944
f 1715/2317/1933 2720/2347/1963 4428/2349/1965 2692/2323/1939
f 1721/2325/1941 2717/2328/1944 4428/2349/1965 2720/2347/1963
f 1716/2324/1940 2716/2330/1946 4429/2350/1966 2694/2322/1938
f 2716/2330/1946 1717/2329/1945 2695/2333/1949 4429/2350/1966
f 4429/2350/1966 2695/2333/1949 1708/2291/1907 2721/2351/1967
f 2694/2322/1938 4429/2350/1966 2721/2351/1967 1709/2297/1913
f 1708/2291/1907 2681/2289/1905 4430/2352/1968 2721/2351/1967
f 2681/2289/1905 1699/2259/1875 2701/2353/1969 4430/2352/1968
f 4430/2352/1968 2701/2353/1969 1700/2269/1885 2682/2298/1914
f 2721/2351/1967 4430/2352/1968 2682/2298/1914 1709/2297/1913
f 1688/2200/1816 2629/2205/1821 4431/2354/1970 2707/2355/1971
f 2629/2205/1821 1689/2204/1820 2696/2337/1953 4431/2354/1970
f 4431/2354/1970 2696/2337/1953 1718/2335/1951 2708/2356/1972
f 2707/2355/1971 4431/2354/1970 2708/2356/1972 1722/2357/1973
f 1718/2335/1951 2693/2334/1950 4432/2358/1974 2708/2356/1972
f 2693/2334/1950 1717/2329/1945 2706/2326/1942 4432/2358/1974
f 4432/2358/1974 2706/2326/1942 1721/2325/1941 2702/2359/1975
f 2708/2356/1972 4432/2358/1974 2702/2359/1975 1722/2357/1973
f 1666/2080/1696 2585/2360/1976 4433/2361/1977 2624/2181/1797
f 2585/2360/1976 1723/2073/1689 2711/2185/1801 4433/2361/1977
f 4433/2361/1977 2711/2185/1801 1724/2189/1805 2613/2362/1978
f 2624/2181/1797 4433/2361/1977 2613/2362/1978 1681/2182/1798
f 2553/2078/1694 3841/2363/1979 4434/2364/1980 4275/2079/1695
f 3841/2363/1979 2550/2068/1684 4280/2071/1687 4434/2364/1980
f 4434/2364/1980 4280/2071/1687 1723/2073/1689 2585/2360/1976
f 4275/2079/1695 4434/2364/1980 2585/2360/1976 1666/2080/1696
f 1725/2365/1981 2713/2366/1982 4435/2367/1983 2712/2368/1984
f 2713/2366/1982 1719/2340/1956 2698/2338/1954 4435/2367/1983
f 4435/2367/1983 2698/2338/1954 1681/2182/1798 2613/2362/1978
f 2712/2368/1984 4435/2367/1983 2613/2362/1978 1724/2189/1805
f 1720/2345/1961 2699/2344/1960 4436/2369/1985 2714/2370/1986
f 1719/2340/1956 2713/2366/1982 4436/2369/1985 2699/2344/1960
f 1725/2365/1981 2714/2370/1986 4436/2369/1985 2713/2366/1982
f 1687/2192/1808 2628/2201/1817 4437/2371/1987 2718/2372/1988
f 2628/2201/1817 1688/2200/1816 2707/2355/1971 4437/2371/1987
f 4437/2371/1987 2707/2355/1971 1722/2357/1973 2719/2373/1989
f 2718/2372/1988 4437/2371/1987 2719/2373/1989 1727/2374/1990
f 1722/2357/1973 2702/2359/1975 4438/2375/1991 2719/2373/1989
f 2702/2359/1975 1721/2325/1941 2724/2376/1992 4438/2375/1991
f 4438/2375/1991 2724/2376/1992 1726/2377/1993 2723/2378/1994
f 2719/2373/1989 4438/2375/1991 2723/2378/1994 1727/2374/1990
f 2003/2224/1840 2705/2379/1995 4439/2380/1996 2649/2225/1841
f 2705/2379/1995 2004/2238/1854 2654/2241/1857 4439/2380/1996
f 4439/2380/1996 2654/2241/1857 1694/2246/1862 2700/2381/1997
f 2649/2225/1841 4439/2380/1996 2700/2381/1997 1693/2226/1842
f 1700/2269/1885 2701/2353/1969 4440/2382/1998 2661/2267/1883
f 2701/2353/1969 1699/2259/1875 2662/2258/1874 4440/2382/1998
f 4440/2382/1998 2662/2258/1874 1693/2226/1842 2700/2381/1997
f 2661/2267/1883 4440/2382/1998 2700/2381/1997 1694/2246/1862
f 1680/2187/1803 2725/2383/1999 4441/2384/2000 2710/2188/1804
f 2725/2383/1999 1726/2377/1993 2715/2385/2001 4441/2384/2000
f 4441/2384/2000 2715/2385/2001 1725/2365/1981 2712/2368/1984
f 2710/2188/1804 4441/2384/2000 2712/2368/1984 1724/2189/1805
f 1721/2325/1941 2722/2348/1964 4442/2386/2002 2724/2376/1992
f 2722/2348/1964 1720/2345/1961 2714/2370/1986 4442/2386/2002
f 4442/2386/2002 2714/2370/1986 1725/2365/1981 2715/2385/2001
f 2724/2376/1992 4442/2386/2002 2715/2385/2001 1726/2377/1993
f 1727/2374/1990 2723/2378/1994 4443/2387/2003 2726/2388/2004
f 2723/2378/1994 1726/2377/1993 2725/2383/1999 4443/2387/2003
f 4443/2387/2003 2725/2383/1999 1680/2187/1803 2727/2389/2005
f 2726/2388/2004 4443/2387/2003 2727/2389/2005 1728/2390/2006
f 1686/2196/1812 2627/2193/1809 4444/2391/2007 2728/2392/2008
f 2627/2193/1809 1687/2192/1808 2718/2372/1988 4444/2391/2007
f 4444/2391/2007 2718/2372/1988 1727/2374/1990 2726/2388/2004
f 2728/2392/2008 4444/2391/2007 2726/2388/2004 1728/2390/2006
f 1728/2390/2006 2731/2393/2009 4445/2394/2010 2728/2392/2008
f 2731/2393/2009 1730/2395/2011 2729/2396/2012 4445/2394/2010
f 4445/2394/2010 2729/2396/2012 1729/2397/2013 2730/2398/2014
f 2728/2392/2008 4445/2394/2010 2730/2398/2014 1686/2196/1812
f 1680/2187/1803 2612/2191/1807 4446/2399/2015 2727/2389/2005
f 2612/2191/1807 1679/2161/1777 2732/2400/2016 4446/2399/2015
f 4446/2399/2015 2732/2400/2016 1730/2395/2011 2731/2393/2009
f 2727/2389/2005 4446/2399/2015 2731/2393/2009 1728/2390/2006
f 1679/2161/1777 2610/2160/1776 4447/2401/2017 2732/2400/2016
f 2610/2160/1776 1671/2111/1727 2733/2402/2018 4447/2401/2017
f 4447/2401/2017 2733/2402/2018 1729/2397/2013 2729/2396/2012
f 2732/2400/2016 4447/2401/2017 2729/2396/2012 1730/2395/2011
f 1671/2111/1727 2593/2118/1734 4448/2403/2019 2733/2402/2018
f 2593/2118/1734 1673/2117/1733 2626/2197/1813 4448/2403/2019
f 4448/2403/2019 2626/2197/1813 1686/2196/1812 2730/2398/2014
f 2733/2402/2018 4448/2403/2019 2730/2398/2014 1729/2397/2013
f 1947/2404/2020 4319/2405/2021 4449/2406/2022 2736/2407/2023
f 4319/2405/2021 1657/2408/2024 2735/2409/2025 4449/2406/2022
f 4449/2406/2022 2735/2409/2025 1731/2410/2026 2734/2411/2027
f 2736/2407/2023 4449/2406/2022 2734/2411/2027 2047/2412/2028
f 1656/2413/2029 2750/2414/2030 4450/2415/2031 4318/2416/2032
f 2750/2414/2030 1732/2417/2033 2737/2418/2034 4450/2415/2031
f 4450/2415/2031 2737/2418/2034 1731/2410/2026 2735/2409/2025
f 4318/2416/2032 4450/2415/2031 2735/2409/2025 1657/2408/2024
f 1704/2419/2035 2751/2420/2036 4451/2421/2037 4317/2422/2038
f 2751/2420/2036 1733/2423/2039 2738/2424/2040 4451/2421/2037
f 4451/2421/2037 2738/2424/2040 1732/2417/2033 2750/2414/2030
f 4317/2422/2038 4451/2421/2037 2750/2414/2030 1656/2413/2029
f 1655/2425/2041 2752/2426/2042 4452/2427/2043 4316/2428/2044
f 2752/2426/2042 1734/2429/2045 2739/2430/2046 4452/2427/2043
f 4452/2427/2043 2739/2430/2046 1733/2423/2039 2751/2420/2036
f 4316/2428/2044 4452/2427/2043 2751/2420/2036 1704/2419/2035
f 1653/2431/2047 2754/2432/2048 4453/2433/2049 4314/2434/2050
f 2754/2432/2048 1736/2435/2051 2741/2436/2052 4453/2433/2049
f 4453/2433/2049 2741/2436/2052 1735/2437/2053 2753/2438/2054
f 4314/2434/2050 4453/2433/2049 2753/2438/2054 1654/2439/2055
f 1654/2439/2055 2753/2438/2054 4454/2440/2056 4315/2441/2057
f 2753/2438/2054 1735/2437/2053 2740/2442/2058 4454/2440/2056
f 4454/2440/2056 2740/2442/2058 1734/2429/2045 2752/2426/2042
f 4315/2441/2057 4454/2440/2056 2752/2426/2042 1655/2425/2041
f 1652/2443/2059 2755/2444/2060 4455/2445/2061 4313/2446/2062
f 2755/2444/2060 1737/2447/2063 2742/2448/2064 4455/2445/2061
f 4455/2445/2061 2742/2448/2064 1736/2435/2051 2754/2432/2048
f 4313/2446/2062 4455/2445/2061 2754/2432/2048 1653/2431/2047
f 1672/2449/2065 2756/2450/2066 4456/2451/2067 4312/2452/2068
f 2756/2450/2066 1738/2453/2069 2743/2454/2070 4456/2451/2067
f 4456/2451/2067 2743/2454/2070 1737/2447/2063 2755/2444/2060
f 4312/2452/2068 4456/2451/2067 2755/2444/2060 1652/2443/2059
f 1651/2455/2071 2757/2456/2072 4457/2457/2073 4311/2458/2074
f 2757/2456/2072 1739/2459/2075 2744/2460/2076 4457/2457/2073
f 4457/2457/2073 2744/2460/2076 1738/2453/2069 2756/2450/2066
f 4311/2458/2074 4457/2457/2073 2756/2450/2066 1672/2449/2065
f 1650/2461/2077 2758/2462/2078 4458/2463/2079 4310/2464/2080
f 2758/2462/2078 1740/2465/2081 2745/2466/2082 4458/2463/2079
f 4458/2463/2079 2745/2466/2082 1739/2459/2075 2757/2456/2072
f 4310/2464/2080 4458/2463/2079 2757/2456/2072 1651/2455/2071
f 1649/2467/2083 2759/2468/2084 4459/2469/2085 4309/2470/2086
f 2759/2468/2084 1741/2471/2087 2746/2472/2088 4459/2469/2085
f 4459/2469/2085 2746/2472/2088 1740/2465/2081 2758/2462/2078
f 4309/2470/2086 4459/2469/2085 2758/2462/2078 1650/2461/2077
f 1648/2473/2089 2760/2474/2090 4460/2475/2091 4308/2476/2092
f 2760/2474/2090 1742/2477/2093 2747/2478/2094 4460/2475/2091
f 4460/2475/2091 2747/2478/2094 1741/2471/2087 2759/2468/2084
f 4308/2476/2092 4460/2475/2091 2759/2468/2084 1649/2467/2083
f 1647/2479/2095 2761/2480/2096 4461/2481/2097 4306/2482/2098
f 2761/2480/2096 1743/2483/2099 2748/2484/2100 4461/2481/2097
f 4461/2481/2097 2748/2484/2100 1742/2477/2093 2760/2474/2090
f 4306/2482/2098 4461/2481/2097 2760/2474/2090 1648/2473/2089
f 1948/2485/2101 2762/2486/2102 4462/2487/2103 4305/2488/2104
f 2762/2486/2102 2061/2489/2105 2749/2490/2106 4462/2487/2103
f 4462/2487/2103 2749/2490/2106 1743/2483/2099 2761/2480/2096
f 4305/2488/2104 4462/2487/2103 2761/2480/2096 1647/2479/2095
f 1746/2491/2107 2783/2492/2108 4463/2493/2109 2764/2494/2110
f 2783/2492/2108 2079/2495/2111 2782/2496/2112 4463/2493/2109
f 4463/2493/2109 2782/2496/2112 2080/2497/2113 2779/2498/2114
f 2764/2494/2110 4463/2493/2109 2779/2498/2114 1745/2499/2115
f 1747/2500/2116 2780/2501/2117 4464/2502/2118 2765/2503/2119
f 2780/2501/2117 2078/2504/2120 2781/2505/2121 4464/2502/2118
f 4464/2502/2118 2781/2505/2121 2079/2495/2111 2783/2492/2108
f 2765/2503/2119 4464/2502/2118 2783/2492/2108 1746/2491/2107
f 1755/2506/2122 2787/2507/2123 4465/2508/2124 2773/2509/2125
f 2787/2507/2123 2083/2510/2126 2785/2511/2127 4465/2508/2124
f 4465/2508/2124 2785/2511/2127 2082/2512/2128 2786/2513/2129
f 2773/2509/2125 4465/2508/2124 2786/2513/2129 1754/2514/2130
f 1754/2514/2130 2786/2513/2129 4466/2515/2131 2772/2516/2132
f 2786/2513/2129 2082/2512/2128 2784/2517/2133 4466/2515/2131
f 4466/2515/2131 2784/2517/2133 2081/2518/2134 2788/2519/2135
f 2772/2516/2132 4466/2515/2131 2788/2519/2135 1753/2520/2136
f 1745/2499/2115 2791/2521/2137 4467/2522/2138 2763/2523/2139
f 2791/2521/2137 1761/2524/2140 2789/2525/2141 4467/2522/2138
f 4467/2522/2138 2789/2525/2141 1760/2526/2142 2790/2527/2143
f 2763/2523/2139 4467/2522/2138 2790/2527/2143 1744/2528/2144
f 1756/2529/2145 2794/2530/2146 4468/2531/2147 2774/2532/2148
f 2794/2530/2146 1763/2533/2149 2792/2534/2150 4468/2531/2147
f 4468/2531/2147 2792/2534/2150 1762/2535/2151 2793/2536/2152
f 2774/2532/2148 4468/2531/2147 2793/2536/2152 1755/2506/2122
f 1761/2524/2140 2795/2537/2153 4469/2538/2154 2789/2525/2141
f 2795/2537/2153 1762/2535/2151 2792/2534/2150 4469/2538/2154
f 4469/2538/2154 2792/2534/2150 1763/2533/2149 2796/2539/2155
f 2789/2525/2141 4469/2538/2154 2796/2539/2155 1760/2526/2142
f 1761/2524/2140 2799/2540/2156 4470/2541/2157 2795/2537/2153
f 2799/2540/2156 2088/2542/2158 2797/2543/2159 4470/2541/2157
f 4470/2541/2157 2797/2543/2159 2089/2544/2160 2798/2545/2161
f 2795/2537/2153 4470/2541/2157 2798/2545/2161 1762/2535/2151
f 1745/2499/2115 2779/2498/2114 4471/2546/2162 2791/2521/2137
f 2779/2498/2114 2080/2497/2113 2800/2547/2163 4471/2546/2162
f 4471/2546/2162 2800/2547/2163 2088/2542/2158 2799/2540/2156
f 2791/2521/2137 4471/2546/2162 2799/2540/2156 1761/2524/2140
f 2083/2510/2126 2787/2507/2123 4472/2548/2164 2801/2549/2165
f 2787/2507/2123 1755/2506/2122 2793/2536/2152 4472/2548/2164
f 4472/2548/2164 2793/2536/2152 1762/2535/2151 2798/2545/2161
f 2801/2549/2165 4472/2548/2164 2798/2545/2161 2089/2544/2160
f 1751/2550/2166 2770/2551/2167 4473/2552/2168 2804/2553/2169
f 2770/2551/2167 1744/2528/2144 2790/2527/2143 4473/2552/2168
f 4473/2552/2168 2790/2527/2143 1760/2526/2142 2805/2554/2170
f 2804/2553/2169 4473/2552/2168 2805/2554/2170 1765/2555/2171
f 1760/2526/2142 2796/2539/2155 4474/2556/2172 2805/2554/2170
f 2796/2539/2155 1763/2533/2149 2806/2557/2173 4474/2556/2172
f 4474/2556/2172 2806/2557/2173 1764/2558/2174 2803/2559/2175
f 2805/2554/2170 4474/2556/2172 2803/2559/2175 1765/2555/2171
f 1757/2560/2176 2802/2561/2177 4475/2562/2178 2775/2563/2179
f 2802/2561/2177 1764/2558/2174 2806/2557/2173 4475/2562/2178
f 4475/2562/2178 2806/2557/2173 1763/2533/2149 2794/2530/2146
f 2775/2563/2179 4475/2562/2178 2794/2530/2146 1756/2529/2145
f 1744/2528/2144 2770/2551/2167 4476/2564/2180 2817/2565/2181
f 2770/2551/2167 1751/2550/2166 2816/2566/2182 4476/2564/2180
f 4476/2564/2180 2816/2566/2182 1771/2567/2183 2813/2568/2184
f 2817/2565/2181 4476/2564/2180 2813/2568/2184 1772/2569/2185
f 1745/2499/2115 2763/2523/2139 4477/2570/2186 2818/2571/2187
f 2763/2523/2139 1744/2528/2144 2817/2565/2181 4477/2570/2186
f 4477/2570/2186 2817/2565/2181 1772/2569/2185 2814/2572/2188
f 2818/2571/2187 4477/2570/2186 2814/2572/2188 1773/2573/2189
f 1745/2499/2115 2818/2571/2187 4478/2574/2190 2764/2494/2110
f 2818/2571/2187 1773/2573/2189 2815/2575/2191 4478/2574/2190
f 4478/2574/2190 2815/2575/2191 1766/2576/2192 2807/2577/2193
f 2764/2494/2110 4478/2574/2190 2807/2577/2193 1746/2491/2107
f 1747/2500/2116 2765/2503/2119 4479/2578/2194 2819/2579/2195
f 1746/2491/2107 3212/2580/2196 4479/2578/2194 2765/2503/2119
f 1767/2581/2197 2819/2579/2195 4479/2578/2194 3212/2580/2196
f 1748/2582/2198 2766/2583/2199 4480/2584/2200 2820/2585/2201
f 2766/2583/2199 1747/2500/2116 2819/2579/2195 4480/2584/2200
f 4480/2584/2200 2819/2579/2195 1767/2581/2197 2809/2586/2202
f 2820/2585/2201 4480/2584/2200 2809/2586/2202 1768/2587/2203
f 1749/2588/2204 2767/2589/2205 4481/2590/2206 2821/2591/2207
f 2767/2589/2205 1748/2582/2198 2820/2585/2201 4481/2590/2206
f 4481/2590/2206 2820/2585/2201 1768/2587/2203 2810/2592/2208
f 2821/2591/2207 4481/2590/2206 2810/2592/2208 1769/2593/2209
f 1750/2594/2210 2768/2595/2211 4482/2596/2212 2822/2597/2213
f 2768/2595/2211 1749/2588/2204 2821/2591/2207 4482/2596/2212
f 4482/2596/2212 2821/2591/2207 1769/2593/2209 2811/2598/2214
f 2822/2597/2213 4482/2596/2212 2811/2598/2214 1770/2599/2215
f 1751/2550/2166 2769/2600/2216 4483/2601/2217 2816/2566/2182
f 2769/2600/2216 1750/2594/2210 2822/2597/2213 4483/2601/2217
f 4483/2601/2217 2822/2597/2213 1770/2599/2215 2812/2602/2218
f 2816/2566/2182 4483/2601/2217 2812/2602/2218 1771/2567/2183
f 1758/2603/2219 2776/2604/2220 4484/2605/2221 2834/2606/2222
f 2776/2604/2220 1757/2560/2176 2835/2607/2223 4484/2605/2221
f 4484/2605/2221 2835/2607/2223 1777/2608/2224 2827/2609/2225
f 2834/2606/2222 4484/2605/2221 2827/2609/2225 1778/2610/2226
f 1757/2560/2176 2775/2563/2179 4485/2611/2227 2835/2607/2223
f 2775/2563/2179 1756/2529/2145 2837/2612/2228 4485/2611/2227
f 4485/2611/2227 2837/2612/2228 1776/2613/2229 2826/2614/2230
f 2835/2607/2223 4485/2611/2227 2826/2614/2230 1777/2608/2224
f 1756/2529/2145 2774/2532/2148 4486/2615/2231 2837/2612/2228
f 2774/2532/2148 1755/2506/2122 2838/2616/2232 4486/2615/2231
f 4486/2615/2231 2838/2616/2232 1775/2617/2233 2825/2618/2234
f 2837/2612/2228 4486/2615/2231 2825/2618/2234 1776/2613/2229
f 1755/2506/2122 2773/2509/2125 4487/2619/2235 2838/2616/2232
f 2773/2509/2125 1754/2514/2130 2823/2620/2236 4487/2619/2235
f 4487/2619/2235 2823/2620/2236 1774/2621/2237 2824/2622/2238
f 2838/2616/2232 4487/2619/2235 2824/2622/2238 1775/2617/2233
f 1753/2520/2136 2836/2623/2239 4488/2624/2240 2772/2516/2132
f 2836/2623/2239 1781/2625/2241 2831/2626/2242 4488/2624/2240
f 4488/2624/2240 2831/2626/2242 1774/2621/2237 2823/2620/2236
f 2772/2516/2132 4488/2624/2240 2823/2620/2236 1754/2514/2130
f 1753/2520/2136 2771/2627/2243 4489/2628/2244 2836/2623/2239
f 2771/2627/2243 1752/2629/2245 2833/2630/2246 4489/2628/2244
f 4489/2628/2244 2833/2630/2246 1780/2631/2247 2830/2632/2248
f 2836/2623/2239 4489/2628/2244 2830/2632/2248 1781/2625/2241
f 1752/2629/2245 2778/2633/2249 4490/2634/2250 2833/2630/2246
f 2778/2633/2249 1759/2635/2251 2832/2636/2252 4490/2634/2250
f 4490/2634/2250 2832/2636/2252 1779/2637/2253 2829/2638/2254
f 2833/2630/2246 4490/2634/2250 2829/2638/2254 1780/2631/2247
f 1759/2635/2251 2777/2639/2255 4491/2640/2256 2832/2636/2252
f 2777/2639/2255 1758/2603/2219 2834/2606/2222 4491/2640/2256
f 4491/2640/2256 2834/2606/2222 1778/2610/2226 2828/2641/2257
f 2832/2636/2252 4491/2640/2256 2828/2641/2257 1779/2637/2253
f 1765/2555/2171 2840/2642/2258 4492/2643/2259 2804/2553/2169
f 1782/2644/2260 2839/2645/2261 4492/2643/2259 2840/2642/2258
f 1751/2550/2166 2804/2553/2169 4492/2643/2259 2839/2645/2261
f 1764/2558/2174 2802/2561/2177 4493/2646/2262 2842/2647/2263
f 1757/2560/2176 2841/2648/2264 4493/2646/2262 2802/2561/2177
f 1783/2649/2265 2842/2647/2263 4493/2646/2262 2841/2648/2264
f 1764/2558/2174 2842/2647/2263 4494/2650/2266 2803/2559/2175
f 2842/2647/2263 1783/2649/2265 2843/2651/2267 4494/2650/2266
f 4494/2650/2266 2843/2651/2267 1782/2644/2260 2840/2642/2258
f 2803/2559/2175 4494/2650/2266 2840/2642/2258 1765/2555/2171
f 2081/2518/2134 2849/2652/2268 4495/2653/2269 2788/2519/2135
f 2849/2652/2268 2114/2654/2270 2848/2655/2271 4495/2653/2269
f 4495/2653/2269 2848/2655/2271 1787/2656/2272 2850/2657/2273
f 2788/2519/2135 4495/2653/2269 2850/2657/2273 1753/2520/2136
f 1753/2520/2136 2850/2657/2273 4496/2658/2274 2771/2627/2243
f 2850/2657/2273 1787/2656/2272 2847/2659/2275 4496/2658/2274
f 4496/2658/2274 2847/2659/2275 1786/2660/2276 2851/2661/2277
f 2771/2627/2243 4496/2658/2274 2851/2661/2277 1752/2629/2245
f 1752/2629/2245 2851/2661/2277 4497/2662/2278 2778/2633/2249
f 2851/2661/2277 1786/2660/2276 2846/2663/2279 4497/2662/2278
f 4497/2662/2278 2846/2663/2279 1785/2664/2280 2852/2665/2281
f 2778/2633/2249 4497/2662/2278 2852/2665/2281 1759/2635/2251
f 1759/2635/2251 2852/2665/2281 4498/2666/2282 2777/2639/2255
f 2852/2665/2281 1785/2664/2280 2845/2667/2283 4498/2666/2282
f 4498/2666/2282 2845/2667/2283 1784/2668/2284 2853/2669/2285
f 2777/2639/2255 4498/2666/2282 2853/2669/2285 1758/2603/2219
f 1758/2603/2219 2853/2669/2285 4499/2670/2286 2776/2604/2220
f 2853/2669/2285 1784/2668/2284 2844/2671/2287 4499/2670/2286
f 4499/2670/2286 2844/2671/2287 1783/2649/2265 2841/2648/2264
f 2776/2604/2220 4499/2670/2286 2841/2648/2264 1757/2560/2176
f 1750/2594/2210 2769/2600/2216 4500/2672/2288 2857/2673/2289
f 2769/2600/2216 1751/2550/2166 2839/2645/2261 4500/2672/2288
f 4500/2672/2288 2839/2645/2261 1782/2644/2260 2854/2674/2290
f 2857/2673/2289 4500/2672/2288 2854/2674/2290 1788/2675/2291
f 1749/2588/2204 2768/2595/2211 4501/2676/2292 2856/2677/2293
f 2768/2595/2211 1750/2594/2210 2857/2673/2289 4501/2676/2292
f 4501/2676/2292 2857/2673/2289 1788/2675/2291 2855/2678/2294
f 2856/2677/2293 4501/2676/2292 2855/2678/2294 1789/2679/2295
f 1749/2588/2204 2856/2677/2293 4502/2680/2296 2767/2589/2205
f 2856/2677/2293 1789/2679/2295 2859/2681/2297 4502/2680/2296
f 4502/2680/2296 2859/2681/2297 1742/2477/2093 2858/2682/2298
f 2767/2589/2205 4502/2680/2296 2858/2682/2298 1748/2582/2198
f 1743/2483/2099 2860/2683/2299 4503/2684/2300 2748/2484/2100
f 2860/2683/2299 1747/2500/2116 2766/2583/2199 4503/2684/2300
f 4503/2684/2300 2766/2583/2199 1748/2582/2198 2858/2682/2298
f 2748/2484/2100 4503/2684/2300 2858/2682/2298 1742/2477/2093
f 1743/2483/2099 2749/2490/2106 4504/2685/2301 2860/2683/2299
f 2749/2490/2106 2061/2489/2105 2861/2686/2302 4504/2685/2301
f 4504/2685/2301 2861/2686/2302 2078/2504/2120 2780/2501/2117
f 2860/2683/2299 4504/2685/2301 2780/2501/2117 1747/2500/2116
f 1742/2477/2093 2859/2681/2297 4505/2687/2303 2747/2478/2094
f 1789/2679/2295 2862/2688/2304 4505/2687/2303 2859/2681/2297
f 1741/2471/2087 2747/2478/2094 4505/2687/2303 2862/2688/2304
f 2114/2654/2270 2872/2689/2305 4506/2690/2306 2848/2655/2271
f 2872/2689/2305 2125/2691/2307 2871/2692/2308 4506/2690/2306
f 4506/2690/2306 2871/2692/2308 1797/2693/2309 2873/2694/2310
f 2848/2655/2271 4506/2690/2306 2873/2694/2310 1787/2656/2272
f 1787/2656/2272 2873/2694/2310 4507/2695/2311 2847/2659/2275
f 2873/2694/2310 1797/2693/2309 2870/2696/2312 4507/2695/2311
f 4507/2695/2311 2870/2696/2312 1796/2697/2313 2874/2698/2314
f 2847/2659/2275 4507/2695/2311 2874/2698/2314 1786/2660/2276
f 1786/2660/2276 2874/2698/2314 4508/2699/2315 2846/2663/2279
f 2874/2698/2314 1796/2697/2313 2869/2700/2316 4508/2699/2315
f 4508/2699/2315 2869/2700/2316 1795/2701/2317 2875/2702/2318
f 2846/2663/2279 4508/2699/2315 2875/2702/2318 1785/2664/2280
f 1785/2664/2280 2875/2702/2318 4509/2703/2319 2845/2667/2283
f 2875/2702/2318 1795/2701/2317 2868/2704/2320 4509/2703/2319
f 4509/2703/2319 2868/2704/2320 1794/2705/2321 2876/2706/2322
f 2845/2667/2283 4509/2703/2319 2876/2706/2322 1784/2668/2284
f 1784/2668/2284 2876/2706/2322 4510/2707/2323 2844/2671/2287
f 2876/2706/2322 1794/2705/2321 2867/2708/2324 4510/2707/2323
f 4510/2707/2323 2867/2708/2324 1793/2709/2325 2877/2710/2326
f 2844/2671/2287 4510/2707/2323 2877/2710/2326 1783/2649/2265
f 1783/2649/2265 2877/2710/2326 4511/2711/2327 2843/2651/2267
f 2877/2710/2326 1793/2709/2325 2866/2712/2328 4511/2711/2327
f 4511/2711/2327 2866/2712/2328 1792/2713/2329 2878/2714/2330
f 2843/2651/2267 4511/2711/2327 2878/2714/2330 1782/2644/2260
f 1782/2644/2260 2878/2714/2330 4512/2715/2331 2854/2674/2290
f 2878/2714/2330 1792/2713/2329 2865/2716/2332 4512/2715/2331
f 4512/2715/2331 2865/2716/2332 1791/2717/2333 2879/2718/2334
f 2854/2674/2290 4512/2715/2331 2879/2718/2334 1788/2675/2291
f 1788/2675/2291 2879/2718/2334 4513/2719/2335 2855/2678/2294
f 2879/2718/2334 1791/2717/2333 2864/2720/2336 4513/2719/2335
f 4513/2719/2335 2864/2720/2336 1790/2721/2337 2880/2722/2338
f 2855/2678/2294 4513/2719/2335 2880/2722/2338 1789/2679/2295
f 1740/2465/2081 2746/2472/2088 4514/2723/2339 2863/2724/2340
f 2746/2472/2088 1741/2471/2087 2862/2688/2304 4514/2723/2339
f 4514/2723/2339 2862/2688/2304 1789/2679/2295 2880/2722/2338
f 2863/2724/2340 4514/2723/2339 2880/2722/2338 1790/2721/2337
f 2135/2725/2341 2891/2726/2342 4515/2727/2343 2890/2728/2344
f 2891/2726/2342 2047/2412/2028 2734/2411/2027 4515/2727/2343
f 4515/2727/2343 2734/2411/2027 1731/2410/2026 2892/2729/2345
f 2890/2728/2344 4515/2727/2343 2892/2729/2345 1806/2730/2346
f 1731/2410/2026 2737/2418/2034 4516/2731/2347 2892/2729/2345
f 2737/2418/2034 1732/2417/2033 2893/2732/2348 4516/2731/2347
f 4516/2731/2347 2893/2732/2348 1805/2733/2349 2889/2734/2350
f 2892/2729/2345 4516/2731/2347 2889/2734/2350 1806/2730/2346
f 1732/2417/2033 2738/2424/2040 4517/2735/2351 2893/2732/2348
f 2738/2424/2040 1733/2423/2039 2894/2736/2352 4517/2735/2351
f 4517/2735/2351 2894/2736/2352 1804/2737/2353 2888/2738/2354
f 2893/2732/2348 4517/2735/2351 2888/2738/2354 1805/2733/2349
f 1733/2423/2039 2739/2430/2046 4518/2739/2355 2894/2736/2352
f 2739/2430/2046 1734/2429/2045 2895/2740/2356 4518/2739/2355
f 4518/2739/2355 2895/2740/2356 1803/2741/2357 2887/2742/2358
f 2894/2736/2352 4518/2739/2355 2887/2742/2358 1804/2737/2353
f 1734/2429/2045 2740/2442/2058 4519/2743/2359 2895/2740/2356
f 2740/2442/2058 1735/2437/2053 2896/2744/2360 4519/2743/2359
f 4519/2743/2359 2896/2744/2360 1802/2745/2361 2886/2746/2362
f 2895/2740/2356 4519/2743/2359 2886/2746/2362 1803/2741/2357
f 1735/2437/2053 2741/2436/2052 4520/2747/2363 2896/2744/2360
f 2741/2436/2052 1736/2435/2051 2897/2748/2364 4520/2747/2363
f 4520/2747/2363 2897/2748/2364 1801/2749/2365 2885/2750/2366
f 2896/2744/2360 4520/2747/2363 2885/2750/2366 1802/2745/2361
f 1736/2435/2051 2742/2448/2064 4521/2751/2367 2897/2748/2364
f 2742/2448/2064 1737/2447/2063 2898/2752/2368 4521/2751/2367
f 4521/2751/2367 2898/2752/2368 1800/2753/2369 2884/2754/2370
f 2897/2748/2364 4521/2751/2367 2884/2754/2370 1801/2749/2365
f 1737/2447/2063 2743/2454/2070 4522/2755/2371 2898/2752/2368
f 2743/2454/2070 1738/2453/2069 2899/2756/2372 4522/2755/2371
f 4522/2755/2371 2899/2756/2372 1799/2757/2373 2883/2758/2374
f 2898/2752/2368 4522/2755/2371 2883/2758/2374 1800/2753/2369
f 1738/2453/2069 2744/2460/2076 4523/2759/2375 2899/2756/2372
f 2744/2460/2076 1739/2459/2075 2900/2760/2376 4523/2759/2375
f 4523/2759/2375 2900/2760/2376 1798/2761/2377 2882/2762/2378
f 2899/2756/2372 4523/2759/2375 2882/2762/2378 1799/2757/2373
f 1739/2459/2075 2745/2466/2082 4524/2763/2379 2900/2760/2376
f 2745/2466/2082 1740/2465/2081 2863/2724/2340 4524/2763/2379
f 4524/2763/2379 2863/2724/2340 1790/2721/2337 2881/2764/2380
f 2900/2760/2376 4524/2763/2379 2881/2764/2380 1798/2761/2377
f 2125/2691/2307 2910/2765/2381 4525/2766/2382 2871/2692/2308
f 2910/2765/2381 2143/2767/2383 2908/2768/2384 4525/2766/2382
f 4525/2766/2382 2908/2768/2384 1813/2769/2385 2909/2770/2386
f 2871/2692/2308 4525/2766/2382 2909/2770/2386 1797/2693/2309
f 1797/2693/2309 2909/2770/2386 4526/2771/2387 2870/2696/2312
f 2909/2770/2386 1813/2769/2385 2907/2772/2388 4526/2771/2387
f 4526/2771/2387 2907/2772/2388 1812/2773/2389 2911/2774/2390
f 2870/2696/2312 4526/2771/2387 2911/2774/2390 1796/2697/2313
f 1791/2717/2333 2912/2775/2391 4527/2776/2392 2864/2720/2336
f 2912/2775/2391 1807/2777/2393 2901/2778/2394 4527/2776/2392
f 4527/2776/2392 2901/2778/2394 1798/2761/2377 2881/2764/2380
f 2864/2720/2336 4527/2776/2392 2881/2764/2380 1790/2721/2337
f 1792/2713/2329 2913/2779/2395 4528/2780/2396 2865/2716/2332
f 2913/2779/2395 1808/2781/2397 2902/2782/2398 4528/2780/2396
f 4528/2780/2396 2902/2782/2398 1807/2777/2393 2912/2775/2391
f 2865/2716/2332 4528/2780/2396 2912/2775/2391 1791/2717/2333
f 1793/2709/2325 2914/2783/2399 4529/2784/2400 2866/2712/2328
f 2914/2783/2399 1809/2785/2401 2903/2786/2402 4529/2784/2400
f 4529/2784/2400 2903/2786/2402 1808/2781/2397 2913/2779/2395
f 2866/2712/2328 4529/2784/2400 2913/2779/2395 1792/2713/2329
f 1794/2705/2321 2915/2787/2403 4530/2788/2404 2867/2708/2324
f 2915/2787/2403 1810/2789/2405 2904/2790/2406 4530/2788/2404
f 4530/2788/2404 2904/2790/2406 1809/2785/2401 2914/2783/2399
f 2867/2708/2324 4530/2788/2404 2914/2783/2399 1793/2709/2325
f 1796/2697/2313 2911/2774/2390 4531/2791/2407 2869/2700/2316
f 2911/2774/2390 1812/2773/2389 2906/2792/2408 4531/2791/2407
f 4531/2791/2407 2906/2792/2408 1811/2793/2409 2916/2794/2410
f 2869/2700/2316 4531/2791/2407 2916/2794/2410 1795/2701/2317
f 1795/2701/2317 2916/2794/2410 4532/2795/2411 2868/2704/2320
f 2916/2794/2410 1811/2793/2409 2905/2796/2412 4532/2795/2411
f 4532/2795/2411 2905/2796/2412 1810/2789/2405 2915/2787/2403
f 2868/2704/2320 4532/2795/2411 2915/2787/2403 1794/2705/2321
f 1799/2757/2373 2882/2762/2378 4533/2797/2413 2917/2798/2414
f 2882/2762/2378 1798/2761/2377 2901/2778/2394 4533/2797/2413
f 4533/2797/2413 2901/2778/2394 1807/2777/2393 2926/2799/2415
f 2917/2798/2414 4533/2797/2413 2926/2799/2415 1814/2800/2416
f 1808/2781/2397 2927/2801/2417 4534/2802/2418 2902/2782/2398
f 2927/2801/2417 1815/2803/2419 2918/2804/2420 4534/2802/2418
f 4534/2802/2418 2918/2804/2420 1814/2800/2416 2926/2799/2415
f 2902/2782/2398 4534/2802/2418 2926/2799/2415 1807/2777/2393
f 1809/2785/2401 2928/2805/2421 4535/2806/2422 2903/2786/2402
f 2928/2805/2421 1816/2807/2423 2919/2808/2424 4535/2806/2422
f 4535/2806/2422 2919/2808/2424 1815/2803/2419 2927/2801/2417
f 2903/2786/2402 4535/2806/2422 2927/2801/2417 1808/2781/2397
f 1810/2789/2405 2929/2809/2425 4536/2810/2426 2904/2790/2406
f 2929/2809/2425 1817/2811/2427 2920/2812/2428 4536/2810/2426
f 4536/2810/2426 2920/2812/2428 1816/2807/2423 2928/2805/2421
f 2904/2790/2406 4536/2810/2426 2928/2805/2421 1809/2785/2401
f 1811/2793/2409 2930/2813/2429 4537/2814/2430 2905/2796/2412
f 2930/2813/2429 1818/2815/2431 2921/2816/2432 4537/2814/2430
f 4537/2814/2430 2921/2816/2432 1817/2811/2427 2929/2809/2425
f 2905/2796/2412 4537/2814/2430 2929/2809/2425 1810/2789/2405
f 1812/2773/2389 2931/2817/2433 4538/2818/2434 2906/2792/2408
f 2931/2817/2433 1819/2819/2435 2922/2820/2436 4538/2818/2434
f 4538/2818/2434 2922/2820/2436 1818/2815/2431 2930/2813/2429
f 2906/2792/2408 4538/2818/2434 2930/2813/2429 1811/2793/2409
f 2143/2767/2383 2925/2821/2437 4539/2822/2438 2908/2768/2384
f 2925/2821/2437 2151/2823/2439 2924/2824/2440 4539/2822/2438
f 4539/2822/2438 2924/2824/2440 1820/2825/2441 2932/2826/2442
f 2908/2768/2384 4539/2822/2438 2932/2826/2442 1813/2769/2385
f 1813/2769/2385 2932/2826/2442 4540/2827/2443 2907/2772/2388
f 2932/2826/2442 1820/2825/2441 2923/2828/2444 4540/2827/2443
f 4540/2827/2443 2923/2828/2444 1819/2819/2435 2931/2817/2433
f 2907/2772/2388 4540/2827/2443 2931/2817/2433 1812/2773/2389
f 2151/2823/2439 2941/2829/2445 4541/2830/2446 2924/2824/2440
f 2941/2829/2445 2159/2831/2447 2940/2832/2448 4541/2830/2446
f 4541/2830/2446 2940/2832/2448 1827/2833/2449 2942/2834/2450
f 2924/2824/2440 4541/2830/2446 2942/2834/2450 1820/2825/2441
f 1800/2753/2369 2883/2758/2374 4542/2835/2451 2933/2836/2452
f 2883/2758/2374 1799/2757/2373 2917/2798/2414 4542/2835/2451
f 4542/2835/2451 2917/2798/2414 1814/2800/2416 2943/2837/2453
f 2933/2836/2452 4542/2835/2451 2943/2837/2453 1821/2838/2454
f 1815/2803/2419 2944/2839/2455 4543/2840/2456 2918/2804/2420
f 2944/2839/2455 1822/2841/2457 2934/2842/2458 4543/2840/2456
f 4543/2840/2456 2934/2842/2458 1821/2838/2454 2943/2837/2453
f 2918/2804/2420 4543/2840/2456 2943/2837/2453 1814/2800/2416
f 1816/2807/2423 2945/2843/2459 4544/2844/2460 2919/2808/2424
f 2945/2843/2459 1823/2845/2461 2935/2846/2462 4544/2844/2460
f 4544/2844/2460 2935/2846/2462 1822/2841/2457 2944/2839/2455
f 2919/2808/2424 4544/2844/2460 2944/2839/2455 1815/2803/2419
f 1817/2811/2427 2946/2847/2463 4545/2848/2464 2920/2812/2428
f 2946/2847/2463 1824/2849/2465 2936/2850/2466 4545/2848/2464
f 4545/2848/2464 2936/2850/2466 1823/2845/2461 2945/2843/2459
f 2920/2812/2428 4545/2848/2464 2945/2843/2459 1816/2807/2423
f 1818/2815/2431 2947/2851/2467 4546/2852/2468 2921/2816/2432
f 2947/2851/2467 1825/2853/2469 2937/2854/2470 4546/2852/2468
f 4546/2852/2468 2937/2854/2470 1824/2849/2465 2946/2847/2463
f 2921/2816/2432 4546/2852/2468 2946/2847/2463 1817/2811/2427
f 1820/2825/2441 2942/2834/2450 4547/2855/2471 2923/2828/2444
f 2942/2834/2450 1827/2833/2449 2939/2856/2472 4547/2855/2471
f 4547/2855/2471 2939/2856/2472 1826/2857/2473 2948/2858/2474
f 2923/2828/2444 4547/2855/2471 2948/2858/2474 1819/2819/2435
f 1819/2819/2435 2948/2858/2474 4548/2859/2475 2922/2820/2436
f 2948/2858/2474 1826/2857/2473 2938/2860/2476 4548/2859/2475
f 4548/2859/2475 2938/2860/2476 1825/2853/2469 2947/2851/2467
f 2922/2820/2436 4548/2859/2475 2947/2851/2467 1818/2815/2431
f 2135/2725/2341 2890/2728/2344 4549/2861/2477 2951/2862/2478
f 2890/2728/2344 1806/2730/2346 2950/2863/2479 4549/2861/2477
f 4549/2861/2477 2950/2863/2479 1828/2864/2480 2949/2865/2481
f 2951/2862/2478 4549/2861/2477 2949/2865/2481 2161/2866/2482
f 2161/2866/2482 2949/2865/2481 4550/2867/2483 2954/2868/2484
f 2949/2865/2481 1828/2864/2480 2953/2869/2485 4550/2867/2483
f 4550/2867/2483 2953/2869/2485 1829/2870/2486 2952/2871/2487
f 2954/2868/2484 4550/2867/2483 2952/2871/2487 2163/2872/2488
f 2163/2872/2488 2952/2871/2487 4551/2873/2489 2957/2874/2490
f 2952/2871/2487 1829/2870/2486 2956/2875/2491 4551/2873/2489
f 4551/2873/2489 2956/2875/2491 1830/2876/2492 2955/2877/2493
f 2957/2874/2490 4551/2873/2489 2955/2877/2493 2165/2878/2494
f 2165/2878/2494 2955/2877/2493 4552/2879/2495 2960/2880/2496
f 2955/2877/2493 1830/2876/2492 2959/2881/2497 4552/2879/2495
f 4552/2879/2495 2959/2881/2497 1831/2882/2498 2958/2883/2499
f 2960/2880/2496 4552/2879/2495 2958/2883/2499 2167/2884/2500
f 2167/2884/2500 2958/2883/2499 4553/2885/2501 2963/2886/2502
f 2958/2883/2499 1831/2882/2498 2962/2887/2503 4553/2885/2501
f 4553/2885/2501 2962/2887/2503 1832/2888/2504 2961/2889/2505
f 2963/2886/2502 4553/2885/2501 2961/2889/2505 2169/2890/2506
f 1801/2749/2365 2884/2754/2370 4554/2891/2507 2970/2892/2508
f 2884/2754/2370 1800/2753/2369 2933/2836/2452 4554/2891/2507
f 4554/2891/2507 2933/2836/2452 1821/2838/2454 2969/2893/2509
f 2970/2892/2508 4554/2891/2507 2969/2893/2509 1837/2894/2510
f 1801/2749/2365 2970/2892/2508 4555/2895/2511 2885/2750/2366
f 2970/2892/2508 1837/2894/2510 2968/2896/2512 4555/2895/2511
f 4555/2895/2511 2968/2896/2512 1836/2897/2513 2971/2898/2514
f 2885/2750/2366 4555/2895/2511 2971/2898/2514 1802/2745/2361
f 1805/2733/2349 2972/2899/2515 4556/2900/2516 2889/2734/2350
f 2972/2899/2515 1833/2901/2517 2964/2902/2518 4556/2900/2516
f 4556/2900/2516 2964/2902/2518 1828/2864/2480 2950/2863/2479
f 2889/2734/2350 4556/2900/2516 2950/2863/2479 1806/2730/2346
f 1804/2737/2353 2973/2903/2519 4557/2904/2520 2888/2738/2354
f 2973/2903/2519 1834/2905/2521 2965/2906/2522 4557/2904/2520
f 4557/2904/2520 2965/2906/2522 1833/2901/2517 2972/2899/2515
f 2888/2738/2354 4557/2904/2520 2972/2899/2515 1805/2733/2349
f 1802/2745/2361 2971/2898/2514 4558/2907/2523 2886/2746/2362
f 2971/2898/2514 1836/2897/2513 2967/2908/2524 4558/2907/2523
f 4558/2907/2523 2967/2908/2524 1835/2909/2525 2974/2910/2526
f 2886/2746/2362 4558/2907/2523 2974/2910/2526 1803/2741/2357
f 1803/2741/2357 2974/2910/2526 4559/2911/2527 2887/2742/2358
f 2974/2910/2526 1835/2909/2525 2966/2912/2528 4559/2911/2527
f 4559/2911/2527 2966/2912/2528 1834/2905/2521 2973/2903/2519
f 2887/2742/2358 4559/2911/2527 2973/2903/2519 1804/2737/2353
f 1829/2870/2486 2953/2869/2485 4560/2913/2529 2975/2914/2530
f 2953/2869/2485 1828/2864/2480 2964/2902/2518 4560/2913/2529
f 4560/2913/2529 2964/2902/2518 1833/2901/2517 2990/2915/2531
f 2975/2914/2530 4560/2913/2529 2990/2915/2531 1838/2916/2532
f 1822/2841/2457 2991/2917/2533 4561/2918/2534 2934/2842/2458
f 2991/2917/2533 1842/2919/2535 2992/2920/2536 4561/2918/2534
f 4561/2918/2534 2992/2920/2536 1837/2894/2510 2969/2893/2509
f 2934/2842/2458 4561/2918/2534 2969/2893/2509 1821/2838/2454
f 1834/2905/2521 2993/2921/2537 4562/2922/2538 2965/2906/2522
f 2993/2921/2537 1839/2923/2539 2976/2924/2540 4562/2922/2538
f 4562/2922/2538 2976/2924/2540 1838/2916/2532 2990/2915/2531
f 2965/2906/2522 4562/2922/2538 2990/2915/2531 1833/2901/2517
f 1835/2909/2525 2994/2925/2541 4563/2926/2542 2966/2912/2528
f 2994/2925/2541 1840/2927/2543 2977/2928/2544 4563/2926/2542
f 4563/2926/2542 2977/2928/2544 1839/2923/2539 2993/2921/2537
f 2966/2912/2528 4563/2926/2542 2993/2921/2537 1834/2905/2521
f 1836/2897/2513 2995/2929/2545 4564/2930/2546 2967/2908/2524
f 2995/2929/2545 1841/2931/2547 2978/2932/2548 4564/2930/2546
f 4564/2930/2546 2978/2932/2548 1840/2927/2543 2994/2925/2541
f 2967/2908/2524 4564/2930/2546 2994/2925/2541 1835/2909/2525
f 1837/2894/2510 2992/2920/2536 4565/2933/2549 2968/2896/2512
f 2992/2920/2536 1842/2919/2535 2979/2934/2550 4565/2933/2549
f 4565/2933/2549 2979/2934/2550 1841/2931/2547 2995/2929/2545
f 2968/2896/2512 4565/2933/2549 2995/2929/2545 1836/2897/2513
f 1823/2845/2461 2996/2935/2551 4566/2936/2552 2935/2846/2462
f 2996/2935/2551 1847/2937/2553 2997/2938/2554 4566/2936/2552
f 4566/2936/2552 2997/2938/2554 1842/2919/2535 2991/2917/2533
f 2935/2846/2462 4566/2936/2552 2991/2917/2533 1822/2841/2457
f 1830/2876/2492 2956/2875/2491 4567/2939/2555 2980/2940/2556
f 2956/2875/2491 1829/2870/2486 2975/2914/2530 4567/2939/2555
f 4567/2939/2555 2975/2914/2530 1838/2916/2532 2998/2941/2557
f 2980/2940/2556 4567/2939/2555 2998/2941/2557 1843/2942/2558
f 1839/2923/2539 2999/2943/2559 4568/2944/2560 2976/2924/2540
f 2999/2943/2559 1844/2945/2561 2981/2946/2562 4568/2944/2560
f 4568/2944/2560 2981/2946/2562 1843/2942/2558 2998/2941/2557
f 2976/2924/2540 4568/2944/2560 2998/2941/2557 1838/2916/2532
f 1840/2927/2543 3000/2947/2563 4569/2948/2564 2977/2928/2544
f 3000/2947/2563 1845/2949/2565 2982/2950/2566 4569/2948/2564
f 4569/2948/2564 2982/2950/2566 1844/2945/2561 2999/2943/2559
f 2977/2928/2544 4569/2948/2564 2999/2943/2559 1839/2923/2539
f 1842/2919/2535 2997/2938/2554 4570/2951/2567 2979/2934/2550
f 2997/2938/2554 1847/2937/2553 2984/2952/2568 4570/2951/2567
f 4570/2951/2567 2984/2952/2568 1846/2953/2569 3001/2954/2570
f 2979/2934/2550 4570/2951/2567 3001/2954/2570 1841/2931/2547
f 1841/2931/2547 3001/2954/2570 4571/2955/2571 2978/2932/2548
f 3001/2954/2570 1846/2953/2569 2983/2956/2572 4571/2955/2571
f 4571/2955/2571 2983/2956/2572 1845/2949/2565 3000/2947/2563
f 2978/2932/2548 4571/2955/2571 3000/2947/2563 1840/2927/2543
f 1824/2849/2465 3002/2957/2573 4572/2958/2574 2936/2850/2466
f 3002/2957/2573 1852/2959/2575 3003/2960/2576 4572/2958/2574
f 4572/2958/2574 3003/2960/2576 1847/2937/2553 2996/2935/2551
f 2936/2850/2466 4572/2958/2574 2996/2935/2551 1823/2845/2461
f 1847/2937/2553 3003/2960/2576 4573/2961/2577 2984/2952/2568
f 3003/2960/2576 1852/2959/2575 2989/2962/2578 4573/2961/2577
f 4573/2961/2577 2989/2962/2578 1851/2963/2579 3004/2964/2580
f 2984/2952/2568 4573/2961/2577 3004/2964/2580 1846/2953/2569
f 1846/2953/2569 3004/2964/2580 4574/2965/2581 2983/2956/2572
f 3004/2964/2580 1851/2963/2579 2988/2966/2582 4574/2965/2581
f 4574/2965/2581 2988/2966/2582 1850/2967/2583 3005/2968/2584
f 2983/2956/2572 4574/2965/2581 3005/2968/2584 1845/2949/2565
f 1845/2949/2565 3005/2968/2584 4575/2969/2585 2982/2950/2566
f 3005/2968/2584 1850/2967/2583 2987/2970/2586 4575/2969/2585
f 4575/2969/2585 2987/2970/2586 1849/2971/2587 3006/2972/2588
f 2982/2950/2566 4575/2969/2585 3006/2972/2588 1844/2945/2561
f 1844/2945/2561 3006/2972/2588 4576/2973/2589 2981/2946/2562
f 3006/2972/2588 1849/2971/2587 2986/2974/2590 4576/2973/2589
f 4576/2973/2589 2986/2974/2590 1848/2975/2591 3007/2976/2592
f 2981/2946/2562 4576/2973/2589 3007/2976/2592 1843/2942/2558
f 1831/2882/2498 2959/2881/2497 4577/2977/2593 2985/2978/2594
f 2959/2881/2497 1830/2876/2492 2980/2940/2556 4577/2977/2593
f 4577/2977/2593 2980/2940/2556 1843/2942/2558 3007/2976/2592
f 2985/2978/2594 4577/2977/2593 3007/2976/2592 1848/2975/2591
f 1825/2853/2469 3013/2979/2595 4578/2980/2596 2937/2854/2470
f 3013/2979/2595 1857/2981/2597 3014/2982/2598 4578/2980/2596
f 4578/2980/2596 3014/2982/2598 1852/2959/2575 3002/2957/2573
f 2937/2854/2470 4578/2980/2596 3002/2957/2573 1824/2849/2465
f 1852/2959/2575 3014/2982/2598 4579/2983/2599 2989/2962/2578
f 3014/2982/2598 1857/2981/2597 3012/2984/2600 4579/2983/2599
f 4579/2983/2599 3012/2984/2600 1856/2985/2601 3015/2986/2602
f 2989/2962/2578 4579/2983/2599 3015/2986/2602 1851/2963/2579
f 1851/2963/2579 3015/2986/2602 4580/2987/2603 2988/2966/2582
f 3015/2986/2602 1856/2985/2601 3011/2988/2604 4580/2987/2603
f 4580/2987/2603 3011/2988/2604 1855/2989/2605 3016/2990/2606
f 2988/2966/2582 4580/2987/2603 3016/2990/2606 1850/2967/2583
f 1850/2967/2583 3016/2990/2606 4581/2991/2607 2987/2970/2586
f 3016/2990/2606 1855/2989/2605 3010/2992/2608 4581/2991/2607
f 4581/2991/2607 3010/2992/2608 1854/2993/2609 3017/2994/2610
f 2987/2970/2586 4581/2991/2607 3017/2994/2610 1849/2971/2587
f 1849/2971/2587 3017/2994/2610 4582/2995/2611 2986/2974/2590
f 3017/2994/2610 1854/2993/2609 3009/2996/2612 4582/2995/2611
f 4582/2995/2611 3009/2996/2612 1853/2997/2613 3018/2998/2614
f 2986/2974/2590 4582/2995/2611 3018/2998/2614 1848/2975/2591
f 1832/2888/2504 2962/2887/2503 4583/2999/2615 3008/3000/2616
f 2962/2887/2503 1831/2882/2498 2985/2978/2594 4583/2999/2615
f 4583/2999/2615 2985/2978/2594 1848/2975/2591 3018/2998/2614
f 3008/3000/2616 4583/2999/2615 3018/2998/2614 1853/2997/2613
f 2159/2831/2447 3023/3001/2617 4584/3002/2618 2940/2832/2448
f 3023/3001/2617 2197/3003/2619 3024/3004/2620 4584/3002/2618
f 4584/3002/2618 3024/3004/2620 1859/3005/2621 3022/3006/2622
f 2940/2832/2448 4584/3002/2618 3022/3006/2622 1827/2833/2449
f 1825/2853/2469 2938/2860/2476 4585/3007/2623 3013/2979/2595
f 2938/2860/2476 1826/2857/2473 3019/3008/2624 4585/3007/2623
f 4585/3007/2623 3019/3008/2624 1858/3009/2625 3021/3010/2626
f 3013/2979/2595 4585/3007/2623 3021/3010/2626 1857/2981/2597
f 1827/2833/2449 3022/3006/2622 4586/3011/2627 2939/2856/2472
f 3022/3006/2622 1859/3005/2621 3020/3012/2628 4586/3011/2627
f 4586/3011/2627 3020/3012/2628 1858/3009/2625 3019/3008/2624
f 2939/2856/2472 4586/3011/2627 3019/3008/2624 1826/2857/2473
f 1859/3005/2621 3030/3013/2629 4587/3014/2630 3020/3012/2628
f 3030/3013/2629 1861/3015/2631 3026/3016/2632 4587/3014/2630
f 4587/3014/2630 3026/3016/2632 1860/3017/2633 3029/3018/2634
f 3020/3012/2628 4587/3014/2630 3029/3018/2634 1858/3009/2625
f 2197/3003/2619 3028/3019/2635 4588/3020/2636 3024/3004/2620
f 3028/3019/2635 2200/3021/2637 3027/3022/2638 4588/3020/2636
f 4588/3020/2636 3027/3022/2638 1861/3015/2631 3030/3013/2629
f 3024/3004/2620 4588/3020/2636 3030/3013/2629 1859/3005/2621
f 1856/2985/2601 3012/2984/2600 4589/3023/2639 3025/3024/2640
f 3012/2984/2600 1857/2981/2597 3021/3010/2626 4589/3023/2639
f 4589/3023/2639 3021/3010/2626 1858/3009/2625 3029/3018/2634
f 3025/3024/2640 4589/3023/2639 3029/3018/2634 1860/3017/2633
f 1854/2993/2609 3010/2992/2608 4590/3025/2641 3040/3026/2642
f 1855/2989/2605 3042/3027/2643 4590/3025/2641 3010/2992/2608
f 1864/3028/2644 3040/3026/2642 4590/3025/2641 3042/3027/2643
f 2169/2890/2506 2961/2889/2505 4591/3029/2645 3036/3030/2646
f 2961/2889/2505 1832/2888/2504 3037/3031/2647 4591/3029/2645
f 4591/3029/2645 3037/3031/2647 1863/3032/2648 3038/3033/2649
f 3036/3030/2646 4591/3029/2645 3038/3033/2649 2202/3034/2650
f 1853/2997/2613 3032/3035/2651 4592/3036/2652 3008/3000/2616
f 3032/3035/2651 1862/3037/2653 3039/3038/2654 4592/3036/2652
f 4592/3036/2652 3039/3038/2654 1863/3032/2648 3037/3031/2647
f 3008/3000/2616 4592/3036/2652 3037/3031/2647 1832/2888/2504
f 1853/2997/2613 3009/2996/2612 4593/3039/2655 3032/3035/2651
f 3009/2996/2612 1854/2993/2609 3040/3026/2642 4593/3039/2655
f 4593/3039/2655 3040/3026/2642 1864/3028/2644 3041/3040/2656
f 3032/3035/2651 4593/3039/2655 3041/3040/2656 1862/3037/2653
f 1860/3017/2633 3026/3016/2632 4594/3041/2657 3033/3042/2658
f 1861/3015/2631 3043/3043/2659 4594/3041/2657 3026/3016/2632
f 1862/3037/2653 3033/3042/2658 4594/3041/2657 3043/3043/2659
f 2202/3034/2650 3038/3033/2649 4595/3044/2660 3035/3045/2661
f 3038/3033/2649 1863/3032/2648 3034/3046/2662 4595/3044/2660
f 4595/3044/2660 3034/3046/2662 1861/3015/2631 3027/3022/2638
f 3035/3045/2661 4595/3044/2660 3027/3022/2638 2200/3021/2637
f 1862/3037/2653 3041/3040/2656 4596/3047/2663 3033/3042/2658
f 1864/3028/2644 3031/3048/2664 4596/3047/2663 3041/3040/2656
f 1860/3017/2633 3033/3042/2658 4596/3047/2663 3031/3048/2664
f 1864/3028/2644 3042/3027/2643 4597/3049/2665 3031/3048/2664
f 3042/3027/2643 1855/2989/2605 3011/2988/2604 4597/3049/2665
f 4597/3049/2665 3011/2988/2604 1856/2985/2601 3025/3024/2640
f 3031/3048/2664 4597/3049/2665 3025/3024/2640 1860/3017/2633
f 1862/3037/2653 3043/3043/2659 4598/3050/2666 3039/3038/2654
f 1861/3015/2631 3034/3046/2662 4598/3050/2666 3043/3043/2659
f 1863/3032/2648 3039/3038/2654 4598/3050/2666 3034/3046/2662
f 1946/3051/2667 3195/3052/2668 4599/3053/2669 3187/3054/2670
f 3195/3052/2668 1939/3055/2671 3069/3056/2672 4599/3053/2669
f 4599/3053/2669 3069/3056/2672 1867/3057/2673 3045/3058/2674
f 3187/3054/2670 4599/3053/2669 3045/3058/2674 1866/3059/2675
f 1939/3055/2671 3194/3060/2676 4600/3061/2677 3069/3056/2672
f 3194/3060/2676 1940/3062/2678 3070/3063/2679 4600/3061/2677
f 4600/3061/2677 3070/3063/2679 1868/3064/2680 3046/3065/2681
f 3069/3056/2672 4600/3061/2677 3046/3065/2681 1867/3057/2673
f 1940/3062/2678 3193/3066/2682 4601/3067/2683 3070/3063/2679
f 3193/3066/2682 1941/3068/2684 3071/3069/2685 4601/3067/2683
f 4601/3067/2683 3071/3069/2685 1869/3070/2686 3047/3071/2687
f 3070/3063/2679 4601/3067/2683 3047/3071/2687 1868/3064/2680
f 1941/3068/2684 3192/3072/2688 4602/3073/2689 3071/3069/2685
f 3192/3072/2688 1942/3074/2690 3072/3075/2691 4602/3073/2689
f 4602/3073/2689 3072/3075/2691 1870/3076/2692 3048/3077/2693
f 3071/3069/2685 4602/3073/2689 3048/3077/2693 1869/3070/2686
f 1942/3074/2690 3191/3078/2694 4603/3079/2695 3072/3075/2691
f 3191/3078/2694 1943/3080/2696 3073/3081/2697 4603/3079/2695
f 4603/3079/2695 3073/3081/2697 1871/3082/2698 3049/3083/2699
f 3072/3075/2691 4603/3079/2695 3049/3083/2699 1870/3076/2692
f 1943/3080/2696 3190/3084/2700 4604/3085/2701 3073/3081/2697
f 3190/3084/2700 1944/3086/2702 3074/3087/2703 4604/3085/2701
f 4604/3085/2701 3074/3087/2703 1872/3088/2704 3050/3089/2705
f 3073/3081/2697 4604/3085/2701 3050/3089/2705 1871/3082/2698
f 1944/3086/2702 3189/3090/2706 4605/3091/2707 3074/3087/2703
f 3189/3090/2706 1945/3092/2708 3075/3093/2709 4605/3091/2707
f 4605/3091/2707 3075/3093/2709 1865/3094/2710 3051/3095/2711
f 3074/3087/2703 4605/3091/2707 3051/3095/2711 1872/3088/2704
f 1945/3096/2708 3188/3097/2712 4606/3098/2713 3075/3099/2709
f 3188/3097/2712 1946/3051/2667 3187/3054/2670 4606/3098/2713
f 4606/3098/2713 3187/3054/2670 1866/3059/2675 3044/3100/2714
f 3075/3099/2709 4606/3098/2713 3044/3100/2714 1865/3101/2710
f 1938/3102/2715 3179/3103/2716 4607/3104/2717 3171/3105/2718
f 3179/3103/2716 1931/3106/2719 3085/3107/2720 4607/3104/2717
f 4607/3104/2717 3085/3107/2720 1875/3108/2721 3053/3109/2722
f 3171/3105/2718 4607/3104/2717 3053/3109/2722 1874/3110/2723
f 1931/3106/2719 3178/3111/2724 4608/3112/2725 3085/3107/2720
f 3178/3111/2724 1932/3113/2726 3086/3114/2727 4608/3112/2725
f 4608/3112/2725 3086/3114/2727 1876/3115/2728 3054/3116/2729
f 3085/3107/2720 4608/3112/2725 3054/3116/2729 1875/3108/2721
f 1932/3113/2726 3177/3117/2730 4609/3118/2731 3086/3114/2727
f 3177/3117/2730 1933/3119/2732 3087/3120/2733 4609/3118/2731
f 4609/3118/2731 3087/3120/2733 1877/3121/2734 3055/3122/2735
f 3086/3114/2727 4609/3118/2731 3055/3122/2735 1876/3115/2728
f 1933/3119/2732 3176/3123/2736 4610/3124/2737 3087/3120/2733
f 3176/3123/2736 1934/3125/2738 3088/3126/2739 4610/3124/2737
f 4610/3124/2737 3088/3126/2739 1878/3127/2740 3056/3128/2741
f 3087/3120/2733 4610/3124/2737 3056/3128/2741 1877/3121/2734
f 1934/3125/2738 3175/3129/2742 4611/3130/2743 3088/3126/2739
f 3175/3129/2742 1935/3131/2744 3089/3132/2745 4611/3130/2743
f 4611/3130/2743 3089/3132/2745 1879/3133/2746 3057/3134/2747
f 3088/3126/2739 4611/3130/2743 3057/3134/2747 1878/3127/2740
f 1935/3131/2744 3174/3135/2748 4612/3136/2749 3089/3132/2745
f 3174/3135/2748 1936/3137/2750 3090/3138/2751 4612/3136/2749
f 4612/3136/2749 3090/3138/2751 1880/3139/2752 3058/3140/2753
f 3089/3132/2745 4612/3136/2749 3058/3140/2753 1879/3133/2746
f 1936/3137/2750 3173/3141/2754 4613/3142/2755 3090/3138/2751
f 3173/3141/2754 1937/3143/2756 3091/3144/2757 4613/3142/2755
f 4613/3142/2755 3091/3144/2757 1873/3145/2758 3059/3146/2759
f 3090/3138/2751 4613/3142/2755 3059/3146/2759 1880/3139/2752
f 1937/3147/2756 3172/3148/2760 4614/3149/2761 3091/3150/2757
f 3172/3148/2760 1938/3102/2715 3171/3105/2718 4614/3149/2761
f 4614/3149/2761 3171/3105/2718 1874/3110/2723 3052/3151/2762
f 3091/3150/2757 4614/3149/2761 3052/3151/2762 1873/3152/2758
f 1893/3153/2763 3080/3154/2764 4615/3155/2765 3099/3156/2766
f 3080/3154/2764 1894/3157/2767 3084/3158/2768 4615/3155/2765
f 4615/3155/2765 3084/3158/2768 1897/3159/2769 3100/3160/2770
f 3099/3156/2766 4615/3155/2765 3100/3160/2770 1904/3161/2771
f 1892/3162/2772 3079/3163/2773 4616/3164/2774 3098/3165/2775
f 3079/3163/2773 1893/3166/2763 3099/3167/2766 4616/3164/2774
f 4616/3164/2774 3099/3167/2766 1904/3168/2771 3101/3169/2776
f 3098/3165/2775 4616/3164/2774 3101/3169/2776 1903/3170/2777
f 1891/3171/2778 3078/3172/2779 4617/3173/2780 3097/3174/2781
f 3078/3172/2779 1892/3162/2772 3098/3165/2775 4617/3173/2780
f 4617/3173/2780 3098/3165/2775 1903/3170/2777 3102/3175/2782
f 3097/3174/2781 4617/3173/2780 3102/3175/2782 1902/3176/2783
f 1890/3177/2784 3077/3178/2785 4618/3179/2786 3096/3180/2787
f 3077/3178/2785 1891/3171/2778 3097/3174/2781 4618/3179/2786
f 4618/3179/2786 3097/3174/2781 1902/3176/2783 3103/3181/2788
f 3096/3180/2787 4618/3179/2786 3103/3181/2788 1901/3182/2789
f 1889/3183/2790 3076/3184/2791 4619/3185/2792 3095/3186/2793
f 3076/3184/2791 1890/3177/2784 3096/3180/2787 4619/3185/2792
f 4619/3185/2792 3096/3180/2787 1901/3182/2789 3104/3187/2794
f 3095/3186/2793 4619/3185/2792 3104/3187/2794 1900/3188/2795
f 1896/3189/2796 3083/3190/2797 4620/3191/2798 3094/3192/2799
f 3083/3190/2797 1889/3183/2790 3095/3186/2793 4620/3191/2798
f 4620/3191/2798 3095/3186/2793 1900/3188/2795 3105/3193/2800
f 3094/3192/2799 4620/3191/2798 3105/3193/2800 1899/3194/2801
f 1895/3195/2802 3082/3196/2803 4621/3197/2804 3093/3198/2805
f 3082/3196/2803 1896/3189/2796 3094/3192/2799 4621/3197/2804
f 4621/3197/2804 3094/3192/2799 1899/3194/2801 3106/3199/2806
f 3093/3198/2805 4621/3197/2804 3106/3199/2806 1898/3200/2807
f 1894/3157/2767 3081/3201/2808 4622/3202/2809 3084/3158/2768
f 3081/3201/2808 1895/3195/2802 3093/3198/2805 4622/3202/2809
f 4622/3202/2809 3093/3198/2805 1898/3200/2807 3107/3203/2810
f 3084/3158/2768 4622/3202/2809 3107/3203/2810 1897/3159/2769
f 1885/3204/2811 3064/3205/2812 4623/3206/2813 3115/3207/2814
f 3064/3205/2812 1886/3208/2815 3068/3209/2816 4623/3206/2813
f 4623/3206/2813 3068/3209/2816 1905/3210/2817 3116/3211/2818
f 3115/3207/2814 4623/3206/2813 3116/3211/2818 1912/3212/2819
f 1884/3213/2820 3063/3214/2821 4624/3215/2822 3114/3216/2823
f 3063/3214/2821 1885/3217/2811 3115/3218/2814 4624/3215/2822
f 4624/3215/2822 3115/3218/2814 1912/3219/2819 3117/3220/2824
f 3114/3216/2823 4624/3215/2822 3117/3220/2824 1911/3221/2825
f 1883/3222/2826 3062/3223/2827 4625/3224/2828 3113/3225/2829
f 3062/3223/2827 1884/3213/2820 3114/3216/2823 4625/3224/2828
f 4625/3224/2828 3114/3216/2823 1911/3221/2825 3118/3226/2830
f 3113/3225/2829 4625/3224/2828 3118/3226/2830 1910/3227/2831
f 1882/3228/2832 3061/3229/2833 4626/3230/2834 3112/3231/2835
f 3061/3229/2833 1883/3222/2826 3113/3225/2829 4626/3230/2834
f 4626/3230/2834 3113/3225/2829 1910/3227/2831 3119/3232/2836
f 3112/3231/2835 4626/3230/2834 3119/3232/2836 1909/3233/2837
f 1881/3234/2838 3060/3235/2839 4627/3236/2840 3111/3237/2841
f 3060/3235/2839 1882/3228/2832 3112/3231/2835 4627/3236/2840
f 4627/3236/2840 3112/3231/2835 1909/3233/2837 3120/3238/2842
f 3111/3237/2841 4627/3236/2840 3120/3238/2842 1908/3239/2843
f 1888/3240/2844 3067/3241/2845 4628/3242/2846 3110/3243/2847
f 3067/3241/2845 1881/3234/2838 3111/3237/2841 4628/3242/2846
f 4628/3242/2846 3111/3237/2841 1908/3239/2843 3121/3244/2848
f 3110/3243/2847 4628/3242/2846 3121/3244/2848 1907/3245/2849
f 1887/3246/2850 3066/3247/2851 4629/3248/2852 3109/3249/2853
f 3066/3247/2851 1888/3240/2844 3110/3243/2847 4629/3248/2852
f 4629/3248/2852 3110/3243/2847 1907/3245/2849 3122/3250/2854
f 3109/3249/2853 4629/3248/2852 3122/3250/2854 1906/3251/2855
f 1886/3208/2815 3065/3252/2856 4630/3253/2857 3068/3209/2816
f 3065/3252/2856 1887/3246/2850 3109/3249/2853 4630/3253/2857
f 4630/3253/2857 3109/3249/2853 1906/3251/2855 3123/3254/2858
f 3068/3209/2816 4630/3253/2857 3123/3254/2858 1905/3210/2817
f 1888/3255/2844 3066/3256/2851 4631/3257/2859 3133/3258/2860
f 3066/3256/2851 1887/3259/2850 3132/3260/2861 4631/3257/2859
f 4631/3257/2859 3132/3260/2861 1919/3261/2862 3130/3262/2863
f 3133/3258/2860 4631/3257/2859 3130/3262/2863 1920/3263/2864
f 1886/3264/2815 3064/3265/2812 4632/3266/2865 3135/3267/2866
f 3064/3265/2812 1885/3268/2811 3134/3269/2867 4632/3266/2865
f 4632/3266/2865 3134/3269/2867 1917/3270/2868 3128/3271/2869
f 3135/3267/2866 4632/3266/2865 3128/3271/2869 1918/3272/2870
f 1884/3273/2820 3062/3274/2827 4633/3275/2871 3137/3276/2872
f 3062/3274/2827 1883/3277/2826 3136/3278/2873 4633/3275/2871
f 4633/3275/2871 3136/3278/2873 1915/3279/2874 3126/3280/2875
f 3137/3276/2872 4633/3275/2871 3126/3280/2875 1916/3281/2876
f 1882/3282/2832 3060/3283/2839 4634/3284/2877 3139/3285/2878
f 3060/3283/2839 1881/3286/2838 3138/3287/2879 4634/3284/2877
f 4634/3284/2877 3138/3287/2879 1913/3288/2880 3124/3289/2881
f 3139/3285/2878 4634/3284/2877 3124/3289/2881 1914/3290/2882
f 1881/3286/2838 3067/3291/2845 4635/3292/2883 3138/3287/2879
f 3067/3291/2845 1888/3255/2844 3133/3258/2860 4635/3292/2883
f 4635/3292/2883 3133/3258/2860 1920/3263/2864 3131/3293/2884
f 3138/3287/2879 4635/3292/2883 3131/3293/2884 1913/3288/2880
f 1887/3259/2850 3065/3294/2856 4636/3295/2885 3132/3260/2861
f 3065/3294/2856 1886/3264/2815 3135/3267/2866 4636/3295/2885
f 4636/3295/2885 3135/3267/2866 1918/3272/2870 3129/3296/2886
f 3132/3260/2861 4636/3295/2885 3129/3296/2886 1919/3261/2862
f 1885/3268/2811 3063/3297/2821 4637/3298/2887 3134/3269/2867
f 3063/3297/2821 1884/3273/2820 3137/3276/2872 4637/3298/2887
f 4637/3298/2887 3137/3276/2872 1916/3281/2876 3127/3299/2888
f 3134/3269/2867 4637/3298/2887 3127/3299/2888 1917/3270/2868
f 1883/3277/2826 3061/3300/2833 4638/3301/2889 3136/3278/2873
f 3061/3300/2833 1882/3282/2832 3139/3285/2878 4638/3301/2889
f 4638/3301/2889 3139/3285/2878 1914/3290/2882 3125/3302/2890
f 3136/3278/2873 4638/3301/2889 3125/3302/2890 1915/3279/2874
f 1930/3303/2891 3162/3304/2891 4639/3305/2891 3160/3306/2891
f 3162/3304/2891 1919/3261/2862 3129/3296/2886 4639/3305/2891
f 4639/3305/2891 3129/3296/2886 1918/3272/2870 3128/3271/2869
f 3160/3306/2891 4639/3305/2891 3128/3271/2869 1917/3270/2868
f 1893/3307/2763 3079/3308/2773 4640/3309/2892 3149/3310/2893
f 3079/3308/2773 1892/3311/2772 3148/3312/2894 4640/3309/2892
f 4640/3309/2892 3148/3312/2894 1924/3313/2895 3143/3314/2896
f 3149/3310/2893 4640/3309/2892 3143/3314/2896 1925/3315/2897
f 1891/3316/2778 3077/3317/2785 4641/3318/2898 3151/3319/2899
f 3077/3317/2785 1890/3320/2784 3150/3321/2900 4641/3318/2898
f 4641/3318/2898 3150/3321/2900 1922/3322/2901 3141/3323/2902
f 3151/3319/2899 4641/3318/2898 3141/3323/2902 1923/3324/2903
f 1896/3325/2796 3082/3326/2803 4642/3327/2904 3153/3328/2905
f 3082/3326/2803 1895/3329/2802 3152/3330/2906 4642/3327/2904
f 4642/3327/2904 3152/3330/2906 1927/3331/2907 3146/3332/2908
f 3153/3328/2905 4642/3327/2904 3146/3332/2908 1928/3333/2909
f 1894/3334/2767 3080/3335/2764 4643/3336/2910 3154/3337/2911
f 3080/3335/2764 1893/3307/2763 3149/3310/2893 4643/3336/2910
f 4643/3336/2910 3149/3310/2893 1925/3315/2897 3144/3338/2912
f 3154/3337/2911 4643/3336/2910 3144/3338/2912 1926/3339/2913
f 1892/3311/2772 3078/3340/2779 4644/3341/2914 3148/3312/2894
f 3078/3340/2779 1891/3316/2778 3151/3319/2899 4644/3341/2914
f 4644/3341/2914 3151/3319/2899 1923/3324/2903 3142/3342/2915
f 3148/3312/2894 4644/3341/2914 3142/3342/2915 1924/3313/2895
f 1890/3320/2784 3076/3343/2791 4645/3344/2916 3150/3321/2900
f 3076/3343/2791 1889/3345/2790 3155/3346/2917 4645/3344/2916
f 4645/3344/2916 3155/3346/2917 1921/3347/2918 3140/3348/2919
f 3150/3321/2900 4645/3344/2916 3140/3348/2919 1922/3322/2901
f 1889/3345/2790 3083/3349/2797 4646/3350/2920 3155/3346/2917
f 3083/3349/2797 1896/3325/2796 3153/3328/2905 4646/3350/2920
f 4646/3350/2920 3153/3328/2905 1928/3333/2909 3147/3351/2921
f 3155/3346/2917 4646/3350/2920 3147/3351/2921 1921/3347/2918
f 1895/3329/2802 3081/3352/2808 4647/3353/2922 3152/3330/2906
f 3081/3352/2808 1894/3334/2767 3154/3337/2911 4647/3353/2922
f 4647/3353/2922 3154/3337/2911 1926/3339/2913 3145/3354/2923
f 3152/3330/2906 4647/3353/2922 3145/3354/2923 1927/3331/2907
f 1929/3355/2891 3158/3356/2891 4648/3357/2891 3156/3358/2891
f 3158/3356/2891 1927/3331/2907 3145/3354/2923 4648/3357/2891
f 4648/3357/2891 3145/3354/2923 1926/3339/2913 3144/3338/2912
f 3156/3358/2891 4648/3357/2891 3144/3338/2912 1925/3315/2897
f 1923/3324/2903 3159/3359/2891 4649/3360/2891 3142/3342/2915
f 3159/3359/2891 1929/3355/2891 3156/3358/2891 4649/3360/2891
f 4649/3360/2891 3156/3358/2891 1925/3315/2897 3143/3314/2896
f 3142/3342/2915 4649/3360/2891 3143/3314/2896 1924/3313/2895
f 1921/3347/2918 3147/3351/2921 4650/3361/2891 3157/3362/2891
f 3147/3351/2921 1928/3333/2909 3146/3332/2908 4650/3361/2891
f 4650/3361/2891 3146/3332/2908 1927/3331/2907 3158/3356/2891
f 3157/3362/2891 4650/3361/2891 3158/3356/2891 1929/3355/2891
f 1922/3322/2901 3140/3348/2919 4651/3363/2891 3141/3323/2902
f 3140/3348/2919 1921/3347/2918 3157/3362/2891 4651/3363/2891
f 4651/3363/2891 3157/3362/2891 1929/3355/2891 3159/3359/2891
f 3141/3323/2902 4651/3363/2891 3159/3359/2891 1923/3324/2903
f 1915/3279/2874 3163/3364/2891 4652/3365/2891 3126/3280/2875
f 3163/3364/2891 1930/3303/2891 3160/3306/2891 4652/3365/2891
f 4652/3365/2891 3160/3306/2891 1917/3270/2868 3127/3299/2888
f 3126/3280/2875 4652/3365/2891 3127/3299/2888 1916/3281/2876
f 1913/3288/2880 3131/3293/2884 4653/3366/2891 3161/3367/2891
f 3131/3293/2884 1920/3263/2864 3130/3262/2863 4653/3366/2891
f 4653/3366/2891 3130/3262/2863 1919/3261/2862 3162/3304/2891
f 3161/3367/2891 4653/3366/2891 3162/3304/2891 1930/3303/2891
f 1914/3290/2882 3124/3289/2881 4654/3368/2891 3125/3302/2890
f 3124/3289/2881 1913/3288/2880 3161/3367/2891 4654/3368/2891
f 4654/3368/2891 3161/3367/2891 1930/3303/2891 3163/3364/2891
f 3125/3302/2890 4654/3368/2891 3163/3364/2891 1915/3279/2874
f 1904/3161/2771 3100/3160/2770 4655/3369/2924 3170/3370/2925
f 3100/3160/2770 1897/3159/2769 3092/3371/2926 4655/3369/2924
f 4655/3369/2924 3092/3371/2926 1938/3102/2715 3172/3148/2760
f 3170/3370/2925 4655/3369/2924 3172/3148/2760 1937/3147/2756
f 1903/3170/2777 3101/3169/2776 4656/3372/2927 3169/3373/2928
f 3101/3169/2776 1904/3168/2771 3170/3374/2925 4656/3372/2927
f 4656/3372/2927 3170/3374/2925 1937/3143/2756 3173/3141/2754
f 3169/3373/2928 4656/3372/2927 3173/3141/2754 1936/3137/2750
f 1902/3176/2783 3102/3175/2782 4657/3375/2929 3168/3376/2930
f 3102/3175/2782 1903/3170/2777 3169/3373/2928 4657/3375/2929
f 4657/3375/2929 3169/3373/2928 1936/3137/2750 3174/3135/2748
f 3168/3376/2930 4657/3375/2929 3174/3135/2748 1935/3131/2744
f 1901/3182/2789 3103/3181/2788 4658/3377/2931 3167/3378/2932
f 3103/3181/2788 1902/3176/2783 3168/3376/2930 4658/3377/2931
f 4658/3377/2931 3168/3376/2930 1935/3131/2744 3175/3129/2742
f 3167/3378/2932 4658/3377/2931 3175/3129/2742 1934/3125/2738
f 1900/3188/2795 3104/3187/2794 4659/3379/2933 3166/3380/2934
f 3104/3187/2794 1901/3182/2789 3167/3378/2932 4659/3379/2933
f 4659/3379/2933 3167/3378/2932 1934/3125/2738 3176/3123/2736
f 3166/3380/2934 4659/3379/2933 3176/3123/2736 1933/3119/2732
f 1899/3194/2801 3105/3193/2800 4660/3381/2935 3165/3382/2936
f 3105/3193/2800 1900/3188/2795 3166/3380/2934 4660/3381/2935
f 4660/3381/2935 3166/3380/2934 1933/3119/2732 3177/3117/2730
f 3165/3382/2936 4660/3381/2935 3177/3117/2730 1932/3113/2726
f 1898/3200/2807 3106/3199/2806 4661/3383/2937 3164/3384/2938
f 3106/3199/2806 1899/3194/2801 3165/3382/2936 4661/3383/2937
f 4661/3383/2937 3165/3382/2936 1932/3113/2726 3178/3111/2724
f 3164/3384/2938 4661/3383/2937 3178/3111/2724 1931/3106/2719
f 1897/3159/2769 3107/3203/2810 4662/3385/2939 3092/3371/2926
f 3107/3203/2810 1898/3200/2807 3164/3384/2938 4662/3385/2939
f 4662/3385/2939 3164/3384/2938 1931/3106/2719 3179/3103/2716
f 3092/3371/2926 4662/3385/2939 3179/3103/2716 1938/3102/2715
f 1912/3212/2819 3116/3211/2818 4663/3386/2940 3186/3387/2941
f 3116/3211/2818 1905/3210/2817 3108/3388/2942 4663/3386/2940
f 4663/3386/2940 3108/3388/2942 1946/3051/2667 3188/3097/2712
f 3186/3387/2941 4663/3386/2940 3188/3097/2712 1945/3096/2708
f 1911/3221/2825 3117/3220/2824 4664/3389/2943 3185/3390/2944
f 3117/3220/2824 1912/3219/2819 3186/3391/2941 4664/3389/2943
f 4664/3389/2943 3186/3391/2941 1945/3092/2708 3189/3090/2706
f 3185/3390/2944 4664/3389/2943 3189/3090/2706 1944/3086/2702
f 1910/3227/2831 3118/3226/2830 4665/3392/2945 3184/3393/2946
f 3118/3226/2830 1911/3221/2825 3185/3390/2944 4665/3392/2945
f 4665/3392/2945 3185/3390/2944 1944/3086/2702 3190/3084/2700
f 3184/3393/2946 4665/3392/2945 3190/3084/2700 1943/3080/2696
f 1909/3233/2837 3119/3232/2836 4666/3394/2947 3183/3395/2948
f 3119/3232/2836 1910/3227/2831 3184/3393/2946 4666/3394/2947
f 4666/3394/2947 3184/3393/2946 1943/3080/2696 3191/3078/2694
f 3183/3395/2948 4666/3394/2947 3191/3078/2694 1942/3074/2690
f 1908/3239/2843 3120/3238/2842 4667/3396/2949 3182/3397/2950
f 3120/3238/2842 1909/3233/2837 3183/3395/2948 4667/3396/2949
f 4667/3396/2949 3183/3395/2948 1942/3074/2690 3192/3072/2688
f 3182/3397/2950 4667/3396/2949 3192/3072/2688 1941/3068/2684
f 1907/3245/2849 3121/3244/2848 4668/3398/2951 3181/3399/2952
f 3121/3244/2848 1908/3239/2843 3182/3397/2950 4668/3398/2951
f 4668/3398/2951 3182/3397/2950 1941/3068/2684 3193/3066/2682
f 3181/3399/2952 4668/3398/2951 3193/3066/2682 1940/3062/2678
f 1906/3251/2855 3122/3250/2854 4669/3400/2953 3180/3401/2954
f 3122/3250/2854 1907/3245/2849 3181/3399/2952 4669/3400/2953
f 4669/3400/2953 3181/3399/2952 1940/3062/2678 3194/3060/2676
f 3180/3401/2954 4669/3400/2953 3194/3060/2676 1939/3055/2671
f 1905/3210/2817 3123/3254/2858 4670/3402/2955 3108/3388/2942
f 3123/3254/2858 1906/3251/2855 3180/3401/2954 4670/3402/2955
f 4670/3402/2955 3180/3401/2954 1939/3055/2671 3195/3052/2668
f 3108/3388/2942 4670/3402/2955 3195/3052/2668 1946/3051/2667
f 1868/3064/2680 3047/3071/2687 4671/3403/2956 3196/3404/2957
f 3047/3071/2687 1869/3070/2686 3197/3405/2958 4671/3403/2956
f 4671/3403/2956 3197/3405/2958 1768/3406/2203 2809/3407/2202
f 3196/3404/2957 4671/3403/2956 2809/3407/2202 1767/3408/2197
f 1869/3070/2686 3048/3077/2693 4672/3409/2959 3197/3405/2958
f 3048/3077/2693 1870/3076/2692 3198/3410/2960 4672/3409/2959
f 4672/3409/2959 3198/3410/2960 1769/3411/2209 2810/3412/2208
f 3197/3405/2958 4672/3409/2959 2810/3412/2208 1768/3406/2203
f 1870/3076/2692 3049/3083/2699 4673/3413/2961 3198/3410/2960
f 3049/3083/2699 1871/3082/2698 3199/3414/2962 4673/3413/2961
f 4673/3413/2961 3199/3414/2962 1770/3415/2215 2811/3416/2214
f 3198/3410/2960 4673/3413/2961 2811/3416/2214 1769/3411/2209
f 1871/3082/2698 3050/3089/2705 4674/3417/2963 3199/3414/2962
f 3050/3089/2705 1872/3088/2704 3200/3418/2964 4674/3417/2963
f 4674/3417/2963 3200/3418/2964 1771/3419/2183 2812/3420/2218
f 3199/3414/2962 4674/3417/2963 2812/3420/2218 1770/3415/2215
f 1872/3088/2704 3051/3095/2711 4675/3421/2965 3200/3418/2964
f 3051/3095/2711 1865/3094/2710 3201/3422/2966 4675/3421/2965
f 4675/3421/2965 3201/3422/2966 1772/3423/2185 2813/3424/2184
f 3200/3418/2964 4675/3421/2965 2813/3424/2184 1771/3419/2183
f 1865/3101/2710 3044/3100/2714 4676/3425/2967 3201/3426/2966
f 3044/3100/2714 1866/3059/2675 3202/3427/2968 4676/3425/2967
f 4676/3425/2967 3202/3427/2968 1773/3428/2189 2814/3429/2188
f 3201/3426/2966 4676/3425/2967 2814/3429/2188 1772/3430/2185
f 1866/3059/2675 3045/3058/2674 4677/3431/2969 3202/3427/2968
f 3045/3058/2674 1867/3057/2673 3203/3432/2970 4677/3431/2969
f 4677/3431/2969 3203/3432/2970 1766/3433/2192 2815/3434/2191
f 3202/3427/2968 4677/3431/2969 2815/3434/2191 1773/3428/2189
f 1867/3057/2673 3046/3065/2681 4678/3435/2971 3203/3432/2970
f 3046/3065/2681 1868/3064/2680 3196/3404/2957 4678/3435/2971
f 4678/3435/2971 3196/3404/2957 1767/3408/2197 2808/3436/2972
f 3203/3432/2970 4678/3435/2971 2808/3436/2972 1766/3433/2192
f 1876/3115/2728 3055/3122/2735 4679/3437/2973 3204/3438/2974
f 3055/3122/2735 1877/3121/2734 3205/3439/2975 4679/3437/2973
f 4679/3437/2973 3205/3439/2975 1776/3440/2229 2825/3441/2234
f 3204/3438/2974 4679/3437/2973 2825/3441/2234 1775/3442/2233
f 1877/3121/2734 3056/3128/2741 4680/3443/2976 3205/3439/2975
f 3056/3128/2741 1878/3127/2740 3206/3444/2977 4680/3443/2976
f 4680/3443/2976 3206/3444/2977 1777/3445/2224 2826/3446/2230
f 3205/3439/2975 4680/3443/2976 2826/3446/2230 1776/3440/2229
f 1878/3127/2740 3057/3134/2747 4681/3447/2978 3206/3444/2977
f 3057/3134/2747 1879/3133/2746 3207/3448/2979 4681/3447/2978
f 4681/3447/2978 3207/3448/2979 1778/3449/2226 2827/3450/2225
f 3206/3444/2977 4681/3447/2978 2827/3450/2225 1777/3445/2224
f 1879/3133/2746 3058/3140/2753 4682/3451/2980 3207/3448/2979
f 3058/3140/2753 1880/3139/2752 3208/3452/2981 4682/3451/2980
f 4682/3451/2980 3208/3452/2981 1779/3453/2253 2828/3454/2257
f 3207/3448/2979 4682/3451/2980 2828/3454/2257 1778/3449/2226
f 1880/3139/2752 3059/3146/2759 4683/3455/2982 3208/3452/2981
f 3059/3146/2759 1873/3145/2758 3209/3456/2983 4683/3455/2982
f 4683/3455/2982 3209/3456/2983 1780/3457/2247 2829/3458/2254
f 3208/3452/2981 4683/3455/2982 2829/3458/2254 1779/3453/2253
f 1873/3152/2758 3052/3151/2762 4684/3459/2984 3209/3460/2983
f 3052/3151/2762 1874/3110/2723 3210/3461/2985 4684/3459/2984
f 4684/3459/2984 3210/3461/2985 1781/3462/2241 2830/3463/2248
f 3209/3460/2983 4684/3459/2984 2830/3463/2248 1780/3464/2247
f 1874/3110/2723 3053/3109/2722 4685/3465/2986 3210/3461/2985
f 3053/3109/2722 1875/3108/2721 3211/3466/2987 4685/3465/2986
f 4685/3465/2986 3211/3466/2987 1774/3467/2237 2831/3468/2242
f 3210/3461/2985 4685/3465/2986 2831/3468/2242 1781/3462/2241
f 1875/3108/2721 3054/3116/2729 4686/3469/2988 3211/3466/2987
f 3054/3116/2729 1876/3115/2728 3204/3438/2974 4686/3469/2988
f 4686/3469/2988 3204/3438/2974 1775/3442/2233 2824/3470/2238
f 3211/3466/2987 4686/3469/2988 2824/3470/2238 1774/3467/2237
f 1767/2581/2197 3212/2580/2196 4687/3471/2989 2808/3472/2972
f 1746/2491/2107 2807/2577/2193 4687/3471/2989 3212/2580/2196
f 1766/2576/2192 2808/3472/2972 4687/3471/2989 2807/2577/2193
f 2509/3473/1635 4270/3474/1635 4688/3475/2990 3213/3476/2991
f 4270/3474/1635 2549/3477/1635 4281/3478/2992 4688/3475/2990
f 4688/3475/2990 4281/3478/2992 2541/3479/2993 3230/3480/2994
f 3213/3476/2991 4688/3475/2990 3230/3480/2994 2527/3481/2995
f 2527/3481/2995 3230/3480/2994 4689/3482/2996 3214/3483/2997
f 3230/3480/2994 2541/3479/2993 3225/3484/2998 4689/3482/2996
f 4689/3482/2996 3225/3484/2998 2540/3485/2999 3231/3486/3000
f 3214/3483/2997 4689/3482/2996 3231/3486/3000 2528/3487/3001
f 2528/3487/3001 3231/3486/3000 4690/3488/3002 3215/3489/3003
f 3231/3486/3000 2540/3485/2999 3226/3490/3004 4690/3488/3002
f 4690/3488/3002 3226/3490/3004 2542/3491/3005 3233/3492/3006
f 3215/3489/3003 4690/3488/3002 3233/3492/3006 2529/3493/3007
f 2547/3494/3008 3234/3495/3009 4691/3496/3010 3232/3497/3011
f 3234/3495/3009 2531/3498/3012 3256/3499/3013 4691/3496/3010
f 4691/3496/3010 3256/3499/3013 2529/3493/3007 3233/3492/3006
f 3232/3497/3011 4691/3496/3010 3233/3492/3006 2542/3491/3005
f 2547/3494/3008 3235/3500/3014 4692/3501/3015 3234/3495/3009
f 1969/3502/3016 3236/3503/3017 4692/3501/3015 3235/3500/3014
f 2531/3498/3012 3234/3495/3009 4692/3501/3015 3236/3503/3017
f 2531/3498/3012 3236/3503/3017 4693/3504/3018 3217/3505/3019
f 1969/3502/3016 3237/3506/3020 4693/3504/3018 3236/3503/3017
f 2530/3507/3021 3217/3505/3019 4693/3504/3018 3237/3506/3020
f 2547/3494/3008 4282/3508/3022 4694/3509/3023 3235/3500/3014
f 2557/3510/3024 4286/3511/3025 4694/3509/3023 4282/3508/3022
f 1969/3502/3016 3235/3500/3014 4694/3509/3023 4286/3511/3025
f 2556/3512/3026 4287/3513/3027 4695/3514/3028 4063/3515/3029
f 4287/3513/3027 1970/3516/3030 3238/3517/3031 4695/3514/3028
f 4695/3514/3028 3238/3517/3031 1969/3502/3016 4286/3511/3025
f 4063/3515/3029 4695/3514/3028 4286/3511/3025 2557/3510/3024
f 2562/3518/3032 3258/3519/3033 4696/3520/3034 4283/3521/3035
f 3258/3519/3033 1971/3522/3036 3239/3523/3037 4696/3520/3034
f 4696/3520/3034 3239/3523/3037 1970/3516/3030 4287/3513/3027
f 4283/3521/3035 4696/3520/3034 4287/3513/3027 2556/3512/3026
f 2393/3524/3038 4290/3525/3039 4697/3526/3040 4284/3527/3041
f 4290/3525/3039 2039/3528/3042 3357/3529/3043 4697/3526/3040
f 4697/3526/3040 3357/3529/3043 1971/3522/3036 3258/3519/3033
f 4284/3527/3041 4697/3526/3040 3258/3519/3033 2562/3518/3032
f 2543/3530/3044 3260/3531/3045 4698/3532/3046 3227/3533/3047
f 3260/3531/3045 1973/3534/3048 3241/3535/3049 4698/3532/3046
f 4698/3532/3046 3241/3535/3049 1972/3536/3050 3259/3537/3051
f 3227/3533/3047 4698/3532/3046 3259/3537/3051 2544/3538/3052
f 2545/3539/3053 3261/3540/3054 4699/3541/3055 3228/3542/3056
f 3261/3540/3054 1974/3543/3057 3242/3544/3058 4699/3541/3055
f 4699/3541/3055 3242/3544/3058 1973/3534/3048 3260/3531/3045
f 3228/3542/3056 4699/3541/3055 3260/3531/3045 2543/3530/3044
f 2546/3545/3059 3262/3546/3060 4700/3547/3061 3229/3548/3062
f 3262/3546/3060 1975/3549/3063 3243/3550/3064 4700/3547/3061
f 4700/3547/3061 3243/3550/3064 1974/3543/3057 3261/3540/3054
f 3229/3548/3062 4700/3547/3061 3261/3540/3054 2545/3539/3053
f 2559/3551/3065 4288/3552/3066 4701/3553/3067 4285/3554/3068
f 4288/3552/3066 1976/3555/3069 3244/3556/3070 4701/3553/3067
f 4701/3553/3067 3244/3556/3070 1975/3549/3063 3262/3546/3060
f 4285/3554/3068 4701/3553/3067 3262/3546/3060 2546/3545/3059
f 2489/3557/1717 4279/3558/1720 4702/3559/3071 4064/3560/3072
f 4279/3558/1720 1977/3561/1722 3245/3562/3073 4702/3559/3071
f 4702/3559/3071 3245/3562/3073 1976/3555/3069 4288/3552/3066
f 4064/3560/3072 4702/3559/3071 4288/3552/3066 2559/3551/3065
f 2532/3563/3074 3218/3564/3075 4703/3565/3076 3257/3566/3077
f 3218/3564/3075 2530/3507/3021 3237/3506/3020 4703/3565/3076
f 4703/3565/3076 3237/3506/3020 1969/3502/3016 3246/3567/3078
f 3257/3566/3077 4703/3565/3076 3246/3567/3078 1978/3568/3079
f 2534/3569/3080 3247/3570/3081 4704/3571/3082 3255/3572/3083
f 3247/3570/3081 2532/3563/3074 3257/3566/3077 4704/3571/3082
f 4704/3571/3082 3257/3566/3077 1978/3568/3079 3248/3573/3084
f 3255/3572/3083 4704/3571/3082 3248/3573/3084 1980/3574/3085
f 1981/3575/3086 3216/3576/3087 4705/3577/3088 3249/3578/3089
f 3216/3576/3087 2533/3579/3090 3219/3580/3091 4705/3577/3088
f 4705/3577/3088 3219/3580/3091 2534/3569/3080 3255/3572/3083
f 3249/3578/3089 4705/3577/3088 3255/3572/3083 1980/3574/3085
f 1981/3575/3086 3250/3581/3092 4706/3582/3093 3216/3576/3087
f 3250/3581/3092 1982/3583/3094 3263/3584/3095 4706/3582/3093
f 4706/3582/3093 3263/3584/3095 2535/3585/3096 3220/3586/3097
f 3216/3576/3087 4706/3582/3093 3220/3586/3097 2533/3579/3090
f 2536/3587/3098 3221/3588/3099 4707/3589/3100 3264/3590/3101
f 3221/3588/3099 2535/3585/3096 3263/3584/3095 4707/3589/3100
f 4707/3589/3100 3263/3584/3095 1982/3583/3094 3251/3591/3102
f 3264/3590/3101 4707/3589/3100 3251/3591/3102 1983/3592/3103
f 2537/3593/3104 3222/3594/3105 4708/3595/3106 3322/3596/3107
f 3222/3594/3105 2536/3587/3098 3264/3590/3101 4708/3595/3106
f 4708/3595/3106 3264/3590/3101 1983/3592/3103 3319/3597/3108
f 3322/3596/3107 4708/3595/3106 3319/3597/3108 2021/3598/3109
f 2538/3599/3110 3223/3600/3111 4709/3601/3112 3266/3602/3113
f 3223/3600/3111 2539/3603/3114 3265/3604/3115 4709/3601/3112
f 4709/3601/3112 3265/3604/3115 1984/3605/3116 3253/3606/3117
f 3266/3602/3113 4709/3601/3112 3253/3606/3117 1985/3607/3118
f 2522/3608/1768 3224/3609/3119 4710/3610/3120 2609/3611/1769
f 3224/3609/3119 2538/3599/3110 3266/3602/3113 4710/3610/3120
f 4710/3610/3120 3266/3602/3113 1985/3607/3118 3254/3612/3121
f 2609/3611/1769 4710/3610/3120 3254/3612/3121 1986/3613/1772
f 1970/3516/3030 3268/3614/3122 4711/3615/3123 3238/3517/3031
f 3268/3614/3122 1987/3616/3124 3267/3617/3125 4711/3615/3123
f 4711/3615/3123 3267/3617/3125 1978/3568/3079 3246/3567/3078
f 3238/3517/3031 4711/3615/3123 3246/3567/3078 1969/3502/3016
f 1977/3561/1722 2620/3618/1779 4712/3619/3126 3245/3562/3073
f 2620/3618/1779 1994/3620/1783 3275/3621/3127 4712/3619/3126
f 4712/3619/3126 3275/3621/3127 1993/3622/3128 3276/3623/3129
f 3245/3562/3073 4712/3619/3126 3276/3623/3129 1976/3555/3069
f 1976/3555/3069 3276/3623/3129 4713/3624/3130 3244/3556/3070
f 3276/3623/3129 1993/3622/3128 3274/3625/3131 4713/3624/3130
f 4713/3624/3130 3274/3625/3131 1992/3626/3132 3277/3627/3133
f 3244/3556/3070 4713/3624/3130 3277/3627/3133 1975/3549/3063
f 1975/3549/3063 3277/3627/3133 4714/3628/3134 3243/3550/3064
f 3277/3627/3133 1992/3626/3132 3273/3629/3135 4714/3628/3134
f 4714/3628/3134 3273/3629/3135 1991/3630/3136 3278/3631/3137
f 3243/3550/3064 4714/3628/3134 3278/3631/3137 1974/3543/3057
f 1974/3543/3057 3278/3631/3137 4715/3632/3138 3242/3544/3058
f 3278/3631/3137 1991/3630/3136 3272/3633/3139 4715/3632/3138
f 4715/3632/3138 3272/3633/3139 1990/3634/3140 3279/3635/3141
f 3242/3544/3058 4715/3632/3138 3279/3635/3141 1973/3534/3048
f 1973/3534/3048 3279/3635/3141 4716/3636/3142 3241/3535/3049
f 3279/3635/3141 1990/3634/3140 3271/3637/3143 4716/3636/3142
f 4716/3636/3142 3271/3637/3143 1989/3638/3144 3280/3639/3145
f 3241/3535/3049 4716/3636/3142 3280/3639/3145 1972/3536/3050
f 2039/3528/3042 3359/3640/3146 4717/3641/3147 3357/3529/3043
f 3359/3640/3146 2040/3642/3148 3358/3643/3149 4717/3641/3147
f 4717/3641/3147 3358/3643/3149 1988/3644/3150 3281/3645/3151
f 3357/3529/3043 4717/3641/3147 3281/3645/3151 1971/3522/3036
f 1971/3522/3036 3281/3645/3151 4718/3646/3152 3239/3523/3037
f 3281/3645/3151 1988/3644/3150 3269/3647/3153 4718/3646/3152
f 4718/3646/3152 3269/3647/3153 1987/3616/3124 3268/3614/3122
f 3239/3523/3037 4718/3646/3152 3268/3614/3122 1970/3516/3030
f 1996/3648/3154 3289/3649/3155 4719/3650/3156 3283/3651/3157
f 3289/3649/3155 1981/3575/3086 3249/3578/3089 4719/3650/3156
f 4719/3650/3156 3249/3578/3089 1980/3574/3085 3282/3652/3158
f 3283/3651/3157 4719/3650/3156 3282/3652/3158 1995/3653/3159
f 1982/3583/3094 3250/3581/3092 4720/3654/3160 3290/3655/3161
f 3250/3581/3092 1981/3575/3086 3289/3649/3155 4720/3654/3160
f 4720/3654/3160 3289/3649/3155 1996/3648/3154 3284/3656/3162
f 3290/3655/3161 4720/3654/3160 3284/3656/3162 1997/3657/3163
f 1983/3592/3103 3251/3591/3102 4721/3658/3164 3291/3659/3165
f 3251/3591/3102 1982/3583/3094 3290/3655/3161 4721/3658/3164
f 4721/3658/3164 3290/3655/3161 1997/3657/3163 3285/3660/3166
f 3291/3659/3165 4721/3658/3164 3285/3660/3166 1998/3661/3167
f 2021/3598/3109 3319/3597/3108 4722/3662/3168 3321/3663/3169
f 3319/3597/3108 1983/3592/3103 3291/3659/3165 4722/3662/3168
f 4722/3662/3168 3291/3659/3165 1998/3661/3167 3320/3664/3170
f 3321/3663/3169 4722/3662/3168 3320/3664/3170 2022/3665/3171
f 1985/3607/3118 3253/3606/3117 4723/3666/3172 3293/3667/3173
f 3253/3606/3117 1984/3605/3116 3292/3668/3174 4723/3666/3172
f 4723/3666/3172 3292/3668/3174 1999/3669/3175 3287/3670/3176
f 3293/3667/3173 4723/3666/3172 3287/3670/3176 2000/3671/3177
f 1986/3613/1772 3254/3612/3121 4724/3672/3178 2638/3673/1832
f 3254/3612/3121 1985/3607/3118 3293/3667/3173 4724/3672/3178
f 4724/3672/3178 3293/3667/3173 2000/3671/3177 3288/3674/3179
f 2638/3673/1832 4724/3672/3178 3288/3674/3179 2001/3675/1834
f 2002/3676/1836 3299/3677/3180 4725/3678/3181 2640/3679/1837
f 3299/3677/3180 2008/3680/3182 3294/3681/3183 4725/3678/3181
f 4725/3678/3181 3294/3681/3183 2009/3682/3184 3298/3683/3185
f 2640/3679/1837 4725/3678/3181 3298/3683/3185 2003/3684/1840
f 2006/3685/1845 3301/3686/3186 4726/3687/3187 2643/3688/1846
f 3301/3686/3186 2012/3689/3188 3297/3690/3189 4726/3687/3187
f 4726/3687/3187 3297/3690/3189 2013/3691/3190 3300/3692/3191
f 2643/3688/1846 4726/3687/3187 3300/3692/3191 2007/3693/1849
f 2004/3694/1854 3303/3695/3192 4727/3696/3193 2641/3697/1855
f 3303/3695/3192 2010/3698/3194 3295/3699/3195 4727/3696/3193
f 4727/3696/3193 3295/3699/3195 2011/3700/3196 3302/3701/3197
f 2641/3697/1855 4727/3696/3193 3302/3701/3197 2005/3702/1858
f 2005/3702/1858 3302/3701/3197 4728/3703/3198 2642/3704/1863
f 3302/3701/3197 2011/3700/3196 3296/3705/3199 4728/3703/3198
f 4728/3703/3198 3296/3705/3199 2012/3689/3188 3301/3686/3186
f 2642/3704/1863 4728/3703/3198 3301/3686/3186 2006/3685/1845
f 2011/3700/3196 3309/3706/3200 4729/3707/3201 3296/3705/3199
f 3309/3706/3200 2017/3708/3202 3306/3709/3203 4729/3707/3201
f 4729/3707/3201 3306/3709/3203 2018/3710/3204 3308/3711/3205
f 3296/3705/3199 4729/3707/3201 3308/3711/3205 2012/3689/3188
f 2008/3680/3182 3312/3712/3206 4730/3713/3207 3294/3681/3183
f 3312/3712/3206 2014/3714/3208 3304/3715/3209 4730/3713/3207
f 4730/3713/3207 3304/3715/3209 2015/3716/3210 3311/3717/3211
f 3294/3681/3183 4730/3713/3207 3311/3717/3211 2009/3682/3184
f 2012/3689/3188 3308/3711/3205 4731/3718/3212 3297/3690/3189
f 3308/3711/3205 2018/3710/3204 3307/3719/3213 4731/3718/3212
f 4731/3718/3212 3307/3719/3213 2019/3720/3214 3313/3721/3215
f 3297/3690/3189 4731/3718/3212 3313/3721/3215 2013/3691/3190
f 2010/3698/3194 3310/3722/3216 4732/3723/3217 3295/3699/3195
f 3310/3722/3216 2016/3724/3218 3305/3725/3219 4732/3723/3217
f 4732/3723/3217 3305/3725/3219 2017/3708/3202 3309/3706/3200
f 3295/3699/3195 4732/3723/3217 3309/3706/3200 2011/3700/3196
f 1993/3622/3128 3275/3621/3127 4733/3726/3220 3314/3727/3221
f 3275/3621/3127 1994/3620/1783 2644/3728/1888 4733/3726/3220
f 4733/3726/3220 2644/3728/1888 2007/3693/1849 3300/3692/3191
f 3314/3727/3221 4733/3726/3220 3300/3692/3191 2013/3691/3190
f 1992/3626/3132 3274/3625/3131 4734/3729/3222 3315/3730/3223
f 3274/3625/3131 1993/3622/3128 3314/3727/3221 4734/3729/3222
f 4734/3729/3222 3314/3727/3221 2013/3691/3190 3313/3721/3215
f 3315/3730/3223 4734/3729/3222 3313/3721/3215 2019/3720/3214
f 2001/3675/1834 3288/3674/3179 4735/3731/3224 2639/3732/1891
f 3288/3674/3179 2000/3671/3177 3316/3733/3225 4735/3731/3224
f 4735/3731/3224 3316/3733/3225 2008/3680/3182 3299/3677/3180
f 2639/3732/1891 4735/3731/3224 3299/3677/3180 2002/3676/1836
f 2000/3671/3177 3287/3670/3176 4736/3734/3226 3316/3733/3225
f 3287/3670/3176 1999/3669/3175 3317/3735/3227 4736/3734/3226
f 4736/3734/3226 3317/3735/3227 2014/3714/3208 3312/3712/3206
f 3316/3733/3225 4736/3734/3226 3312/3712/3206 2008/3680/3182
f 1984/3605/3116 3252/3736/3228 4737/3737/3229 3292/3668/3174
f 3252/3736/3228 2021/3598/3109 3321/3663/3169 4737/3737/3229
f 4737/3737/3229 3321/3663/3169 2022/3665/3171 3286/3738/3230
f 3292/3668/3174 4737/3737/3229 3286/3738/3230 1999/3669/3175
f 2539/3603/3114 3318/3739/3231 4738/3740/3232 3265/3604/3115
f 3318/3739/3231 2537/3593/3104 3322/3596/3107 4738/3740/3232
f 4738/3740/3232 3322/3596/3107 2021/3598/3109 3252/3736/3228
f 3265/3604/3115 4738/3740/3232 3252/3736/3228 1984/3605/3116
f 2022/3665/3171 3323/3741/3233 4739/3742/3234 3286/3738/3230
f 3323/3741/3233 2023/3743/3235 3329/3744/3236 4739/3742/3234
f 4739/3742/3234 3329/3744/3236 2014/3714/3208 3317/3735/3227
f 3286/3738/3230 4739/3742/3234 3317/3735/3227 1999/3669/3175
f 2015/3716/3210 3304/3715/3209 4740/3745/3237 3330/3746/3238
f 3304/3715/3209 2014/3714/3208 3329/3744/3236 4740/3745/3237
f 4740/3745/3237 3329/3744/3236 2023/3743/3235 3324/3747/3239
f 3330/3746/3238 4740/3745/3237 3324/3747/3239 2024/3748/3240
f 2017/3708/3202 3305/3725/3219 4741/3749/3241 3332/3750/3242
f 3305/3725/3219 2016/3724/3218 3331/3751/3243 4741/3749/3241
f 4741/3749/3241 3331/3751/3243 2025/3752/3244 3325/3753/3245
f 3332/3750/3242 4741/3749/3241 3325/3753/3245 2026/3754/3246
f 2018/3710/3204 3306/3709/3203 4742/3755/3247 3333/3756/3248
f 3306/3709/3203 2017/3708/3202 3332/3750/3242 4742/3755/3247
f 4742/3755/3247 3332/3750/3242 2026/3754/3246 3326/3757/3249
f 3333/3756/3248 4742/3755/3247 3326/3757/3249 2027/3758/3250
f 2019/3720/3214 3307/3719/3213 4743/3759/3251 3334/3760/3252
f 3307/3719/3213 2018/3710/3204 3333/3756/3248 4743/3759/3251
f 4743/3759/3251 3333/3756/3248 2027/3758/3250 3327/3761/3253
f 3334/3760/3252 4743/3759/3251 3327/3761/3253 2028/3762/3254
f 1991/3630/3136 3273/3629/3135 4744/3763/3255 3328/3764/3256
f 3273/3629/3135 1992/3626/3132 3315/3730/3223 4744/3763/3255
f 4744/3763/3255 3315/3730/3223 2019/3720/3214 3334/3760/3252
f 3328/3764/3256 4744/3763/3255 3334/3760/3252 2028/3762/3254
f 1990/3634/3140 3272/3633/3139 4745/3765/3257 3335/3766/3258
f 3272/3633/3139 1991/3630/3136 3328/3764/3256 4745/3765/3257
f 4745/3765/3257 3328/3764/3256 2028/3762/3254 3338/3767/3259
f 3335/3766/3258 4745/3765/3257 3338/3767/3259 2029/3768/3260
f 2027/3758/3250 3339/3769/3261 4746/3770/3262 3327/3761/3253
f 3339/3769/3261 2030/3771/3263 3336/3772/3264 4746/3770/3262
f 4746/3770/3262 3336/3772/3264 2029/3768/3260 3338/3767/3259
f 3327/3761/3253 4746/3770/3262 3338/3767/3259 2028/3762/3254
f 2031/3773/3265 3337/3774/3266 4747/3775/3267 3340/3776/3268
f 3337/3774/3266 2030/3771/3263 3339/3769/3261 4747/3775/3267
f 4747/3775/3267 3339/3769/3261 2027/3758/3250 3326/3757/3249
f 3340/3776/3268 4747/3775/3267 3326/3757/3249 2026/3754/3246
f 2025/3752/3244 3343/3777/3269 4748/3778/3270 3325/3753/3245
f 3343/3777/3269 2032/3779/3271 3341/3780/3272 4748/3778/3270
f 4748/3778/3270 3341/3780/3272 2031/3773/3265 3340/3776/3268
f 3325/3753/3245 4748/3778/3270 3340/3776/3268 2026/3754/3246
f 2037/3781/3273 3365/3782/3274 4749/3783/3275 3354/3784/3276
f 2032/3779/3271 3364/3785/3277 4749/3783/3275 3365/3782/3274
f 2033/3786/3278 3354/3784/3276 4749/3783/3275 3364/3785/3277
f 2023/3743/3235 3346/3787/3279 4750/3788/3280 3324/3747/3239
f 3346/3787/3279 2034/3789/3281 3342/3790/3282 4750/3788/3280
f 4750/3788/3280 3342/3790/3282 2033/3786/3278 3344/3791/3283
f 3324/3747/3239 4750/3788/3280 3344/3791/3283 2024/3748/3240
f 1998/3661/3167 3345/3792/3284 4751/3793/3285 3320/3664/3170
f 3345/3792/3284 2034/3789/3281 3346/3787/3279 4751/3793/3285
f 4751/3793/3285 3346/3787/3279 2023/3743/3235 3323/3741/3233
f 3320/3664/3170 4751/3793/3285 3323/3741/3233 2022/3665/3171
f 1989/3638/3144 3271/3637/3143 4752/3794/3286 3347/3795/3287
f 3271/3637/3143 1990/3634/3140 3335/3766/3258 4752/3794/3286
f 4752/3794/3286 3335/3766/3258 2029/3768/3260 3352/3796/3288
f 3347/3795/3287 4752/3794/3286 3352/3796/3288 2035/3797/3289
f 2030/3771/3263 3353/3798/3290 4753/3799/3291 3336/3772/3264
f 3353/3798/3290 2036/3800/3292 3348/3801/3293 4753/3799/3291
f 4753/3799/3291 3348/3801/3293 2035/3797/3289 3352/3796/3288
f 3336/3772/3264 4753/3799/3291 3352/3796/3288 2029/3768/3260
f 2031/3773/3265 3368/3802/3294 4754/3803/3295 3337/3774/3266
f 3368/3802/3294 2037/3781/3273 3370/3804/3296 4754/3803/3295
f 4754/3803/3295 3370/3804/3296 2036/3800/3292 3353/3798/3290
f 3337/3774/3266 4754/3803/3295 3353/3798/3290 2030/3771/3263
f 2032/3779/3271 3365/3782/3274 4755/3805/3297 3341/3780/3272
f 2037/3781/3273 3368/3802/3294 4755/3805/3297 3365/3782/3274
f 2031/3773/3265 3341/3780/3272 4755/3805/3297 3368/3802/3294
f 2032/3779/3271 3343/3777/3269 4756/3806/3298 3364/3785/3277
f 3343/3777/3269 2025/3752/3244 3369/3807/3299 4756/3806/3298
f 4756/3806/3298 3369/3807/3299 2024/3748/3240 3344/3791/3283
f 3364/3785/3277 4756/3806/3298 3344/3791/3283 2033/3786/3278
f 2024/3748/3240 3369/3807/3299 4757/3808/3300 3330/3746/3238
f 3369/3807/3299 2025/3752/3244 3331/3751/3243 4757/3808/3300
f 4757/3808/3300 3331/3751/3243 2016/3724/3218 3350/3809/3301
f 3330/3746/3238 4757/3808/3300 3350/3809/3301 2015/3716/3210
f 1997/3657/3163 3355/3810/3302 4758/3811/3303 3285/3660/3166
f 3355/3810/3302 2038/3812/3304 3356/3813/3305 4758/3811/3303
f 4758/3811/3303 3356/3813/3305 2034/3789/3281 3345/3792/3284
f 3285/3660/3166 4758/3811/3303 3345/3792/3284 1998/3661/3167
f 2034/3789/3281 3356/3813/3305 4759/3814/3306 3342/3790/3282
f 3356/3813/3305 2038/3812/3304 3351/3815/3307 4759/3814/3306
f 4759/3814/3306 3351/3815/3307 2037/3781/3273 3354/3784/3276
f 3342/3790/3282 4759/3814/3306 3354/3784/3276 2033/3786/3278
f 1972/3536/3050 3280/3639/3145 4760/3816/3308 3240/3817/3309
f 3280/3639/3145 1989/3638/3144 3270/3818/3310 4760/3816/3308
f 4760/3816/3308 3270/3818/3310 2040/3642/3148 3359/3640/3146
f 3240/3817/3309 4760/3816/3308 3359/3640/3146 2039/3528/3042
f 2544/3538/3052 3259/3537/3051 4761/3819/3311 4289/3820/3312
f 3259/3537/3051 1972/3536/3050 3240/3817/3309 4761/3819/3311
f 4761/3819/3311 3240/3817/3309 2039/3528/3042 4290/3525/3039
f 4289/3820/3312 4761/3819/3311 4290/3525/3039 2393/3524/3038
f 2041/3821/3313 3360/3822/3314 4762/3823/3315 3361/3824/3316
f 3360/3822/3314 2040/3642/3148 3270/3818/3310 4762/3823/3315
f 4762/3823/3315 3270/3818/3310 1989/3638/3144 3347/3795/3287
f 3361/3824/3316 4762/3823/3315 3347/3795/3287 2035/3797/3289
f 2036/3800/3292 3362/3825/3317 4763/3826/3318 3348/3801/3293
f 2041/3821/3313 3361/3824/3316 4763/3826/3318 3362/3825/3317
f 2035/3797/3289 3348/3801/3293 4763/3826/3318 3361/3824/3316
f 1996/3648/3154 3366/3827/3319 4764/3828/3320 3284/3656/3162
f 3366/3827/3319 2043/3829/3321 3367/3830/3322 4764/3828/3320
f 4764/3828/3320 3367/3830/3322 2038/3812/3304 3355/3810/3302
f 3284/3656/3162 4764/3828/3320 3355/3810/3302 1997/3657/3163
f 2038/3812/3304 3367/3830/3322 4765/3831/3323 3351/3815/3307
f 3367/3830/3322 2043/3829/3321 3371/3832/3324 4765/3831/3323
f 4765/3831/3323 3371/3832/3324 2042/3833/3325 3372/3834/3326
f 3351/3815/3307 4765/3831/3323 3372/3834/3326 2037/3781/3273
f 2003/3684/1840 3298/3683/3185 4766/3835/3327 2705/3836/1995
f 3298/3683/3185 2009/3682/3184 3349/3837/3328 4766/3835/3327
f 4766/3835/3327 3349/3837/3328 2010/3698/3194 3303/3695/3192
f 2705/3836/1995 4766/3835/3327 3303/3695/3192 2004/3694/1854
f 2016/3724/3218 3310/3722/3216 4767/3838/3329 3350/3809/3301
f 3310/3722/3216 2010/3698/3194 3349/3837/3328 4767/3838/3329
f 4767/3838/3329 3349/3837/3328 2009/3682/3184 3311/3717/3211
f 3350/3809/3301 4767/3838/3329 3311/3717/3211 2015/3716/3210
f 1988/3644/3150 3358/3643/3149 4768/3839/3330 3373/3840/3331
f 3358/3643/3149 2040/3642/3148 3360/3822/3314 4768/3839/3330
f 4768/3839/3330 3360/3822/3314 2041/3821/3313 3363/3841/3332
f 3373/3840/3331 4768/3839/3330 3363/3841/3332 2042/3833/3325
f 2037/3781/3273 3372/3834/3326 4769/3842/3333 3370/3804/3296
f 3372/3834/3326 2042/3833/3325 3363/3841/3332 4769/3842/3333
f 4769/3842/3333 3363/3841/3332 2041/3821/3313 3362/3825/3317
f 3370/3804/3296 4769/3842/3333 3362/3825/3317 2036/3800/3292
f 2043/3829/3321 3374/3843/3334 4770/3844/3335 3371/3832/3324
f 3374/3843/3334 2044/3845/3336 3375/3846/3337 4770/3844/3335
f 4770/3844/3335 3375/3846/3337 1988/3644/3150 3373/3840/3331
f 3371/3832/3324 4770/3844/3335 3373/3840/3331 2042/3833/3325
f 1995/3653/3159 3376/3847/3338 4771/3848/3339 3283/3651/3157
f 3376/3847/3338 2044/3845/3336 3374/3843/3334 4771/3848/3339
f 4771/3848/3339 3374/3843/3334 2043/3829/3321 3366/3827/3319
f 3283/3651/3157 4771/3848/3339 3366/3827/3319 1996/3648/3154
f 2044/3845/3336 3376/3847/3338 4772/3849/3340 3379/3850/3341
f 3376/3847/3338 1995/3653/3159 3378/3851/3342 4772/3849/3340
f 4772/3849/3340 3378/3851/3342 2045/3852/3343 3377/3853/3344
f 3379/3850/3341 4772/3849/3340 3377/3853/3344 2046/3854/3345
f 1988/3644/3150 3375/3846/3337 4773/3855/3346 3269/3647/3153
f 3375/3846/3337 2044/3845/3336 3379/3850/3341 4773/3855/3346
f 4773/3855/3346 3379/3850/3341 2046/3854/3345 3380/3856/3347
f 3269/3647/3153 4773/3855/3346 3380/3856/3347 1987/3616/3124
f 1987/3616/3124 3380/3856/3347 4774/3857/3348 3267/3617/3125
f 3380/3856/3347 2046/3854/3345 3377/3853/3344 4774/3857/3348
f 4774/3857/3348 3377/3853/3344 2045/3852/3343 3381/3858/3349
f 3267/3617/3125 4774/3857/3348 3381/3858/3349 1978/3568/3079
f 1978/3568/3079 3381/3858/3349 4775/3859/3350 3248/3573/3084
f 3381/3858/3349 2045/3852/3343 3378/3851/3342 4775/3859/3350
f 4775/3859/3350 3378/3851/3342 1995/3653/3159 3282/3652/3158
f 3248/3573/3084 4775/3859/3350 3282/3652/3158 1980/3574/3085
f 1947/3860/2020 2736/3861/2023 4776/3862/3351 4320/3863/3352
f 2736/3861/2023 2047/3864/2028 3382/3865/3353 4776/3862/3351
f 4776/3862/3351 3382/3865/3353 2048/3866/3354 3383/3867/3355
f 4320/3863/3352 4776/3862/3351 3383/3867/3355 1959/3868/3356
f 1958/3869/3357 4338/3870/3358 4777/3871/3359 3397/3872/3360
f 4338/3870/3358 1959/3868/3356 3383/3867/3355 4777/3871/3359
f 4777/3871/3359 3383/3867/3355 2048/3866/3354 3384/3873/3361
f 3397/3872/3360 4777/3871/3359 3384/3873/3361 2049/3874/3362
f 2020/3875/3363 4337/3876/3364 4778/3877/3365 3398/3878/3366
f 4337/3876/3364 1958/3869/3357 3397/3872/3360 4778/3877/3365
f 4778/3877/3365 3397/3872/3360 2049/3874/3362 3385/3879/3367
f 3398/3878/3366 4778/3877/3365 3385/3879/3367 2050/3880/3368
f 1957/3881/3369 4336/3882/3370 4779/3883/3371 3399/3884/3372
f 4336/3882/3370 2020/3875/3363 3398/3878/3366 4779/3883/3371
f 4779/3883/3371 3398/3878/3366 2050/3880/3368 3386/3885/3373
f 3399/3884/3372 4779/3883/3371 3386/3885/3373 2051/3886/3374
f 1955/3887/3375 4334/3888/3376 4780/3889/3377 3401/3890/3378
f 4334/3888/3376 1956/3891/3379 3400/3892/3380 4780/3889/3377
f 4780/3889/3377 3400/3892/3380 2052/3893/3381 3388/3894/3382
f 3401/3890/3378 4780/3889/3377 3388/3894/3382 2053/3895/3383
f 1956/3891/3379 4335/3896/3384 4781/3897/3385 3400/3892/3380
f 4335/3896/3384 1957/3881/3369 3399/3884/3372 4781/3897/3385
f 4781/3897/3385 3399/3884/3372 2051/3886/3374 3387/3898/3386
f 3400/3892/3380 4781/3897/3385 3387/3898/3386 2052/3893/3381
f 1954/3899/3387 4333/3900/3388 4782/3901/3389 3402/3902/3390
f 4333/3900/3388 1955/3887/3375 3401/3890/3378 4782/3901/3389
f 4782/3901/3389 3401/3890/3378 2053/3895/3383 3389/3903/3391
f 3402/3902/3390 4782/3901/3389 3389/3903/3391 2054/3904/3392
f 1979/3905/3393 4332/3906/3394 4783/3907/3395 3403/3908/3396
f 4332/3906/3394 1954/3899/3387 3402/3902/3390 4783/3907/3395
f 4783/3907/3395 3402/3902/3390 2054/3904/3392 3390/3909/3397
f 3403/3908/3396 4783/3907/3395 3390/3909/3397 2055/3910/3398
f 1953/3911/3399 4331/3912/3400 4784/3913/3401 3404/3914/3402
f 4331/3912/3400 1979/3905/3393 3403/3908/3396 4784/3913/3401
f 4784/3913/3401 3403/3908/3396 2055/3910/3398 3391/3915/3403
f 3404/3914/3402 4784/3913/3401 3391/3915/3403 2056/3916/3404
f 1952/3917/3405 4330/3918/3406 4785/3919/3407 3405/3920/3408
f 4330/3918/3406 1953/3911/3399 3404/3914/3402 4785/3919/3407
f 4785/3919/3407 3404/3914/3402 2056/3916/3404 3392/3921/3409
f 3405/3920/3408 4785/3919/3407 3392/3921/3409 2057/3922/3410
f 1951/3923/3411 4329/3924/3412 4786/3925/3413 3406/3926/3414
f 4329/3924/3412 1952/3917/3405 3405/3920/3408 4786/3925/3413
f 4786/3925/3413 3405/3920/3408 2057/3922/3410 3393/3927/3415
f 3406/3926/3414 4786/3925/3413 3393/3927/3415 2058/3928/3416
f 1950/3929/3417 4328/3930/3418 4787/3931/3419 3407/3932/3420
f 4328/3930/3418 1951/3923/3411 3406/3926/3414 4787/3931/3419
f 4787/3931/3419 3406/3926/3414 2058/3928/3416 3394/3933/3421
f 3407/3932/3420 4787/3931/3419 3394/3933/3421 2059/3934/3422
f 1949/3935/3423 4327/3936/3424 4788/3937/3425 3408/3938/3426
f 4327/3936/3424 1950/3929/3417 3407/3932/3420 4788/3937/3425
f 4788/3937/3425 3407/3932/3420 2059/3934/3422 3395/3939/3427
f 3408/3938/3426 4788/3937/3425 3395/3939/3427 2060/3940/3428
f 1948/3941/2101 4307/3942/3429 4789/3943/3430 2762/3944/2102
f 4307/3942/3429 1949/3935/3423 3408/3938/3426 4789/3943/3430
f 4789/3943/3430 3408/3938/3426 2060/3940/3428 3396/3945/3431
f 2762/3944/2102 4789/3943/3430 3396/3945/3431 2061/3946/2105
f 2064/3947/3432 3410/3948/3433 4790/3949/3434 3427/3950/3435
f 3410/3948/3433 2063/3951/3436 3425/3952/3437 4790/3949/3434
f 4790/3949/3434 3425/3952/3437 2080/3953/2113 2782/3954/2112
f 3427/3950/3435 4790/3949/3434 2782/3954/2112 2079/3955/2111
f 2065/3956/3438 3411/3957/3439 4791/3958/3440 3426/3959/3441
f 3411/3957/3439 2064/3947/3432 3427/3950/3435 4791/3958/3440
f 4791/3958/3440 3427/3950/3435 2079/3955/2111 2781/3960/2121
f 3426/3959/3441 4791/3958/3440 2781/3960/2121 2078/3961/2120
f 2073/3962/3442 3419/3963/3443 4792/3964/3444 3429/3965/3445
f 3419/3963/3443 2072/3966/3446 3428/3967/3447 4792/3964/3444
f 4792/3964/3444 3428/3967/3447 2082/3968/2128 2785/3969/2127
f 3429/3965/3445 4792/3964/3444 2785/3969/2127 2083/3970/2126
f 2072/3966/3446 3418/3971/3448 4793/3972/3449 3428/3967/3447
f 3418/3971/3448 2071/3973/3450 3430/3974/3451 4793/3972/3449
f 4793/3972/3449 3430/3974/3451 2081/3975/2134 2784/3976/2133
f 3428/3967/3447 4793/3972/3449 2784/3976/2133 2082/3968/2128
f 2063/3951/3436 3409/3977/3452 4794/3978/3453 3433/3979/3454
f 3409/3977/3452 2062/3980/3455 3432/3981/3456 4794/3978/3453
f 4794/3978/3453 3432/3981/3456 2084/3982/3457 3431/3983/3458
f 3433/3979/3454 4794/3978/3453 3431/3983/3458 2085/3984/3459
f 2074/3985/3460 3420/3986/3461 4795/3987/3462 3436/3988/3463
f 3420/3986/3461 2073/3962/3442 3435/3989/3464 4795/3987/3462
f 4795/3987/3462 3435/3989/3464 2086/3990/3465 3434/3991/3466
f 3436/3988/3463 4795/3987/3462 3434/3991/3466 2087/3992/3467
f 2085/3984/3459 3431/3983/3458 4796/3993/3468 3437/3994/3469
f 3431/3983/3458 2084/3982/3457 3438/3995/3470 4796/3993/3468
f 4796/3993/3468 3438/3995/3470 2087/3992/3467 3434/3991/3466
f 3437/3994/3469 4796/3993/3468 3434/3991/3466 2086/3990/3465
f 2085/3984/3459 3437/3994/3469 4797/3996/3471 3440/3997/3472
f 3437/3994/3469 2086/3990/3465 3439/3998/3473 4797/3996/3471
f 4797/3996/3471 3439/3998/3473 2089/3999/2160 2797/4000/2159
f 3440/3997/3472 4797/3996/3471 2797/4000/2159 2088/4001/2158
f 2063/3951/3436 3433/3979/3454 4798/4002/3474 3425/3952/3437
f 3433/3979/3454 2085/3984/3459 3440/3997/3472 4798/4002/3474
f 4798/4002/3474 3440/3997/3472 2088/4001/2158 2800/4003/2163
f 3425/3952/3437 4798/4002/3474 2800/4003/2163 2080/3953/2113
f 2083/3970/2126 2801/4004/2165 4799/4005/3475 3429/3965/3445
f 2801/4004/2165 2089/3999/2160 3439/3998/3473 4799/4005/3475
f 4799/4005/3475 3439/3998/3473 2086/3990/3465 3435/3989/3464
f 3429/3965/3445 4799/4005/3475 3435/3989/3464 2073/3962/3442
f 2069/4006/3476 3443/4007/3477 4800/4008/3478 3416/4009/3479
f 3443/4007/3477 2091/4010/3480 3444/4011/3481 4800/4008/3478
f 4800/4008/3478 3444/4011/3481 2084/3982/3457 3432/3981/3456
f 3416/4009/3479 4800/4008/3478 3432/3981/3456 2062/3980/3455
f 2084/3982/3457 3444/4011/3481 4801/4012/3482 3438/3995/3470
f 3444/4011/3481 2091/4010/3480 3442/4013/3483 4801/4012/3482
f 4801/4012/3482 3442/4013/3483 2090/4014/3484 3445/4015/3485
f 3438/3995/3470 4801/4012/3482 3445/4015/3485 2087/3992/3467
f 2075/4016/3486 3421/4017/3487 4802/4018/3488 3441/4019/3489
f 3421/4017/3487 2074/3985/3460 3436/3988/3463 4802/4018/3488
f 4802/4018/3488 3436/3988/3463 2087/3992/3467 3445/4015/3485
f 3441/4019/3489 4802/4018/3488 3445/4015/3485 2090/4014/3484
f 2062/3980/3455 3456/4020/3490 4803/4021/3491 3416/4009/3479
f 3456/4020/3490 2098/4022/3492 3452/4023/3493 4803/4021/3491
f 4803/4021/3491 3452/4023/3493 2097/4024/3494 3455/4025/3495
f 3416/4009/3479 4803/4021/3491 3455/4025/3495 2069/4006/3476
f 2063/3951/3436 3457/4026/3496 4804/4027/3497 3409/3977/3452
f 3457/4026/3496 2099/4028/3498 3453/4029/3499 4804/4027/3497
f 4804/4027/3497 3453/4029/3499 2098/4022/3492 3456/4020/3490
f 3409/3977/3452 4804/4027/3497 3456/4020/3490 2062/3980/3455
f 2063/3951/3436 3410/3948/3433 4805/4030/3500 3457/4026/3496
f 3410/3948/3433 2064/3947/3432 3446/4031/3501 4805/4030/3500
f 4805/4030/3500 3446/4031/3501 2092/4032/3502 3454/4033/3503
f 3457/4026/3496 4805/4030/3500 3454/4033/3503 2099/4028/3498
f 2065/3956/3438 3458/4034/3504 4806/4035/3505 3411/3957/3439
f 2093/4036/3506 3835/4037/3507 4806/4035/3505 3458/4034/3504
f 2064/3947/3432 3411/3957/3439 4806/4035/3505 3835/4037/3507
f 2066/4038/3508 3459/4039/3509 4807/4040/3510 3412/4041/3511
f 3459/4039/3509 2094/4042/3512 3448/4043/3513 4807/4040/3510
f 4807/4040/3510 3448/4043/3513 2093/4036/3506 3458/4034/3504
f 3412/4041/3511 4807/4040/3510 3458/4034/3504 2065/3956/3438
f 2067/4044/3514 3460/4045/3515 4808/4046/3516 3413/4047/3517
f 3460/4045/3515 2095/4048/3518 3449/4049/3519 4808/4046/3516
f 4808/4046/3516 3449/4049/3519 2094/4042/3512 3459/4039/3509
f 3413/4047/3517 4808/4046/3516 3459/4039/3509 2066/4038/3508
f 2068/4050/3520 3461/4051/3521 4809/4052/3522 3414/4053/3523
f 3461/4051/3521 2096/4054/3524 3450/4055/3525 4809/4052/3522
f 4809/4052/3522 3450/4055/3525 2095/4048/3518 3460/4045/3515
f 3414/4053/3523 4809/4052/3522 3460/4045/3515 2067/4044/3514
f 2069/4006/3476 3455/4025/3495 4810/4056/3526 3415/4057/3527
f 3455/4025/3495 2097/4024/3494 3451/4058/3528 4810/4056/3526
f 4810/4056/3526 3451/4058/3528 2096/4054/3524 3461/4051/3521
f 3415/4057/3527 4810/4056/3526 3461/4051/3521 2068/4050/3520
f 2076/4059/3529 3473/4060/3530 4811/4061/3531 3422/4062/3532
f 3473/4060/3530 2104/4063/3533 3466/4064/3534 4811/4061/3531
f 4811/4061/3531 3466/4064/3534 2103/4065/3535 3474/4066/3536
f 3422/4062/3532 4811/4061/3531 3474/4066/3536 2075/4016/3486
f 2075/4016/3486 3474/4066/3536 4812/4067/3537 3421/4017/3487
f 3474/4066/3536 2103/4065/3535 3465/4068/3538 4812/4067/3537
f 4812/4067/3537 3465/4068/3538 2102/4069/3539 3476/4070/3540
f 3421/4017/3487 4812/4067/3537 3476/4070/3540 2074/3985/3460
f 2074/3985/3460 3476/4070/3540 4813/4071/3541 3420/3986/3461
f 3476/4070/3540 2102/4069/3539 3464/4072/3542 4813/4071/3541
f 4813/4071/3541 3464/4072/3542 2101/4073/3543 3477/4074/3544
f 3420/3986/3461 4813/4071/3541 3477/4074/3544 2073/3962/3442
f 2073/3962/3442 3477/4074/3544 4814/4075/3545 3419/3963/3443
f 3477/4074/3544 2101/4073/3543 3463/4076/3546 4814/4075/3545
f 4814/4075/3545 3463/4076/3546 2100/4077/3547 3462/4078/3548
f 3419/3963/3443 4814/4075/3545 3462/4078/3548 2072/3966/3446
f 2071/3973/3450 3418/3971/3448 4815/4079/3549 3475/4080/3550
f 3418/3971/3448 2072/3966/3446 3462/4078/3548 4815/4079/3549
f 4815/4079/3549 3462/4078/3548 2100/4077/3547 3470/4081/3551
f 3475/4080/3550 4815/4079/3549 3470/4081/3551 2107/4082/3552
f 2071/3973/3450 3475/4080/3550 4816/4083/3553 3417/4084/3554
f 3475/4080/3550 2107/4082/3552 3469/4085/3555 4816/4083/3553
f 4816/4083/3553 3469/4085/3555 2106/4086/3556 3472/4087/3557
f 3417/4084/3554 4816/4083/3553 3472/4087/3557 2070/4088/3558
f 2070/4088/3558 3472/4087/3557 4817/4089/3559 3424/4090/3560
f 3472/4087/3557 2106/4086/3556 3468/4091/3561 4817/4089/3559
f 4817/4089/3559 3468/4091/3561 2105/4092/3562 3471/4093/3563
f 3424/4090/3560 4817/4089/3559 3471/4093/3563 2077/4094/3564
f 2077/4094/3564 3471/4093/3563 4818/4095/3565 3423/4096/3566
f 3471/4093/3563 2105/4092/3562 3467/4097/3567 4818/4095/3565
f 4818/4095/3565 3467/4097/3567 2104/4063/3533 3473/4060/3530
f 3423/4096/3566 4818/4095/3565 3473/4060/3530 2076/4059/3529
f 2091/4010/3480 3443/4007/3477 4819/4098/3568 3479/4099/3569
f 2069/4006/3476 3478/4100/3570 4819/4098/3568 3443/4007/3477
f 2108/4101/3571 3479/4099/3569 4819/4098/3568 3478/4100/3570
f 2090/4014/3484 3481/4102/3572 4820/4103/3573 3441/4019/3489
f 2109/4104/3574 3480/4105/3575 4820/4103/3573 3481/4102/3572
f 2075/4016/3486 3441/4019/3489 4820/4103/3573 3480/4105/3575
f 2090/4014/3484 3442/4013/3483 4821/4106/3576 3481/4102/3572
f 3442/4013/3483 2091/4010/3480 3479/4099/3569 4821/4106/3576
f 4821/4106/3576 3479/4099/3569 2108/4101/3571 3482/4107/3577
f 3481/4102/3572 4821/4106/3576 3482/4107/3577 2109/4104/3574
f 2081/3975/2134 3430/3974/3451 4822/4108/3578 2849/4109/2268
f 3430/3974/3451 2071/3973/3450 3488/4110/3579 4822/4108/3578
f 4822/4108/3578 3488/4110/3579 2113/4111/3580 3487/4112/3581
f 2849/4109/2268 4822/4108/3578 3487/4112/3581 2114/4113/2270
f 2071/3973/3450 3417/4084/3554 4823/4114/3582 3488/4110/3579
f 3417/4084/3554 2070/4088/3558 3489/4115/3583 4823/4114/3582
f 4823/4114/3582 3489/4115/3583 2112/4116/3584 3486/4117/3585
f 3488/4110/3579 4823/4114/3582 3486/4117/3585 2113/4111/3580
f 2070/4088/3558 3424/4090/3560 4824/4118/3586 3489/4115/3583
f 3424/4090/3560 2077/4094/3564 3490/4119/3587 4824/4118/3586
f 4824/4118/3586 3490/4119/3587 2111/4120/3588 3485/4121/3589
f 3489/4115/3583 4824/4118/3586 3485/4121/3589 2112/4116/3584
f 2077/4094/3564 3423/4096/3566 4825/4122/3590 3490/4119/3587
f 3423/4096/3566 2076/4059/3529 3491/4123/3591 4825/4122/3590
f 4825/4122/3590 3491/4123/3591 2110/4124/3592 3484/4125/3593
f 3490/4119/3587 4825/4122/3590 3484/4125/3593 2111/4120/3588
f 2076/4059/3529 3422/4062/3532 4826/4126/3594 3491/4123/3591
f 3422/4062/3532 2075/4016/3486 3480/4105/3575 4826/4126/3594
f 4826/4126/3594 3480/4105/3575 2109/4104/3574 3483/4127/3595
f 3491/4123/3591 4826/4126/3594 3483/4127/3595 2110/4124/3592
f 2068/4050/3520 3495/4128/3596 4827/4129/3597 3415/4057/3527
f 3495/4128/3596 2115/4130/3598 3492/4131/3599 4827/4129/3597
f 4827/4129/3597 3492/4131/3599 2108/4101/3571 3478/4100/3570
f 3415/4057/3527 4827/4129/3597 3478/4100/3570 2069/4006/3476
f 2067/4044/3514 3494/4132/3600 4828/4133/3601 3414/4053/3523
f 3494/4132/3600 2116/4134/3602 3493/4135/3603 4828/4133/3601
f 4828/4133/3601 3493/4135/3603 2115/4130/3598 3495/4128/3596
f 3414/4053/3523 4828/4133/3601 3495/4128/3596 2068/4050/3520
f 2067/4044/3514 3413/4047/3517 4829/4136/3604 3494/4132/3600
f 3413/4047/3517 2066/4038/3508 3496/4137/3605 4829/4136/3604
f 4829/4136/3604 3496/4137/3605 2059/3934/3422 3497/4138/3606
f 3494/4132/3600 4829/4136/3604 3497/4138/3606 2116/4134/3602
f 2060/3940/3428 3395/3939/3427 4830/4139/3607 3498/4140/3608
f 3395/3939/3427 2059/3934/3422 3496/4137/3605 4830/4139/3607
f 4830/4139/3607 3496/4137/3605 2066/4038/3508 3412/4041/3511
f 3498/4140/3608 4830/4139/3607 3412/4041/3511 2065/3956/3438
f 2060/3940/3428 3498/4140/3608 4831/4141/3609 3396/3945/3431
f 3498/4140/3608 2065/3956/3438 3426/3959/3441 4831/4141/3609
f 4831/4141/3609 3426/3959/3441 2078/3961/2120 2861/4142/2302
f 3396/3945/3431 4831/4141/3609 2861/4142/2302 2061/3946/2105
f 2059/3934/3422 3394/3933/3421 4832/4143/3610 3497/4138/3606
f 2058/3928/3416 3499/4144/3611 4832/4143/3610 3394/3933/3421
f 2116/4134/3602 3497/4138/3606 4832/4143/3610 3499/4144/3611
f 2114/4113/2270 3487/4112/3581 4833/4145/3612 2872/4146/2305
f 3487/4112/3581 2113/4111/3580 3509/4147/3613 4833/4145/3612
f 4833/4145/3612 3509/4147/3613 2124/4148/3614 3508/4149/3615
f 2872/4146/2305 4833/4145/3612 3508/4149/3615 2125/4150/2307
f 2113/4111/3580 3486/4117/3585 4834/4151/3616 3509/4147/3613
f 3486/4117/3585 2112/4116/3584 3510/4152/3617 4834/4151/3616
f 4834/4151/3616 3510/4152/3617 2123/4153/3618 3507/4154/3619
f 3509/4147/3613 4834/4151/3616 3507/4154/3619 2124/4148/3614
f 2112/4116/3584 3485/4121/3589 4835/4155/3620 3510/4152/3617
f 3485/4121/3589 2111/4120/3588 3511/4156/3621 4835/4155/3620
f 4835/4155/3620 3511/4156/3621 2122/4157/3622 3506/4158/3623
f 3510/4152/3617 4835/4155/3620 3506/4158/3623 2123/4153/3618
f 2111/4120/3588 3484/4125/3593 4836/4159/3624 3511/4156/3621
f 3484/4125/3593 2110/4124/3592 3512/4160/3625 4836/4159/3624
f 4836/4159/3624 3512/4160/3625 2121/4161/3626 3505/4162/3627
f 3511/4156/3621 4836/4159/3624 3505/4162/3627 2122/4157/3622
f 2110/4124/3592 3483/4127/3595 4837/4163/3628 3512/4160/3625
f 3483/4127/3595 2109/4104/3574 3513/4164/3629 4837/4163/3628
f 4837/4163/3628 3513/4164/3629 2120/4165/3630 3504/4166/3631
f 3512/4160/3625 4837/4163/3628 3504/4166/3631 2121/4161/3626
f 2109/4104/3574 3482/4107/3577 4838/4167/3632 3513/4164/3629
f 3482/4107/3577 2108/4101/3571 3514/4168/3633 4838/4167/3632
f 4838/4167/3632 3514/4168/3633 2119/4169/3634 3503/4170/3635
f 3513/4164/3629 4838/4167/3632 3503/4170/3635 2120/4165/3630
f 2108/4101/3571 3492/4131/3599 4839/4171/3636 3514/4168/3633
f 3492/4131/3599 2115/4130/3598 3515/4172/3637 4839/4171/3636
f 4839/4171/3636 3515/4172/3637 2118/4173/3638 3502/4174/3639
f 3514/4168/3633 4839/4171/3636 3502/4174/3639 2119/4169/3634
f 2115/4130/3598 3493/4135/3603 4840/4175/3640 3515/4172/3637
f 3493/4135/3603 2116/4134/3602 3516/4176/3641 4840/4175/3640
f 4840/4175/3640 3516/4176/3641 2117/4177/3642 3501/4178/3643
f 3515/4172/3637 4840/4175/3640 3501/4178/3643 2118/4173/3638
f 2057/3922/3410 3500/4179/3644 4841/4180/3645 3393/3927/3415
f 3500/4179/3644 2117/4177/3642 3516/4176/3641 4841/4180/3645
f 4841/4180/3645 3516/4176/3641 2116/4134/3602 3499/4144/3611
f 3393/3927/3415 4841/4180/3645 3499/4144/3611 2058/3928/3416
f 2135/4181/2341 3526/4182/3646 4842/4183/3647 2891/4184/2342
f 3526/4182/3646 2134/4185/3648 3527/4186/3649 4842/4183/3647
f 4842/4183/3647 3527/4186/3649 2048/3866/3354 3382/3865/3353
f 2891/4184/2342 4842/4183/3647 3382/3865/3353 2047/3864/2028
f 2048/3866/3354 3527/4186/3649 4843/4187/3650 3384/3873/3361
f 3527/4186/3649 2134/4185/3648 3525/4188/3651 4843/4187/3650
f 4843/4187/3650 3525/4188/3651 2133/4189/3652 3528/4190/3653
f 3384/3873/3361 4843/4187/3650 3528/4190/3653 2049/3874/3362
f 2049/3874/3362 3528/4190/3653 4844/4191/3654 3385/3879/3367
f 3528/4190/3653 2133/4189/3652 3524/4192/3655 4844/4191/3654
f 4844/4191/3654 3524/4192/3655 2132/4193/3656 3529/4194/3657
f 3385/3879/3367 4844/4191/3654 3529/4194/3657 2050/3880/3368
f 2050/3880/3368 3529/4194/3657 4845/4195/3658 3386/3885/3373
f 3529/4194/3657 2132/4193/3656 3523/4196/3659 4845/4195/3658
f 4845/4195/3658 3523/4196/3659 2131/4197/3660 3530/4198/3661
f 3386/3885/3373 4845/4195/3658 3530/4198/3661 2051/3886/3374
f 2051/3886/3374 3530/4198/3661 4846/4199/3662 3387/3898/3386
f 3530/4198/3661 2131/4197/3660 3522/4200/3663 4846/4199/3662
f 4846/4199/3662 3522/4200/3663 2130/4201/3664 3531/4202/3665
f 3387/3898/3386 4846/4199/3662 3531/4202/3665 2052/3893/3381
f 2052/3893/3381 3531/4202/3665 4847/4203/3666 3388/3894/3382
f 3531/4202/3665 2130/4201/3664 3521/4204/3667 4847/4203/3666
f 4847/4203/3666 3521/4204/3667 2129/4205/3668 3532/4206/3669
f 3388/3894/3382 4847/4203/3666 3532/4206/3669 2053/3895/3383
f 2053/3895/3383 3532/4206/3669 4848/4207/3670 3389/3903/3391
f 3532/4206/3669 2129/4205/3668 3520/4208/3671 4848/4207/3670
f 4848/4207/3670 3520/4208/3671 2128/4209/3672 3533/4210/3673
f 3389/3903/3391 4848/4207/3670 3533/4210/3673 2054/3904/3392
f 2054/3904/3392 3533/4210/3673 4849/4211/3674 3390/3909/3397
f 3533/4210/3673 2128/4209/3672 3519/4212/3675 4849/4211/3674
f 4849/4211/3674 3519/4212/3675 2127/4213/3676 3534/4214/3677
f 3390/3909/3397 4849/4211/3674 3534/4214/3677 2055/3910/3398
f 2055/3910/3398 3534/4214/3677 4850/4215/3678 3391/3915/3403
f 3534/4214/3677 2127/4213/3676 3518/4216/3679 4850/4215/3678
f 4850/4215/3678 3518/4216/3679 2126/4217/3680 3535/4218/3681
f 3391/3915/3403 4850/4215/3678 3535/4218/3681 2056/3916/3404
f 2056/3916/3404 3535/4218/3681 4851/4219/3682 3392/3921/3409
f 3535/4218/3681 2126/4217/3680 3517/4220/3683 4851/4219/3682
f 4851/4219/3682 3517/4220/3683 2117/4177/3642 3500/4179/3644
f 3392/3921/3409 4851/4219/3682 3500/4179/3644 2057/3922/3410
f 2125/4150/2307 3508/4149/3615 4852/4221/3684 2910/4222/2381
f 3508/4149/3615 2124/4148/3614 3544/4223/3685 4852/4221/3684
f 4852/4221/3684 3544/4223/3685 2142/4224/3686 3543/4225/3687
f 2910/4222/2381 4852/4221/3684 3543/4225/3687 2143/4226/2383
f 2124/4148/3614 3507/4154/3619 4853/4227/3688 3544/4223/3685
f 3507/4154/3619 2123/4153/3618 3545/4228/3689 4853/4227/3688
f 4853/4227/3688 3545/4228/3689 2141/4229/3690 3542/4230/3691
f 3544/4223/3685 4853/4227/3688 3542/4230/3691 2142/4224/3686
f 2118/4173/3638 3501/4178/3643 4854/4231/3692 3546/4232/3693
f 3501/4178/3643 2117/4177/3642 3517/4220/3683 4854/4231/3692
f 4854/4231/3692 3517/4220/3683 2126/4217/3680 3536/4233/3694
f 3546/4232/3693 4854/4231/3692 3536/4233/3694 2136/4234/3695
f 2119/4169/3634 3502/4174/3639 4855/4235/3696 3547/4236/3697
f 3502/4174/3639 2118/4173/3638 3546/4232/3693 4855/4235/3696
f 4855/4235/3696 3546/4232/3693 2136/4234/3695 3537/4237/3698
f 3547/4236/3697 4855/4235/3696 3537/4237/3698 2137/4238/3699
f 2120/4165/3630 3503/4170/3635 4856/4239/3700 3548/4240/3701
f 3503/4170/3635 2119/4169/3634 3547/4236/3697 4856/4239/3700
f 4856/4239/3700 3547/4236/3697 2137/4238/3699 3538/4241/3702
f 3548/4240/3701 4856/4239/3700 3538/4241/3702 2138/4242/3703
f 2121/4161/3626 3504/4166/3631 4857/4243/3704 3549/4244/3705
f 3504/4166/3631 2120/4165/3630 3548/4240/3701 4857/4243/3704
f 4857/4243/3704 3548/4240/3701 2138/4242/3703 3539/4245/3706
f 3549/4244/3705 4857/4243/3704 3539/4245/3706 2139/4246/3707
f 2123/4153/3618 3506/4158/3623 4858/4247/3708 3545/4228/3689
f 3506/4158/3623 2122/4157/3622 3550/4248/3709 4858/4247/3708
f 4858/4247/3708 3550/4248/3709 2140/4249/3710 3541/4250/3711
f 3545/4228/3689 4858/4247/3708 3541/4250/3711 2141/4229/3690
f 2122/4157/3622 3505/4162/3627 4859/4251/3712 3550/4248/3709
f 3505/4162/3627 2121/4161/3626 3549/4244/3705 4859/4251/3712
f 4859/4251/3712 3549/4244/3705 2139/4246/3707 3540/4252/3713
f 3550/4248/3709 4859/4251/3712 3540/4252/3713 2140/4249/3710
f 2127/4213/3676 3551/4253/3714 4860/4254/3715 3518/4216/3679
f 3551/4253/3714 2144/4255/3716 3559/4256/3717 4860/4254/3715
f 4860/4254/3715 3559/4256/3717 2136/4234/3695 3536/4233/3694
f 3518/4216/3679 4860/4254/3715 3536/4233/3694 2126/4217/3680
f 2137/4238/3699 3537/4237/3698 4861/4257/3718 3560/4258/3719
f 3537/4237/3698 2136/4234/3695 3559/4256/3717 4861/4257/3718
f 4861/4257/3718 3559/4256/3717 2144/4255/3716 3552/4259/3720
f 3560/4258/3719 4861/4257/3718 3552/4259/3720 2145/4260/3721
f 2138/4242/3703 3538/4241/3702 4862/4261/3722 3561/4262/3723
f 3538/4241/3702 2137/4238/3699 3560/4258/3719 4862/4261/3722
f 4862/4261/3722 3560/4258/3719 2145/4260/3721 3553/4263/3724
f 3561/4262/3723 4862/4261/3722 3553/4263/3724 2146/4264/3725
f 2139/4246/3707 3539/4245/3706 4863/4265/3726 3562/4266/3727
f 3539/4245/3706 2138/4242/3703 3561/4262/3723 4863/4265/3726
f 4863/4265/3726 3561/4262/3723 2146/4264/3725 3554/4267/3728
f 3562/4266/3727 4863/4265/3726 3554/4267/3728 2147/4268/3729
f 2140/4249/3710 3540/4252/3713 4864/4269/3730 3563/4270/3731
f 3540/4252/3713 2139/4246/3707 3562/4266/3727 4864/4269/3730
f 4864/4269/3730 3562/4266/3727 2147/4268/3729 3555/4271/3732
f 3563/4270/3731 4864/4269/3730 3555/4271/3732 2148/4272/3733
f 2141/4229/3690 3541/4250/3711 4865/4273/3734 3564/4274/3735
f 3541/4250/3711 2140/4249/3710 3563/4270/3731 4865/4273/3734
f 4865/4273/3734 3563/4270/3731 2148/4272/3733 3556/4275/3736
f 3564/4274/3735 4865/4273/3734 3556/4275/3736 2149/4276/3737
f 2143/4226/2383 3543/4225/3687 4866/4277/3738 2925/4278/2437
f 3543/4225/3687 2142/4224/3686 3565/4279/3739 4866/4277/3738
f 4866/4277/3738 3565/4279/3739 2150/4280/3740 3558/4281/3741
f 2925/4278/2437 4866/4277/3738 3558/4281/3741 2151/4282/2439
f 2142/4224/3686 3542/4230/3691 4867/4283/3742 3565/4279/3739
f 3542/4230/3691 2141/4229/3690 3564/4274/3735 4867/4283/3742
f 4867/4283/3742 3564/4274/3735 2149/4276/3737 3557/4284/3743
f 3565/4279/3739 4867/4283/3742 3557/4284/3743 2150/4280/3740
f 2151/4282/2439 3558/4281/3741 4868/4285/3744 2941/4286/2445
f 3558/4281/3741 2150/4280/3740 3574/4287/3745 4868/4285/3744
f 4868/4285/3744 3574/4287/3745 2158/4288/3746 3573/4289/3747
f 2941/4286/2445 4868/4285/3744 3573/4289/3747 2159/4290/2447
f 2128/4209/3672 3566/4291/3748 4869/4292/3749 3519/4212/3675
f 3566/4291/3748 2152/4293/3750 3575/4294/3751 4869/4292/3749
f 4869/4292/3749 3575/4294/3751 2144/4255/3716 3551/4253/3714
f 3519/4212/3675 4869/4292/3749 3551/4253/3714 2127/4213/3676
f 2145/4260/3721 3552/4259/3720 4870/4295/3752 3576/4296/3753
f 3552/4259/3720 2144/4255/3716 3575/4294/3751 4870/4295/3752
f 4870/4295/3752 3575/4294/3751 2152/4293/3750 3567/4297/3754
f 3576/4296/3753 4870/4295/3752 3567/4297/3754 2153/4298/3755
f 2146/4264/3725 3553/4263/3724 4871/4299/3756 3577/4300/3757
f 3553/4263/3724 2145/4260/3721 3576/4296/3753 4871/4299/3756
f 4871/4299/3756 3576/4296/3753 2153/4298/3755 3568/4301/3758
f 3577/4300/3757 4871/4299/3756 3568/4301/3758 2154/4302/3759
f 2147/4268/3729 3554/4267/3728 4872/4303/3760 3578/4304/3761
f 3554/4267/3728 2146/4264/3725 3577/4300/3757 4872/4303/3760
f 4872/4303/3760 3577/4300/3757 2154/4302/3759 3569/4305/3762
f 3578/4304/3761 4872/4303/3760 3569/4305/3762 2155/4306/3763
f 2148/4272/3733 3555/4271/3732 4873/4307/3764 3579/4308/3765
f 3555/4271/3732 2147/4268/3729 3578/4304/3761 4873/4307/3764
f 4873/4307/3764 3578/4304/3761 2155/4306/3763 3570/4309/3766
f 3579/4308/3765 4873/4307/3764 3570/4309/3766 2156/4310/3767
f 2150/4280/3740 3557/4284/3743 4874/4311/3768 3574/4287/3745
f 3557/4284/3743 2149/4276/3737 3580/4312/3769 4874/4311/3768
f 4874/4311/3768 3580/4312/3769 2157/4313/3770 3572/4314/3771
f 3574/4287/3745 4874/4311/3768 3572/4314/3771 2158/4288/3746
f 2149/4276/3737 3556/4275/3736 4875/4315/3772 3580/4312/3769
f 3556/4275/3736 2148/4272/3733 3579/4308/3765 4875/4315/3772
f 4875/4315/3772 3579/4308/3765 2156/4310/3767 3571/4316/3773
f 3580/4312/3769 4875/4315/3772 3571/4316/3773 2157/4313/3770
f 2135/4181/2341 2951/4317/2478 4876/4318/3774 3526/4182/3646
f 2951/4317/2478 2161/4319/2482 3581/4320/3775 4876/4318/3774
f 4876/4318/3774 3581/4320/3775 2160/4321/3776 3582/4322/3777
f 3526/4182/3646 4876/4318/3774 3582/4322/3777 2134/4185/3648
f 2161/4319/2482 2954/4323/2484 4877/4324/3778 3581/4320/3775
f 2954/4323/2484 2163/4325/2488 3583/4326/3779 4877/4324/3778
f 4877/4324/3778 3583/4326/3779 2162/4327/3780 3584/4328/3781
f 3581/4320/3775 4877/4324/3778 3584/4328/3781 2160/4321/3776
f 2163/4325/2488 2957/4329/2490 4878/4330/3782 3583/4326/3779
f 2957/4329/2490 2165/4331/2494 3585/4332/3783 4878/4330/3782
f 4878/4330/3782 3585/4332/3783 2164/4333/3784 3586/4334/3785
f 3583/4326/3779 4878/4330/3782 3586/4334/3785 2162/4327/3780
f 2165/4331/2494 2960/4335/2496 4879/4336/3786 3585/4332/3783
f 2960/4335/2496 2167/4337/2500 3587/4338/3787 4879/4336/3786
f 4879/4336/3786 3587/4338/3787 2166/4339/3788 3588/4340/3789
f 3585/4332/3783 4879/4336/3786 3588/4340/3789 2164/4333/3784
f 2167/4337/2500 2963/4341/2502 4880/4342/3790 3587/4338/3787
f 2963/4341/2502 2169/4343/2506 3589/4344/3791 4880/4342/3790
f 4880/4342/3790 3589/4344/3791 2168/4345/3792 3590/4346/3793
f 3587/4338/3787 4880/4342/3790 3590/4346/3793 2166/4339/3788
f 2129/4205/3668 3597/4347/3794 4881/4348/3795 3520/4208/3671
f 3597/4347/3794 2174/4349/3796 3596/4350/3797 4881/4348/3795
f 4881/4348/3795 3596/4350/3797 2152/4293/3750 3566/4291/3748
f 3520/4208/3671 4881/4348/3795 3566/4291/3748 2128/4209/3672
f 2129/4205/3668 3521/4204/3667 4882/4351/3798 3597/4347/3794
f 3521/4204/3667 2130/4201/3664 3598/4352/3799 4882/4351/3798
f 4882/4351/3798 3598/4352/3799 2173/4353/3800 3595/4354/3801
f 3597/4347/3794 4882/4351/3798 3595/4354/3801 2174/4349/3796
f 2133/4189/3652 3525/4188/3651 4883/4355/3802 3599/4356/3803
f 3525/4188/3651 2134/4185/3648 3582/4322/3777 4883/4355/3802
f 4883/4355/3802 3582/4322/3777 2160/4321/3776 3591/4357/3804
f 3599/4356/3803 4883/4355/3802 3591/4357/3804 2170/4358/3805
f 2132/4193/3656 3524/4192/3655 4884/4359/3806 3600/4360/3807
f 3524/4192/3655 2133/4189/3652 3599/4356/3803 4884/4359/3806
f 4884/4359/3806 3599/4356/3803 2170/4358/3805 3592/4361/3808
f 3600/4360/3807 4884/4359/3806 3592/4361/3808 2171/4362/3809
f 2130/4201/3664 3522/4200/3663 4885/4363/3810 3598/4352/3799
f 3522/4200/3663 2131/4197/3660 3601/4364/3811 4885/4363/3810
f 4885/4363/3810 3601/4364/3811 2172/4365/3812 3594/4366/3813
f 3598/4352/3799 4885/4363/3810 3594/4366/3813 2173/4353/3800
f 2131/4197/3660 3523/4196/3659 4886/4367/3814 3601/4364/3811
f 3523/4196/3659 2132/4193/3656 3600/4360/3807 4886/4367/3814
f 4886/4367/3814 3600/4360/3807 2171/4362/3809 3593/4368/3815
f 3601/4364/3811 4886/4367/3814 3593/4368/3815 2172/4365/3812
f 2162/4327/3780 3602/4369/3816 4887/4370/3817 3584/4328/3781
f 3602/4369/3816 2175/4371/3818 3617/4372/3819 4887/4370/3817
f 4887/4370/3817 3617/4372/3819 2170/4358/3805 3591/4357/3804
f 3584/4328/3781 4887/4370/3817 3591/4357/3804 2160/4321/3776
f 2153/4298/3755 3567/4297/3754 4888/4373/3820 3618/4374/3821
f 3567/4297/3754 2152/4293/3750 3596/4350/3797 4888/4373/3820
f 4888/4373/3820 3596/4350/3797 2174/4349/3796 3619/4375/3822
f 3618/4374/3821 4888/4373/3820 3619/4375/3822 2179/4376/3823
f 2171/4362/3809 3592/4361/3808 4889/4377/3824 3620/4378/3825
f 3592/4361/3808 2170/4358/3805 3617/4372/3819 4889/4377/3824
f 4889/4377/3824 3617/4372/3819 2175/4371/3818 3603/4379/3826
f 3620/4378/3825 4889/4377/3824 3603/4379/3826 2176/4380/3827
f 2172/4365/3812 3593/4368/3815 4890/4381/3828 3621/4382/3829
f 3593/4368/3815 2171/4362/3809 3620/4378/3825 4890/4381/3828
f 4890/4381/3828 3620/4378/3825 2176/4380/3827 3604/4383/3830
f 3621/4382/3829 4890/4381/3828 3604/4383/3830 2177/4384/3831
f 2173/4353/3800 3594/4366/3813 4891/4385/3832 3622/4386/3833
f 3594/4366/3813 2172/4365/3812 3621/4382/3829 4891/4385/3832
f 4891/4385/3832 3621/4382/3829 2177/4384/3831 3605/4387/3834
f 3622/4386/3833 4891/4385/3832 3605/4387/3834 2178/4388/3835
f 2174/4349/3796 3595/4354/3801 4892/4389/3836 3619/4375/3822
f 3595/4354/3801 2173/4353/3800 3622/4386/3833 4892/4389/3836
f 4892/4389/3836 3622/4386/3833 2178/4388/3835 3606/4390/3837
f 3619/4375/3822 4892/4389/3836 3606/4390/3837 2179/4376/3823
f 2154/4302/3759 3568/4301/3758 4893/4391/3838 3623/4392/3839
f 3568/4301/3758 2153/4298/3755 3618/4374/3821 4893/4391/3838
f 4893/4391/3838 3618/4374/3821 2179/4376/3823 3624/4393/3840
f 3623/4392/3839 4893/4391/3838 3624/4393/3840 2184/4394/3841
f 2164/4333/3784 3607/4395/3842 4894/4396/3843 3586/4334/3785
f 3607/4395/3842 2180/4397/3844 3625/4398/3845 4894/4396/3843
f 4894/4396/3843 3625/4398/3845 2175/4371/3818 3602/4369/3816
f 3586/4334/3785 4894/4396/3843 3602/4369/3816 2162/4327/3780
f 2176/4380/3827 3603/4379/3826 4895/4399/3846 3626/4400/3847
f 3603/4379/3826 2175/4371/3818 3625/4398/3845 4895/4399/3846
f 4895/4399/3846 3625/4398/3845 2180/4397/3844 3608/4401/3848
f 3626/4400/3847 4895/4399/3846 3608/4401/3848 2181/4402/3849
f 2177/4384/3831 3604/4383/3830 4896/4403/3850 3627/4404/3851
f 3604/4383/3830 2176/4380/3827 3626/4400/3847 4896/4403/3850
f 4896/4403/3850 3626/4400/3847 2181/4402/3849 3609/4405/3852
f 3627/4404/3851 4896/4403/3850 3609/4405/3852 2182/4406/3853
f 2179/4376/3823 3606/4390/3837 4897/4407/3854 3624/4393/3840
f 3606/4390/3837 2178/4388/3835 3628/4408/3855 4897/4407/3854
f 4897/4407/3854 3628/4408/3855 2183/4409/3856 3611/4410/3857
f 3624/4393/3840 4897/4407/3854 3611/4410/3857 2184/4394/3841
f 2178/4388/3835 3605/4387/3834 4898/4411/3858 3628/4408/3855
f 3605/4387/3834 2177/4384/3831 3627/4404/3851 4898/4411/3858
f 4898/4411/3858 3627/4404/3851 2182/4406/3853 3610/4412/3859
f 3628/4408/3855 4898/4411/3858 3610/4412/3859 2183/4409/3856
f 2155/4306/3763 3569/4305/3762 4899/4413/3860 3629/4414/3861
f 3569/4305/3762 2154/4302/3759 3623/4392/3839 4899/4413/3860
f 4899/4413/3860 3623/4392/3839 2184/4394/3841 3630/4415/3862
f 3629/4414/3861 4899/4413/3860 3630/4415/3862 2189/4416/3863
f 2184/4394/3841 3611/4410/3857 4900/4417/3864 3630/4415/3862
f 3611/4410/3857 2183/4409/3856 3631/4418/3865 4900/4417/3864
f 4900/4417/3864 3631/4418/3865 2188/4419/3866 3616/4420/3867
f 3630/4415/3862 4900/4417/3864 3616/4420/3867 2189/4416/3863
f 2183/4409/3856 3610/4412/3859 4901/4421/3868 3631/4418/3865
f 3610/4412/3859 2182/4406/3853 3632/4422/3869 4901/4421/3868
f 4901/4421/3868 3632/4422/3869 2187/4423/3870 3615/4424/3871
f 3631/4418/3865 4901/4421/3868 3615/4424/3871 2188/4419/3866
f 2182/4406/3853 3609/4405/3852 4902/4425/3872 3632/4422/3869
f 3609/4405/3852 2181/4402/3849 3633/4426/3873 4902/4425/3872
f 4902/4425/3872 3633/4426/3873 2186/4427/3874 3614/4428/3875
f 3632/4422/3869 4902/4425/3872 3614/4428/3875 2187/4423/3870
f 2181/4402/3849 3608/4401/3848 4903/4429/3876 3633/4426/3873
f 3608/4401/3848 2180/4397/3844 3634/4430/3877 4903/4429/3876
f 4903/4429/3876 3634/4430/3877 2185/4431/3878 3613/4432/3879
f 3633/4426/3873 4903/4429/3876 3613/4432/3879 2186/4427/3874
f 2166/4339/3788 3612/4433/3880 4904/4434/3881 3588/4340/3789
f 3612/4433/3880 2185/4431/3878 3634/4430/3877 4904/4434/3881
f 4904/4434/3881 3634/4430/3877 2180/4397/3844 3607/4395/3842
f 3588/4340/3789 4904/4434/3881 3607/4395/3842 2164/4333/3784
f 2156/4310/3767 3570/4309/3766 4905/4435/3882 3640/4436/3883
f 3570/4309/3766 2155/4306/3763 3629/4414/3861 4905/4435/3882
f 4905/4435/3882 3629/4414/3861 2189/4416/3863 3641/4437/3884
f 3640/4436/3883 4905/4435/3882 3641/4437/3884 2194/4438/3885
f 2189/4416/3863 3616/4420/3867 4906/4439/3886 3641/4437/3884
f 3616/4420/3867 2188/4419/3866 3642/4440/3887 4906/4439/3886
f 4906/4439/3886 3642/4440/3887 2193/4441/3888 3639/4442/3889
f 3641/4437/3884 4906/4439/3886 3639/4442/3889 2194/4438/3885
f 2188/4419/3866 3615/4424/3871 4907/4443/3890 3642/4440/3887
f 3615/4424/3871 2187/4423/3870 3643/4444/3891 4907/4443/3890
f 4907/4443/3890 3643/4444/3891 2192/4445/3892 3638/4446/3893
f 3642/4440/3887 4907/4443/3890 3638/4446/3893 2193/4441/3888
f 2187/4423/3870 3614/4428/3875 4908/4447/3894 3643/4444/3891
f 3614/4428/3875 2186/4427/3874 3644/4448/3895 4908/4447/3894
f 4908/4447/3894 3644/4448/3895 2191/4449/3896 3637/4450/3897
f 3643/4444/3891 4908/4447/3894 3637/4450/3897 2192/4445/3892
f 2186/4427/3874 3613/4432/3879 4909/4451/3898 3644/4448/3895
f 3613/4432/3879 2185/4431/3878 3645/4452/3899 4909/4451/3898
f 4909/4451/3898 3645/4452/3899 2190/4453/3900 3636/4454/3901
f 3644/4448/3895 4909/4451/3898 3636/4454/3901 2191/4449/3896
f 2168/4345/3792 3635/4455/3902 4910/4456/3903 3590/4346/3793
f 3635/4455/3902 2190/4453/3900 3645/4452/3899 4910/4456/3903
f 4910/4456/3903 3645/4452/3899 2185/4431/3878 3612/4433/3880
f 3590/4346/3793 4910/4456/3903 3612/4433/3880 2166/4339/3788
f 2159/4290/2447 3573/4289/3747 4911/4457/3904 3023/4458/2617
f 3573/4289/3747 2158/4288/3746 3649/4459/3905 4911/4457/3904
f 4911/4457/3904 3649/4459/3905 2196/4460/3906 3650/4461/3907
f 3023/4458/2617 4911/4457/3904 3650/4461/3907 2197/4462/2619
f 2156/4310/3767 3640/4436/3883 4912/4463/3908 3571/4316/3773
f 3640/4436/3883 2194/4438/3885 3648/4464/3909 4912/4463/3908
f 4912/4463/3908 3648/4464/3909 2195/4465/3910 3646/4466/3911
f 3571/4316/3773 4912/4463/3908 3646/4466/3911 2157/4313/3770
f 2158/4288/3746 3572/4314/3771 4913/4467/3912 3649/4459/3905
f 3572/4314/3771 2157/4313/3770 3646/4466/3911 4913/4467/3912
f 4913/4467/3912 3646/4466/3911 2195/4465/3910 3647/4468/3913
f 3649/4459/3905 4913/4467/3912 3647/4468/3913 2196/4460/3906
f 2196/4460/3906 3647/4468/3913 4914/4469/3914 3655/4470/3915
f 3647/4468/3913 2195/4465/3910 3654/4471/3916 4914/4469/3914
f 4914/4469/3914 3654/4471/3916 2198/4472/3917 3652/4473/3918
f 3655/4470/3915 4914/4469/3914 3652/4473/3918 2199/4474/3919
f 2197/4462/2619 3650/4461/3907 4915/4475/3920 3028/4476/2635
f 3650/4461/3907 2196/4460/3906 3655/4470/3915 4915/4475/3920
f 4915/4475/3920 3655/4470/3915 2199/4474/3919 3653/4477/3921
f 3028/4476/2635 4915/4475/3920 3653/4477/3921 2200/4478/2637
f 2193/4441/3888 3651/4479/3922 4916/4480/3923 3639/4442/3889
f 3651/4479/3922 2198/4472/3917 3654/4471/3916 4916/4480/3923
f 4916/4480/3923 3654/4471/3916 2195/4465/3910 3648/4464/3909
f 3639/4442/3889 4916/4480/3923 3648/4464/3909 2194/4438/3885
f 2191/4449/3896 3663/4481/3924 4917/4482/3925 3637/4450/3897
f 2204/4483/3926 3665/4484/3927 4917/4482/3925 3663/4481/3924
f 2192/4445/3892 3637/4450/3897 4917/4482/3925 3665/4484/3927
f 2169/4343/2506 3036/4485/2646 4918/4486/3928 3589/4344/3791
f 3036/4485/2646 2202/4487/2650 3661/4488/3929 4918/4486/3928
f 4918/4486/3928 3661/4488/3929 2203/4489/3930 3660/4490/3931
f 3589/4344/3791 4918/4486/3928 3660/4490/3931 2168/4345/3792
f 2190/4453/3900 3635/4455/3902 4919/4491/3932 3657/4492/3933
f 3635/4455/3902 2168/4345/3792 3660/4490/3931 4919/4491/3932
f 4919/4491/3932 3660/4490/3931 2203/4489/3930 3662/4493/3934
f 3657/4492/3933 4919/4491/3932 3662/4493/3934 2201/4494/3935
f 2190/4453/3900 3657/4492/3933 4920/4495/3936 3636/4454/3901
f 3657/4492/3933 2201/4494/3935 3664/4496/3937 4920/4495/3936
f 4920/4495/3936 3664/4496/3937 2204/4483/3926 3663/4481/3924
f 3636/4454/3901 4920/4495/3936 3663/4481/3924 2191/4449/3896
f 2198/4472/3917 3658/4497/3938 4921/4498/3939 3652/4473/3918
f 2201/4494/3935 3666/4499/3940 4921/4498/3939 3658/4497/3938
f 2199/4474/3919 3652/4473/3918 4921/4498/3939 3666/4499/3940
f 2202/4487/2650 3035/4500/2661 4922/4501/3941 3661/4488/3929
f 3035/4500/2661 2200/4478/2637 3653/4477/3921 4922/4501/3941
f 4922/4501/3941 3653/4477/3921 2199/4474/3919 3659/4502/3942
f 3661/4488/3929 4922/4501/3941 3659/4502/3942 2203/4489/3930
f 2201/4494/3935 3658/4497/3938 4923/4503/3943 3664/4496/3937
f 2198/4472/3917 3656/4504/3944 4923/4503/3943 3658/4497/3938
f 2204/4483/3926 3664/4496/3937 4923/4503/3943 3656/4504/3944
f 2204/4483/3926 3656/4504/3944 4924/4505/3945 3665/4484/3927
f 3656/4504/3944 2198/4472/3917 3651/4479/3922 4924/4505/3945
f 4924/4505/3945 3651/4479/3922 2193/4441/3888 3638/4446/3893
f 3665/4484/3927 4924/4505/3945 3638/4446/3893 2192/4445/3892
f 2201/4494/3935 3662/4493/3934 4925/4506/3946 3666/4499/3940
f 2203/4489/3930 3659/4502/3942 4925/4506/3946 3662/4493/3934
f 2199/4474/3919 3666/4499/3940 4925/4506/3946 3659/4502/3942
f 2286/4507/3947 3810/4508/3948 4926/4509/3949 3818/4510/3950
f 3810/4508/3948 2206/4511/3951 3668/4512/3952 4926/4509/3949
f 4926/4509/3949 3668/4512/3952 2207/4513/3953 3692/4514/3954
f 3818/4510/3950 4926/4509/3949 3692/4514/3954 2279/4515/3955
f 2279/4515/3955 3692/4514/3954 4927/4516/3956 3817/4517/3957
f 3692/4514/3954 2207/4513/3953 3669/4518/3958 4927/4516/3956
f 4927/4516/3956 3669/4518/3958 2208/4519/3959 3693/4520/3960
f 3817/4517/3957 4927/4516/3956 3693/4520/3960 2280/4521/3961
f 2280/4521/3961 3693/4520/3960 4928/4522/3962 3816/4523/3963
f 3693/4520/3960 2208/4519/3959 3670/4524/3964 4928/4522/3962
f 4928/4522/3962 3670/4524/3964 2209/4525/3965 3694/4526/3966
f 3816/4523/3963 4928/4522/3962 3694/4526/3966 2281/4527/3967
f 2281/4527/3967 3694/4526/3966 4929/4528/3968 3815/4529/3969
f 3694/4526/3966 2209/4525/3965 3671/4530/3970 4929/4528/3968
f 4929/4528/3968 3671/4530/3970 2210/4531/3971 3695/4532/3972
f 3815/4529/3969 4929/4528/3968 3695/4532/3972 2282/4533/3973
f 2282/4533/3973 3695/4532/3972 4930/4534/3974 3814/4535/3975
f 3695/4532/3972 2210/4531/3971 3672/4536/3976 4930/4534/3974
f 4930/4534/3974 3672/4536/3976 2211/4537/3977 3696/4538/3978
f 3814/4535/3975 4930/4534/3974 3696/4538/3978 2283/4539/3979
f 2283/4539/3979 3696/4538/3978 4931/4540/3980 3813/4541/3981
f 3696/4538/3978 2211/4537/3977 3673/4542/3982 4931/4540/3980
f 4931/4540/3980 3673/4542/3982 2212/4543/3983 3697/4544/3984
f 3813/4541/3981 4931/4540/3980 3697/4544/3984 2284/4545/3985
f 2284/4545/3985 3697/4544/3984 4932/4546/3986 3812/4547/3987
f 3697/4544/3984 2212/4543/3983 3674/4548/3988 4932/4546/3986
f 4932/4546/3986 3674/4548/3988 2205/4549/3989 3698/4550/3990
f 3812/4547/3987 4932/4546/3986 3698/4550/3990 2285/4551/3991
f 2285/4552/3991 3698/4553/3990 4933/4554/3992 3811/4555/3993
f 3698/4553/3990 2205/4556/3989 3667/4557/3994 4933/4554/3992
f 4933/4554/3992 3667/4557/3994 2206/4511/3951 3810/4508/3948
f 3811/4555/3993 4933/4554/3992 3810/4508/3948 2286/4507/3947
f 2278/4558/3995 3794/4559/3996 4934/4560/3997 3802/4561/3998
f 3794/4559/3996 2214/4562/3999 3676/4563/4000 4934/4560/3997
f 4934/4560/3997 3676/4563/4000 2215/4564/4001 3708/4565/4002
f 3802/4561/3998 4934/4560/3997 3708/4565/4002 2271/4566/4003
f 2271/4566/4003 3708/4565/4002 4935/4567/4004 3801/4568/4005
f 3708/4565/4002 2215/4564/4001 3677/4569/4006 4935/4567/4004
f 4935/4567/4004 3677/4569/4006 2216/4570/4007 3709/4571/4008
f 3801/4568/4005 4935/4567/4004 3709/4571/4008 2272/4572/4009
f 2272/4572/4009 3709/4571/4008 4936/4573/4010 3800/4574/4011
f 3709/4571/4008 2216/4570/4007 3678/4575/4012 4936/4573/4010
f 4936/4573/4010 3678/4575/4012 2217/4576/4013 3710/4577/4014
f 3800/4574/4011 4936/4573/4010 3710/4577/4014 2273/4578/4015
f 2273/4578/4015 3710/4577/4014 4937/4579/4016 3799/4580/4017
f 3710/4577/4014 2217/4576/4013 3679/4581/4018 4937/4579/4016
f 4937/4579/4016 3679/4581/4018 2218/4582/4019 3711/4583/4020
f 3799/4580/4017 4937/4579/4016 3711/4583/4020 2274/4584/4021
f 2274/4584/4021 3711/4583/4020 4938/4585/4022 3798/4586/4023
f 3711/4583/4020 2218/4582/4019 3680/4587/4024 4938/4585/4022
f 4938/4585/4022 3680/4587/4024 2219/4588/4025 3712/4589/4026
f 3798/4586/4023 4938/4585/4022 3712/4589/4026 2275/4590/4027
f 2275/4590/4027 3712/4589/4026 4939/4591/4028 3797/4592/4029
f 3712/4589/4026 2219/4588/4025 3681/4593/4030 4939/4591/4028
f 4939/4591/4028 3681/4593/4030 2220/4594/4031 3713/4595/4032
f 3797/4592/4029 4939/4591/4028 3713/4595/4032 2276/4596/4033
f 2276/4596/4033 3713/4595/4032 4940/4597/4034 3796/4598/4035
f 3713/4595/4032 2220/4594/4031 3682/4599/4036 4940/4597/4034
f 4940/4597/4034 3682/4599/4036 2213/4600/4037 3714/4601/4038
f 3796/4598/4035 4940/4597/4034 3714/4601/4038 2277/4602/4039
f 2277/4603/4039 3714/4604/4038 4941/4605/4040 3795/4606/4041
f 3714/4604/4038 2213/4607/4037 3675/4608/4042 4941/4605/4040
f 4941/4605/4040 3675/4608/4042 2214/4562/3999 3794/4559/3996
f 3795/4606/4041 4941/4605/4040 3794/4559/3996 2278/4558/3995
f 2233/4609/4043 3722/4610/4044 4942/4611/4045 3703/4612/4046
f 3722/4610/4044 2244/4613/4047 3723/4614/4048 4942/4611/4045
f 4942/4611/4045 3723/4614/4048 2237/4615/4049 3707/4616/4050
f 3703/4612/4046 4942/4611/4045 3707/4616/4050 2234/4617/4051
f 2232/4618/4052 3721/4619/4053 4943/4620/4054 3702/4621/4055
f 3721/4619/4053 2243/4622/4056 3724/4623/4057 4943/4620/4054
f 4943/4620/4054 3724/4623/4057 2244/4624/4047 3722/4625/4044
f 3702/4621/4055 4943/4620/4054 3722/4625/4044 2233/4626/4043
f 2231/4627/4058 3720/4628/4059 4944/4629/4060 3701/4630/4061
f 3720/4628/4059 2242/4631/4062 3725/4632/4063 4944/4629/4060
f 4944/4629/4060 3725/4632/4063 2243/4622/4056 3721/4619/4053
f 3701/4630/4061 4944/4629/4060 3721/4619/4053 2232/4618/4052
f 2230/4633/4064 3719/4634/4065 4945/4635/4066 3700/4636/4067
f 3719/4634/4065 2241/4637/4068 3726/4638/4069 4945/4635/4066
f 4945/4635/4066 3726/4638/4069 2242/4631/4062 3720/4628/4059
f 3700/4636/4067 4945/4635/4066 3720/4628/4059 2231/4627/4058
f 2229/4639/4070 3718/4640/4071 4946/4641/4072 3699/4642/4073
f 3718/4640/4071 2240/4643/4074 3727/4644/4075 4946/4641/4072
f 4946/4641/4072 3727/4644/4075 2241/4637/4068 3719/4634/4065
f 3699/4642/4073 4946/4641/4072 3719/4634/4065 2230/4633/4064
f 2236/4645/4076 3717/4646/4077 4947/4647/4078 3706/4648/4079
f 3717/4646/4077 2239/4649/4080 3728/4650/4081 4947/4647/4078
f 4947/4647/4078 3728/4650/4081 2240/4643/4074 3718/4640/4071
f 3706/4648/4079 4947/4647/4078 3718/4640/4071 2229/4639/4070
f 2235/4651/4082 3716/4652/4083 4948/4653/4084 3705/4654/4085
f 3716/4652/4083 2238/4655/4086 3729/4656/4087 4948/4653/4084
f 4948/4653/4084 3729/4656/4087 2239/4649/4080 3717/4646/4077
f 3705/4654/4085 4948/4653/4084 3717/4646/4077 2236/4645/4076
f 2234/4617/4051 3707/4616/4050 4949/4657/4088 3704/4658/4089
f 3707/4616/4050 2237/4615/4049 3730/4659/4090 4949/4657/4088
f 4949/4657/4088 3730/4659/4090 2238/4655/4086 3716/4652/4083
f 3704/4658/4089 4949/4657/4088 3716/4652/4083 2235/4651/4082
f 2225/4660/4091 3738/4661/4092 4950/4662/4093 3687/4663/4094
f 3738/4661/4092 2252/4664/4095 3739/4665/4096 4950/4662/4093
f 4950/4662/4093 3739/4665/4096 2245/4666/4097 3691/4667/4098
f 3687/4663/4094 4950/4662/4093 3691/4667/4098 2226/4668/4099
f 2224/4669/4100 3737/4670/4101 4951/4671/4102 3686/4672/4103
f 3737/4670/4101 2251/4673/4104 3740/4674/4105 4951/4671/4102
f 4951/4671/4102 3740/4674/4105 2252/4675/4095 3738/4676/4092
f 3686/4672/4103 4951/4671/4102 3738/4676/4092 2225/4677/4091
f 2223/4678/4106 3736/4679/4107 4952/4680/4108 3685/4681/4109
f 3736/4679/4107 2250/4682/4110 3741/4683/4111 4952/4680/4108
f 4952/4680/4108 3741/4683/4111 2251/4673/4104 3737/4670/4101
f 3685/4681/4109 4952/4680/4108 3737/4670/4101 2224/4669/4100
f 2222/4684/4112 3735/4685/4113 4953/4686/4114 3684/4687/4115
f 3735/4685/4113 2249/4688/4116 3742/4689/4117 4953/4686/4114
f 4953/4686/4114 3742/4689/4117 2250/4682/4110 3736/4679/4107
f 3684/4687/4115 4953/4686/4114 3736/4679/4107 2223/4678/4106
f 2221/4690/4118 3734/4691/4119 4954/4692/4120 3683/4693/4121
f 3734/4691/4119 2248/4694/4122 3743/4695/4123 4954/4692/4120
f 4954/4692/4120 3743/4695/4123 2249/4688/4116 3735/4685/4113
f 3683/4693/4121 4954/4692/4120 3735/4685/4113 2222/4684/4112
f 2228/4696/4124 3733/4697/4125 4955/4698/4126 3690/4699/4127
f 3733/4697/4125 2247/4700/4128 3744/4701/4129 4955/4698/4126
f 4955/4698/4126 3744/4701/4129 2248/4694/4122 3734/4691/4119
f 3690/4699/4127 4955/4698/4126 3734/4691/4119 2221/4690/4118
f 2227/4702/4130 3732/4703/4131 4956/4704/4132 3689/4705/4133
f 3732/4703/4131 2246/4706/4134 3745/4707/4135 4956/4704/4132
f 4956/4704/4132 3745/4707/4135 2247/4700/4128 3733/4697/4125
f 3689/4705/4133 4956/4704/4132 3733/4697/4125 2228/4696/4124
f 2226/4668/4099 3691/4667/4098 4957/4708/4136 3688/4709/4137
f 3691/4667/4098 2245/4666/4097 3746/4710/4138 4957/4708/4136
f 4957/4708/4136 3746/4710/4138 2246/4706/4134 3732/4703/4131
f 3688/4709/4137 4957/4708/4136 3732/4703/4131 2227/4702/4130
f 2228/4711/4124 3756/4712/4139 4958/4713/4140 3689/4714/4133
f 3756/4712/4139 2260/4715/4141 3753/4716/4142 4958/4713/4140
f 4958/4713/4140 3753/4716/4142 2259/4717/4143 3755/4718/4144
f 3689/4714/4133 4958/4713/4140 3755/4718/4144 2227/4719/4130
f 2226/4720/4099 3758/4721/4145 4959/4722/4146 3687/4723/4094
f 3758/4721/4145 2258/4724/4147 3751/4725/4148 4959/4722/4146
f 4959/4722/4146 3751/4725/4148 2257/4726/4149 3757/4727/4150
f 3687/4723/4094 4959/4722/4146 3757/4727/4150 2225/4728/4091
f 2224/4729/4100 3760/4730/4151 4960/4731/4152 3685/4732/4109
f 3760/4730/4151 2256/4733/4153 3749/4734/4154 4960/4731/4152
f 4960/4731/4152 3749/4734/4154 2255/4735/4155 3759/4736/4156
f 3685/4732/4109 4960/4731/4152 3759/4736/4156 2223/4737/4106
f 2222/4738/4112 3762/4739/4157 4961/4740/4158 3683/4741/4121
f 3762/4739/4157 2254/4742/4159 3747/4743/4160 4961/4740/4158
f 4961/4740/4158 3747/4743/4160 2253/4744/4161 3761/4745/4162
f 3683/4741/4121 4961/4740/4158 3761/4745/4162 2221/4746/4118
f 2221/4746/4118 3761/4745/4162 4962/4747/4163 3690/4748/4127
f 3761/4745/4162 2253/4744/4161 3754/4749/4164 4962/4747/4163
f 4962/4747/4163 3754/4749/4164 2260/4715/4141 3756/4712/4139
f 3690/4748/4127 4962/4747/4163 3756/4712/4139 2228/4711/4124
f 2227/4719/4130 3755/4718/4144 4963/4750/4165 3688/4751/4137
f 3755/4718/4144 2259/4717/4143 3752/4752/4166 4963/4750/4165
f 4963/4750/4165 3752/4752/4166 2258/4724/4147 3758/4721/4145
f 3688/4751/4137 4963/4750/4165 3758/4721/4145 2226/4720/4099
f 2225/4728/4091 3757/4727/4150 4964/4753/4167 3686/4754/4103
f 3757/4727/4150 2257/4726/4149 3750/4755/4168 4964/4753/4167
f 4964/4753/4167 3750/4755/4168 2256/4733/4153 3760/4730/4151
f 3686/4754/4103 4964/4753/4167 3760/4730/4151 2224/4729/4100
f 2223/4737/4106 3759/4736/4156 4965/4756/4169 3684/4757/4115
f 3759/4736/4156 2255/4735/4155 3748/4758/4170 4965/4756/4169
f 4965/4756/4169 3748/4758/4170 2254/4742/4159 3762/4739/4157
f 3684/4757/4115 4965/4756/4169 3762/4739/4157 2222/4738/4112
f 2270/4759/2891 3783/4760/2891 4966/4761/2891 3785/4762/2891
f 3783/4760/2891 2257/4726/4149 3751/4725/4148 4966/4761/2891
f 4966/4761/2891 3751/4725/4148 2258/4724/4147 3752/4752/4166
f 3785/4762/2891 4966/4761/2891 3752/4752/4166 2259/4717/4143
f 2233/4763/4043 3772/4764/4171 4967/4765/4172 3702/4766/4055
f 3772/4764/4171 2265/4767/4173 3766/4768/4174 4967/4765/4172
f 4967/4765/4172 3766/4768/4174 2264/4769/4175 3771/4770/4176
f 3702/4766/4055 4967/4765/4172 3771/4770/4176 2232/4771/4052
f 2231/4772/4058 3774/4773/4177 4968/4774/4178 3700/4775/4067
f 3774/4773/4177 2263/4776/4179 3764/4777/4180 4968/4774/4178
f 4968/4774/4178 3764/4777/4180 2262/4778/4181 3773/4779/4182
f 3700/4775/4067 4968/4774/4178 3773/4779/4182 2230/4780/4064
f 2236/4781/4076 3776/4782/4183 4969/4783/4184 3705/4784/4085
f 3776/4782/4183 2268/4785/4185 3769/4786/4186 4969/4783/4184
f 4969/4783/4184 3769/4786/4186 2267/4787/4187 3775/4788/4188
f 3705/4784/4085 4969/4783/4184 3775/4788/4188 2235/4789/4082
f 2234/4790/4051 3777/4791/4189 4970/4792/4190 3703/4793/4046
f 3777/4791/4189 2266/4794/4191 3767/4795/4192 4970/4792/4190
f 4970/4792/4190 3767/4795/4192 2265/4767/4173 3772/4764/4171
f 3703/4793/4046 4970/4792/4190 3772/4764/4171 2233/4763/4043
f 2232/4771/4052 3771/4770/4176 4971/4796/4193 3701/4797/4061
f 3771/4770/4176 2264/4769/4175 3765/4798/4194 4971/4796/4193
f 4971/4796/4193 3765/4798/4194 2263/4776/4179 3774/4773/4177
f 3701/4797/4061 4971/4796/4193 3774/4773/4177 2231/4772/4058
f 2230/4780/4064 3773/4779/4182 4972/4799/4195 3699/4800/4073
f 3773/4779/4182 2262/4778/4181 3763/4801/4196 4972/4799/4195
f 4972/4799/4195 3763/4801/4196 2261/4802/4197 3778/4803/4198
f 3699/4800/4073 4972/4799/4195 3778/4803/4198 2229/4804/4070
f 2229/4804/4070 3778/4803/4198 4973/4805/4199 3706/4806/4079
f 3778/4803/4198 2261/4802/4197 3770/4807/4200 4973/4805/4199
f 4973/4805/4199 3770/4807/4200 2268/4785/4185 3776/4782/4183
f 3706/4806/4079 4973/4805/4199 3776/4782/4183 2236/4781/4076
f 2235/4789/4082 3775/4788/4188 4974/4808/4201 3704/4809/4089
f 3775/4788/4188 2267/4787/4187 3768/4810/4202 4974/4808/4201
f 4974/4808/4201 3768/4810/4202 2266/4794/4191 3777/4791/4189
f 3704/4809/4089 4974/4808/4201 3777/4791/4189 2234/4790/4051
f 2269/4811/2891 3779/4812/2891 4975/4813/2891 3781/4814/2891
f 3779/4812/2891 2265/4767/4173 3767/4795/4192 4975/4813/2891
f 4975/4813/2891 3767/4795/4192 2266/4794/4191 3768/4810/4202
f 3781/4814/2891 4975/4813/2891 3768/4810/4202 2267/4787/4187
f 2263/4776/4179 3765/4798/4194 4976/4815/2891 3782/4816/2891
f 3765/4798/4194 2264/4769/4175 3766/4768/4174 4976/4815/2891
f 4976/4815/2891 3766/4768/4174 2265/4767/4173 3779/4812/2891
f 3782/4816/2891 4976/4815/2891 3779/4812/2891 2269/4811/2891
f 2261/4802/4197 3780/4817/2891 4977/4818/2891 3770/4807/4200
f 3780/4817/2891 2269/4811/2891 3781/4814/2891 4977/4818/2891
f 4977/4818/2891 3781/4814/2891 2267/4787/4187 3769/4786/4186
f 3770/4807/4200 4977/4818/2891 3769/4786/4186 2268/4785/4185
f 2262/4778/4181 3764/4777/4180 4978/4819/2891 3763/4801/4196
f 3764/4777/4180 2263/4776/4179 3782/4816/2891 4978/4819/2891
f 4978/4819/2891 3782/4816/2891 2269/4811/2891 3780/4817/2891
f 3763/4801/4196 4978/4819/2891 3780/4817/2891 2261/4802/4197
f 2255/4735/4155 3749/4734/4154 4979/4820/2891 3786/4821/2891
f 3749/4734/4154 2256/4733/4153 3750/4755/4168 4979/4820/2891
f 4979/4820/2891 3750/4755/4168 2257/4726/4149 3783/4760/2891
f 3786/4821/2891 4979/4820/2891 3783/4760/2891 2270/4759/2891
f 2253/4744/4161 3784/4822/2891 4980/4823/2891 3754/4749/4164
f 3784/4822/2891 2270/4759/2891 3785/4762/2891 4980/4823/2891
f 4980/4823/2891 3785/4762/2891 2259/4717/4143 3753/4716/4142
f 3754/4749/4164 4980/4823/2891 3753/4716/4142 2260/4715/4141
f 2254/4742/4159 3748/4758/4170 4981/4824/2891 3747/4743/4160
f 3748/4758/4170 2255/4735/4155 3786/4821/2891 4981/4824/2891
f 4981/4824/2891 3786/4821/2891 2270/4759/2891 3784/4822/2891
f 3747/4743/4160 4981/4824/2891 3784/4822/2891 2253/4744/4161
f 2244/4613/4047 3793/4825/4203 4982/4826/4204 3723/4614/4048
f 3793/4825/4203 2277/4603/4039 3795/4606/4041 4982/4826/4204
f 4982/4826/4204 3795/4606/4041 2278/4558/3995 3715/4827/4205
f 3723/4614/4048 4982/4826/4204 3715/4827/4205 2237/4615/4049
f 2243/4622/4056 3792/4828/4206 4983/4829/4207 3724/4623/4057
f 3792/4828/4206 2276/4596/4033 3796/4598/4035 4983/4829/4207
f 4983/4829/4207 3796/4598/4035 2277/4602/4039 3793/4830/4203
f 3724/4623/4057 4983/4829/4207 3793/4830/4203 2244/4624/4047
f 2242/4631/4062 3791/4831/4208 4984/4832/4209 3725/4632/4063
f 3791/4831/4208 2275/4590/4027 3797/4592/4029 4984/4832/4209
f 4984/4832/4209 3797/4592/4029 2276/4596/4033 3792/4828/4206
f 3725/4632/4063 4984/4832/4209 3792/4828/4206 2243/4622/4056
f 2241/4637/4068 3790/4833/4210 4985/4834/4211 3726/4638/4069
f 3790/4833/4210 2274/4584/4021 3798/4586/4023 4985/4834/4211
f 4985/4834/4211 3798/4586/4023 2275/4590/4027 3791/4831/4208
f 3726/4638/4069 4985/4834/4211 3791/4831/4208 2242/4631/4062
f 2240/4643/4074 3789/4835/4212 4986/4836/4213 3727/4644/4075
f 3789/4835/4212 2273/4578/4015 3799/4580/4017 4986/4836/4213
f 4986/4836/4213 3799/4580/4017 2274/4584/4021 3790/4833/4210
f 3727/4644/4075 4986/4836/4213 3790/4833/4210 2241/4637/4068
f 2239/4649/4080 3788/4837/4214 4987/4838/4215 3728/4650/4081
f 3788/4837/4214 2272/4572/4009 3800/4574/4011 4987/4838/4215
f 4987/4838/4215 3800/4574/4011 2273/4578/4015 3789/4835/4212
f 3728/4650/4081 4987/4838/4215 3789/4835/4212 2240/4643/4074
f 2238/4655/4086 3787/4839/4216 4988/4840/4217 3729/4656/4087
f 3787/4839/4216 2271/4566/4003 3801/4568/4005 4988/4840/4217
f 4988/4840/4217 3801/4568/4005 2272/4572/4009 3788/4837/4214
f 3729/4656/4087 4988/4840/4217 3788/4837/4214 2239/4649/4080
f 2237/4615/4049 3715/4827/4205 4989/4841/4218 3730/4659/4090
f 3715/4827/4205 2278/4558/3995 3802/4561/3998 4989/4841/4218
f 4989/4841/4218 3802/4561/3998 2271/4566/4003 3787/4839/4216
f 3730/4659/4090 4989/4841/4218 3787/4839/4216 2238/4655/4086
f 2252/4664/4095 3809/4842/4219 4990/4843/4220 3739/4665/4096
f 3809/4842/4219 2285/4552/3991 3811/4555/3993 4990/4843/4220
f 4990/4843/4220 3811/4555/3993 2286/4507/3947 3731/4844/4221
f 3739/4665/4096 4990/4843/4220 3731/4844/4221 2245/4666/4097
f 2251/4673/4104 3808/4845/4222 4991/4846/4223 3740/4674/4105
f 3808/4845/4222 2284/4545/3985 3812/4547/3987 4991/4846/4223
f 4991/4846/4223 3812/4547/3987 2285/4551/3991 3809/4847/4219
f 3740/4674/4105 4991/4846/4223 3809/4847/4219 2252/4675/4095
f 2250/4682/4110 3807/4848/4224 4992/4849/4225 3741/4683/4111
f 3807/4848/4224 2283/4539/3979 3813/4541/3981 4992/4849/4225
f 4992/4849/4225 3813/4541/3981 2284/4545/3985 3808/4845/4222
f 3741/4683/4111 4992/4849/4225 3808/4845/4222 2251/4673/4104
f 2249/4688/4116 3806/4850/4226 4993/4851/4227 3742/4689/4117
f 3806/4850/4226 2282/4533/3973 3814/4535/3975 4993/4851/4227
f 4993/4851/4227 3814/4535/3975 2283/4539/3979 3807/4848/4224
f 3742/4689/4117 4993/4851/4227 3807/4848/4224 2250/4682/4110
f 2248/4694/4122 3805/4852/4228 4994/4853/4229 3743/4695/4123
f 3805/4852/4228 2281/4527/3967 3815/4529/3969 4994/4853/4229
f 4994/4853/4229 3815/4529/3969 2282/4533/3973 3806/4850/4226
f 3743/4695/4123 4994/4853/4229 3806/4850/4226 2249/4688/4116
f 2247/4700/4128 3804/4854/4230 4995/4855/4231 3744/4701/4129
f 3804/4854/4230 2280/4521/3961 3816/4523/3963 4995/4855/4231
f 4995/4855/4231 3816/4523/3963 2281/4527/3967 3805/4852/4228
f 3744/4701/4129 4995/4855/4231 3805/4852/4228 2248/4694/4122
f 2246/4706/4134 3803/4856/4232 4996/4857/4233 3745/4707/4135
f 3803/4856/4232 2279/4515/3955 3817/4517/3957 4996/4857/4233
f 4996/4857/4233 3817/4517/3957 2280/4521/3961 3804/4854/4230
f 3745/4707/4135 4996/4857/4233 3804/4854/4230 2247/4700/4128
f 2245/4666/4097 3731/4844/4221 4997/4858/4234 3746/4710/4138
f 3731/4844/4221 2286/4507/3947 3818/4510/3950 4997/4858/4234
f 4997/4858/4234 3818/4510/3950 2279/4515/3955 3803/4856/4232
f 3746/4710/4138 4997/4858/4234 3803/4856/4232 2246/4706/4134
f 2208/4519/3959 3819/4859/4235 4998/4860/4236 3670/4524/3964
f 3819/4859/4235 2093/4861/3506 3448/4862/3513 4998/4860/4236
f 4998/4860/4236 3448/4862/3513 2094/4863/3512 3820/4864/4237
f 3670/4524/3964 4998/4860/4236 3820/4864/4237 2209/4525/3965
f 2209/4525/3965 3820/4864/4237 4999/4865/4238 3671/4530/3970
f 3820/4864/4237 2094/4863/3512 3449/4866/3519 4999/4865/4238
f 4999/4865/4238 3449/4866/3519 2095/4867/3518 3821/4868/4239
f 3671/4530/3970 4999/4865/4238 3821/4868/4239 2210/4531/3971
f 2210/4531/3971 3821/4868/4239 5000/4869/4240 3672/4536/3976
f 3821/4868/4239 2095/4867/3518 3450/4870/3525 5000/4869/4240
f 5000/4869/4240 3450/4870/3525 2096/4871/3524 3822/4872/4241
f 3672/4536/3976 5000/4869/4240 3822/4872/4241 2211/4537/3977
f 2211/4537/3977 3822/4872/4241 5001/4873/4242 3673/4542/3982
f 3822/4872/4241 2096/4871/3524 3451/4874/3528 5001/4873/4242
f 5001/4873/4242 3451/4874/3528 2097/4875/3494 3823/4876/4243
f 3673/4542/3982 5001/4873/4242 3823/4876/4243 2212/4543/3983
f 2212/4543/3983 3823/4876/4243 5002/4877/4244 3674/4548/3988
f 3823/4876/4243 2097/4875/3494 3452/4878/3493 5002/4877/4244
f 5002/4877/4244 3452/4878/3493 2098/4879/3492 3824/4880/4245
f 3674/4548/3988 5002/4877/4244 3824/4880/4245 2205/4549/3989
f 2205/4556/3989 3824/4881/4245 5003/4882/4246 3667/4557/3994
f 3824/4881/4245 2098/4883/3492 3453/4884/3499 5003/4882/4246
f 5003/4882/4246 3453/4884/3499 2099/4885/3498 3825/4886/4247
f 3667/4557/3994 5003/4882/4246 3825/4886/4247 2206/4511/3951
f 2206/4511/3951 3825/4886/4247 5004/4887/4248 3668/4512/3952
f 3825/4886/4247 2099/4885/3498 3454/4888/3503 5004/4887/4248
f 5004/4887/4248 3454/4888/3503 2092/4889/3502 3826/4890/4249
f 3668/4512/3952 5004/4887/4248 3826/4890/4249 2207/4513/3953
f 2207/4513/3953 3826/4890/4249 5005/4891/4250 3669/4518/3958
f 3826/4890/4249 2092/4889/3502 3447/4892/4251 5005/4891/4250
f 5005/4891/4250 3447/4892/4251 2093/4861/3506 3819/4859/4235
f 3669/4518/3958 5005/4891/4250 3819/4859/4235 2208/4519/3959
f 2216/4570/4007 3827/4893/4252 5006/4894/4253 3678/4575/4012
f 3827/4893/4252 2101/4895/3543 3464/4896/3542 5006/4894/4253
f 5006/4894/4253 3464/4896/3542 2102/4897/3539 3828/4898/4254
f 3678/4575/4012 5006/4894/4253 3828/4898/4254 2217/4576/4013
f 2217/4576/4013 3828/4898/4254 5007/4899/4255 3679/4581/4018
f 3828/4898/4254 2102/4897/3539 3465/4900/3538 5007/4899/4255
f 5007/4899/4255 3465/4900/3538 2103/4901/3535 3829/4902/4256
f 3679/4581/4018 5007/4899/4255 3829/4902/4256 2218/4582/4019
f 2218/4582/4019 3829/4902/4256 5008/4903/4257 3680/4587/4024
f 3829/4902/4256 2103/4901/3535 3466/4904/3534 5008/4903/4257
f 5008/4903/4257 3466/4904/3534 2104/4905/3533 3830/4906/4258
f 3680/4587/4024 5008/4903/4257 3830/4906/4258 2219/4588/4025
f 2219/4588/4025 3830/4906/4258 5009/4907/4259 3681/4593/4030
f 3830/4906/4258 2104/4905/3533 3467/4908/3567 5009/4907/4259
f 5009/4907/4259 3467/4908/3567 2105/4909/3562 3831/4910/4260
f 3681/4593/4030 5009/4907/4259 3831/4910/4260 2220/4594/4031
f 2220/4594/4031 3831/4910/4260 5010/4911/4261 3682/4599/4036
f 3831/4910/4260 2105/4909/3562 3468/4912/3561 5010/4911/4261
f 5010/4911/4261 3468/4912/3561 2106/4913/3556 3832/4914/4262
f 3682/4599/4036 5010/4911/4261 3832/4914/4262 2213/4600/4037
f 2213/4607/4037 3832/4915/4262 5011/4916/4263 3675/4608/4042
f 3832/4915/4262 2106/4917/3556 3469/4918/3555 5011/4916/4263
f 5011/4916/4263 3469/4918/3555 2107/4919/3552 3833/4920/4264
f 3675/4608/4042 5011/4916/4263 3833/4920/4264 2214/4562/3999
f 2214/4562/3999 3833/4920/4264 5012/4921/4265 3676/4563/4000
f 3833/4920/4264 2107/4919/3552 3470/4922/3551 5012/4921/4265
f 5012/4921/4265 3470/4922/3551 2100/4923/3547 3834/4924/4266
f 3676/4563/4000 5012/4921/4265 3834/4924/4266 2215/4564/4001
f 2215/4564/4001 3834/4924/4266 5013/4925/4267 3677/4569/4006
f 3834/4924/4266 2100/4923/3547 3463/4926/3546 5013/4925/4267
f 5013/4925/4267 3463/4926/3546 2101/4895/3543 3827/4893/4252
f 3677/4569/4006 5013/4925/4267 3827/4893/4252 2216/4570/4007
f 2093/4036/3506 3447/4927/4251 5014/4928/4268 3835/4037/3507
f 2092/4032/3502 3446/4031/3501 5014/4928/4268 3447/4927/4251
f 2064/3947/3432 3835/4037/3507 5014/4928/4268 3446/4031/3501
f 1661/4929/4269 4359/4930/4270 5015/4931/4271 4291/4932/4272
f 4359/4930/4270 2558/4933/4273 3843/4934/2020 5015/4931/4271
f 5015/4931/4271 3843/4934/2020 2491/4935/4274 3842/4936/4275
f 4291/4932/4272 5015/4931/4271 3842/4936/4275 2295/4937/4276
f 2490/4938/4277 4349/4939/4278 5016/4940/4279 3858/4941/4280
f 4349/4939/4278 2287/4942/4281 3857/4943/4282 5016/4940/4279
f 5016/4940/4279 3857/4943/4282 2307/4944/4283 3856/4945/4284
f 3858/4941/4280 5016/4940/4279 3856/4945/4284 2492/4946/4285
f 2287/4942/4281 4323/4947/4286 5017/4948/4287 3857/4943/4282
f 4323/4947/4286 1658/4949/4288 4292/4950/4289 5017/4948/4287
f 5017/4948/4287 4292/4950/4289 2306/4951/4290 3855/4952/4291
f 3857/4943/4282 5017/4948/4287 3855/4952/4291 2307/4944/4283
f 1658/4949/4288 4321/4953/4292 5018/4954/4293 4292/4950/4289
f 4321/4953/4292 1662/4955/4294 4293/4956/4295 5018/4954/4293
f 5018/4954/4293 4293/4956/4295 2305/4957/4296 3854/4958/4297
f 4292/4950/4289 5018/4954/4293 3854/4958/4297 2306/4951/4290
f 1662/4955/4294 4322/4959/4298 5019/4960/4299 4293/4956/4295
f 4322/4959/4298 2560/4961/4300 3859/4962/4301 5019/4960/4299
f 5019/4960/4299 3859/4962/4301 2304/4963/4302 3853/4964/4303
f 4293/4956/4295 5019/4960/4299 3853/4964/4303 2305/4957/4296
f 2560/4961/4300 4326/4965/4304 5020/4966/4305 3859/4962/4301
f 4326/4965/4304 1659/4967/4306 4294/4968/4307 5020/4966/4305
f 5020/4966/4305 4294/4968/4307 2303/4969/4308 3852/4970/4309
f 3859/4962/4301 5020/4966/4305 3852/4970/4309 2304/4963/4302
f 1659/4967/4306 4324/4971/4310 5021/4972/4311 4294/4968/4307
f 4324/4971/4310 1660/4973/4312 4295/4974/4313 5021/4972/4311
f 5021/4972/4311 4295/4974/4313 2302/4975/4314 3851/4976/4315
f 4294/4968/4307 5021/4972/4311 3851/4976/4315 2303/4969/4308
f 1660/4977/4312 4325/4978/4316 5022/4979/4317 4295/4980/4313
f 4325/4978/4316 2289/4981/4318 3860/4982/4319 5022/4979/4317
f 5022/4979/4317 3860/4982/4319 2301/4983/4320 3850/4984/4321
f 4295/4980/4313 5022/4979/4317 3850/4984/4321 2302/4985/4314
f 2289/4981/4318 4350/4986/4322 5023/4987/4323 3860/4982/4319
f 4350/4986/4322 2294/4988/4324 3861/4989/4325 5023/4987/4323
f 5023/4987/4323 3861/4989/4325 2300/4990/4326 3849/4991/4327
f 3860/4982/4319 5023/4987/4323 3849/4991/4327 2301/4983/4320
f 2294/4988/4324 4351/4992/4328 5024/4993/4329 3861/4989/4325
f 4351/4992/4328 2290/4994/4330 3862/4995/4331 5024/4993/4329
f 5024/4993/4329 3862/4995/4331 2299/4996/4332 3848/4997/4333
f 3861/4989/4325 5024/4993/4329 3848/4997/4333 2300/4990/4326
f 2290/4994/4330 4352/4998/4334 5025/4999/4335 3862/4995/4331
f 4352/4998/4334 2291/5000/4336 3863/5001/4337 5025/4999/4335
f 5025/4999/4335 3863/5001/4337 2298/5002/4338 3847/5003/4339
f 3862/4995/4331 5025/4999/4335 3847/5003/4339 2299/4996/4332
f 2292/5004/4340 4354/5005/4341 5026/5006/4342 3865/5007/4343
f 4354/5005/4341 2293/5008/4344 3864/5009/4345 5026/5006/4342
f 5026/5006/4342 3864/5009/4345 2296/5010/4346 3845/5011/4347
f 3865/5007/4343 5026/5006/4342 3845/5011/4347 2297/5012/4348
f 2291/5000/4336 4353/5013/4349 5027/5014/4350 3863/5001/4337
f 4353/5013/4349 2292/5004/4340 3865/5007/4343 5027/5014/4350
f 5027/5014/4350 3865/5007/4343 2297/5012/4348 3846/5015/4351
f 3863/5001/4337 5027/5014/4350 3846/5015/4351 2298/5002/4338
f 2293/5008/4344 4355/5016/4352 5028/5017/4353 3864/5009/4345
f 4355/5016/4352 1661/4929/4269 4291/4932/4272 5028/5017/4353
f 5028/5017/4353 4291/4932/4272 2295/4937/4276 3844/5018/4354
f 3864/5009/4345 5028/5017/4353 3844/5018/4354 2296/5010/4346
f 2307/4944/4283 3894/5019/4355 5029/5020/4356 3856/4945/4284
f 3894/5019/4355 2320/5021/4357 3893/5022/4358 5029/5020/4356
f 5029/5020/4356 3893/5022/4358 2505/5023/4359 3877/5024/4360
f 3856/4945/4284 5029/5020/4356 3877/5024/4360 2492/4946/4285
f 2307/4944/4283 3855/4952/4291 5030/5025/4361 3894/5019/4355
f 3855/4952/4291 2306/4951/4290 3895/5026/4362 5030/5025/4361
f 5030/5025/4361 3895/5026/4362 2319/5027/4363 3892/5028/4364
f 3894/5019/4355 5030/5025/4361 3892/5028/4364 2320/5021/4357
f 2306/4951/4290 3854/4958/4297 5031/5029/4365 3895/5026/4362
f 3854/4958/4297 2305/4957/4296 3896/5030/4366 5031/5029/4365
f 5031/5029/4365 3896/5030/4366 2318/5031/4367 3891/5032/4368
f 3895/5026/4362 5031/5029/4365 3891/5032/4368 2319/5027/4363
f 2305/4957/4296 3853/4964/4303 5032/5033/4369 3896/5030/4366
f 3853/4964/4303 2304/4963/4302 3897/5034/4370 5032/5033/4369
f 5032/5033/4369 3897/5034/4370 2317/5035/4371 3890/5036/4372
f 3896/5030/4366 5032/5033/4369 3890/5036/4372 2318/5031/4367
f 2304/4963/4302 3852/4970/4309 5033/5037/4373 3897/5034/4370
f 3852/4970/4309 2303/4969/4308 3898/5038/4374 5033/5037/4373
f 5033/5037/4373 3898/5038/4374 2316/5039/4375 3889/5040/4376
f 3897/5034/4370 5033/5037/4373 3889/5040/4376 2317/5035/4371
f 2303/4969/4308 3851/4976/4315 5034/5041/4377 3898/5038/4374
f 3851/4976/4315 2302/4975/4314 3899/5042/4378 5034/5041/4377
f 5034/5041/4377 3899/5042/4378 2315/5043/4379 3888/5044/4380
f 3898/5038/4374 5034/5041/4377 3888/5044/4380 2316/5039/4375
f 2302/4985/4314 3850/4984/4321 5035/5045/4381 3899/5046/4378
f 3850/4984/4321 2301/4983/4320 3900/5047/4382 5035/5045/4381
f 5035/5045/4381 3900/5047/4382 2314/5048/4383 3887/5049/4384
f 3899/5046/4378 5035/5045/4381 3887/5049/4384 2315/5050/4379
f 2301/4983/4320 3849/4991/4327 5036/5051/4385 3900/5047/4382
f 3849/4991/4327 2300/4990/4326 3901/5052/4386 5036/5051/4385
f 5036/5051/4385 3901/5052/4386 2313/5053/4387 3886/5054/4388
f 3900/5047/4382 5036/5051/4385 3886/5054/4388 2314/5048/4383
f 2300/4990/4326 3848/4997/4333 5037/5055/4389 3901/5052/4386
f 3848/4997/4333 2299/4996/4332 3902/5056/4390 5037/5055/4389
f 5037/5055/4389 3902/5056/4390 2312/5057/4391 3885/5058/4392
f 3901/5052/4386 5037/5055/4389 3885/5058/4392 2313/5053/4387
f 2299/4996/4332 3847/5003/4339 5038/5059/4393 3902/5056/4390
f 3847/5003/4339 2298/5002/4338 3903/5060/4394 5038/5059/4393
f 5038/5059/4393 3903/5060/4394 2311/5061/4395 3884/5062/4396
f 3902/5056/4390 5038/5059/4393 3884/5062/4396 2312/5057/4391
f 2298/5002/4338 3846/5015/4351 5039/5063/4397 3903/5060/4394
f 3846/5015/4351 2297/5012/4348 3904/5064/4398 5039/5063/4397
f 5039/5063/4397 3904/5064/4398 2310/5065/4399 3883/5066/4400
f 3903/5060/4394 5039/5063/4397 3883/5066/4400 2311/5061/4395
f 2297/5012/4348 3845/5011/4347 5040/5067/4401 3904/5064/4398
f 3845/5011/4347 2296/5010/4346 3905/5068/4402 5040/5067/4401
f 5040/5067/4401 3905/5068/4402 2309/5069/4403 3882/5070/4404
f 3904/5064/4398 5040/5067/4401 3882/5070/4404 2310/5065/4399
f 2296/5010/4346 3844/5018/4354 5041/5071/4405 3905/5068/4402
f 3844/5018/4354 2295/4937/4276 3906/5072/4406 5041/5071/4405
f 5041/5071/4405 3906/5072/4406 2308/5073/4407 3881/5074/4408
f 3905/5068/4402 5041/5071/4405 3881/5074/4408 2309/5069/4403
f 2502/5075/4409 3920/5076/4410 5042/5077/4411 3875/5078/4412
f 3920/5076/4410 2321/5079/4413 3907/5080/4414 5042/5077/4411
f 5042/5077/4411 3907/5080/4414 2308/5073/4407 3880/5081/4415
f 3875/5078/4412 5042/5077/4411 3880/5081/4415 2503/5082/4416
f 2501/5083/4417 3921/5084/4418 5043/5085/4419 3874/5086/4420
f 3921/5084/4418 2322/5087/4421 3908/5088/4422 5043/5085/4419
f 5043/5085/4419 3908/5088/4422 2321/5079/4413 3920/5076/4410
f 3874/5086/4420 5043/5085/4419 3920/5076/4410 2502/5075/4409
f 2507/5089/4423 3922/5090/4424 5044/5091/4425 3873/5092/4426
f 3922/5090/4424 2323/5093/4427 3909/5094/4428 5044/5091/4425
f 5044/5091/4425 3909/5094/4428 2322/5087/4421 3921/5084/4418
f 3873/5092/4426 5044/5091/4425 3921/5084/4418 2501/5083/4417
f 2500/5095/4429 3923/5096/4430 5045/5097/4431 3879/5098/4432
f 3923/5096/4430 2324/5099/4433 3910/5100/4434 5045/5097/4431
f 5045/5097/4431 3910/5100/4434 2323/5093/4427 3922/5090/4424
f 3879/5098/4432 5045/5097/4431 3922/5090/4424 2507/5089/4423
f 2499/5101/4435 3925/5102/4436 5046/5103/4437 3878/5104/4438
f 3925/5102/4436 2326/5105/4439 3911/5106/4440 5046/5103/4437
f 5046/5103/4437 3911/5106/4440 2325/5107/4441 3924/5108/4442
f 3878/5104/4438 5046/5103/4437 3924/5108/4442 2506/5109/4443
f 2504/5110/4444 3926/5111/4445 5047/5112/4446 3872/5113/4447
f 3926/5111/4445 2327/5114/4448 3912/5115/4449 5047/5112/4446
f 5047/5112/4446 3912/5115/4449 2326/5105/4439 3925/5102/4436
f 3872/5113/4447 5047/5112/4446 3925/5102/4436 2499/5101/4435
f 2498/5116/4450 3927/5117/4451 5048/5118/4452 3876/5119/4453
f 3927/5117/4451 2328/5120/4454 3913/5121/4455 5048/5118/4452
f 5048/5118/4452 3913/5121/4455 2327/5114/4448 3926/5111/4445
f 3876/5119/4453 5048/5118/4452 3926/5111/4445 2504/5110/4444
f 2497/5122/4456 3928/5123/4457 5049/5124/4458 3871/5125/4459
f 3928/5123/4457 2329/5126/4460 3914/5127/4461 5049/5124/4458
f 5049/5124/4458 3914/5127/4461 2328/5120/4454 3927/5117/4451
f 3871/5125/4459 5049/5124/4458 3927/5117/4451 2498/5116/4450
f 2496/5128/4462 3929/5129/4463 5050/5130/4464 3870/5131/4465
f 3929/5129/4463 2330/5132/4466 3915/5133/4467 5050/5130/4464
f 5050/5130/4464 3915/5133/4467 2329/5126/4460 3928/5123/4457
f 3870/5131/4465 5050/5130/4464 3928/5123/4457 2497/5122/4456
f 2495/5134/4468 3930/5135/4469 5051/5136/4470 3869/5137/4471
f 3930/5135/4469 2331/5138/4472 3916/5139/4473 5051/5136/4470
f 5051/5136/4470 3916/5139/4473 2330/5132/4466 3929/5129/4463
f 3869/5137/4471 5051/5136/4470 3929/5129/4463 2496/5128/4462
f 2494/5140/4474 3931/5141/4475 5052/5142/4476 3868/5143/4477
f 3931/5141/4475 2332/5144/4478 3917/5145/4479 5052/5142/4476
f 5052/5142/4476 3917/5145/4479 2331/5138/4472 3930/5135/4469
f 3868/5143/4477 5052/5142/4476 3930/5135/4469 2495/5134/4468
f 2493/5146/4480 3932/5147/4481 5053/5148/4482 3867/5149/4483
f 3932/5147/4481 2333/5150/4484 3918/5151/4485 5053/5148/4482
f 5053/5148/4482 3918/5151/4485 2332/5144/4478 3931/5141/4475
f 3867/5149/4483 5053/5148/4482 3931/5141/4475 2494/5140/4474
f 2493/5146/4480 3866/5152/4486 5054/5153/4487 3932/5147/4481
f 3866/5152/4486 2505/5023/4359 3893/5022/4358 5054/5153/4487
f 5054/5153/4487 3893/5022/4358 2320/5021/4357 3919/5154/4488
f 3932/5147/4481 5054/5153/4487 3919/5154/4488 2333/5150/4484
f 2319/5027/4363 3945/5155/4489 5055/5156/4490 3892/5028/4364
f 3945/5155/4489 2344/5157/4491 3944/5158/4492 5055/5156/4490
f 5055/5156/4490 3944/5158/4492 2333/5150/4484 3919/5154/4488
f 3892/5028/4364 5055/5156/4490 3919/5154/4488 2320/5021/4357
f 2319/5027/4363 3891/5032/4368 5056/5159/4493 3945/5155/4489
f 3891/5032/4368 2318/5031/4367 3946/5160/4494 5056/5159/4493
f 5056/5159/4493 3946/5160/4494 2343/5161/4495 3943/5162/4496
f 3945/5155/4489 5056/5159/4493 3943/5162/4496 2344/5157/4491
f 2318/5031/4367 3890/5036/4372 5057/5163/4497 3946/5160/4494
f 3890/5036/4372 2317/5035/4371 3947/5164/4498 5057/5163/4497
f 5057/5163/4497 3947/5164/4498 2342/5165/4499 3942/5166/4500
f 3946/5160/4494 5057/5163/4497 3942/5166/4500 2343/5161/4495
f 2317/5035/4371 3889/5040/4376 5058/5167/4501 3947/5164/4498
f 3889/5040/4376 2316/5039/4375 3948/5168/4502 5058/5167/4501
f 5058/5167/4501 3948/5168/4502 2341/5169/4503 3941/5170/4504
f 3947/5164/4498 5058/5167/4501 3941/5170/4504 2342/5165/4499
f 2316/5039/4375 3888/5044/4380 5059/5171/4505 3948/5168/4502
f 3888/5044/4380 2315/5043/4379 3949/5172/4506 5059/5171/4505
f 5059/5171/4505 3949/5172/4506 2340/5173/4507 3940/5174/4508
f 3948/5168/4502 5059/5171/4505 3940/5174/4508 2341/5169/4503
f 2315/5050/4379 3887/5049/4384 5060/5175/4509 3949/5176/4506
f 3887/5049/4384 2314/5048/4383 3950/5177/4510 5060/5175/4509
f 5060/5175/4509 3950/5177/4510 2339/5178/4511 3939/5179/4512
f 3949/5176/4506 5060/5175/4509 3939/5179/4512 2340/5180/4507
f 2314/5048/4383 3886/5054/4388 5061/5181/4513 3950/5177/4510
f 3886/5054/4388 2313/5053/4387 3951/5182/4514 5061/5181/4513
f 5061/5181/4513 3951/5182/4514 2338/5183/4515 3938/5184/4516
f 3950/5177/4510 5061/5181/4513 3938/5184/4516 2339/5178/4511
f 2313/5053/4387 3885/5058/4392 5062/5185/4517 3951/5182/4514
f 3885/5058/4392 2312/5057/4391 3952/5186/4518 5062/5185/4517
f 5062/5185/4517 3952/5186/4518 2337/5187/4519 3937/5188/4520
f 3951/5182/4514 5062/5185/4517 3937/5188/4520 2338/5183/4515
f 2312/5057/4391 3884/5062/4396 5063/5189/4521 3952/5186/4518
f 3884/5062/4396 2311/5061/4395 3953/5190/4522 5063/5189/4521
f 5063/5189/4521 3953/5190/4522 2336/5191/4523 3936/5192/4524
f 3952/5186/4518 5063/5189/4521 3936/5192/4524 2337/5187/4519
f 2311/5061/4395 3883/5066/4400 5064/5193/4525 3953/5190/4522
f 3883/5066/4400 2310/5065/4399 3954/5194/4526 5064/5193/4525
f 5064/5193/4525 3954/5194/4526 2335/5195/4527 3935/5196/4528
f 3953/5190/4522 5064/5193/4525 3935/5196/4528 2336/5191/4523
f 2310/5065/4399 3882/5070/4404 5065/5197/4529 3954/5194/4526
f 3882/5070/4404 2309/5069/4403 3955/5198/4530 5065/5197/4529
f 5065/5197/4529 3955/5198/4530 2334/5199/4531 3934/5200/4532
f 3954/5194/4526 5065/5197/4529 3934/5200/4532 2335/5195/4527
f 2309/5069/4403 3881/5074/4408 5066/5201/4533 3955/5198/4530
f 3881/5074/4408 2308/5073/4407 3907/5080/4414 5066/5201/4533
f 5066/5201/4533 3907/5080/4414 2321/5079/4413 3933/5202/4534
f 3955/5198/4530 5066/5201/4533 3933/5202/4534 2334/5199/4531
f 2332/5144/4478 3918/5151/4485 5067/5203/4535 3967/5204/4536
f 3918/5151/4485 2333/5150/4484 3944/5158/4492 5067/5203/4535
f 5067/5203/4535 3944/5158/4492 2344/5157/4491 3966/5205/4537
f 3967/5204/4536 5067/5203/4535 3966/5205/4537 2355/5206/4538
f 2332/5144/4478 3967/5204/4536 5068/5207/4539 3917/5145/4479
f 3967/5204/4536 2355/5206/4538 3965/5208/4540 5068/5207/4539
f 5068/5207/4539 3965/5208/4540 2354/5209/4541 3968/5210/4542
f 3917/5145/4479 5068/5207/4539 3968/5210/4542 2331/5138/4472
f 2331/5138/4472 3968/5210/4542 5069/5211/4543 3916/5139/4473
f 3968/5210/4542 2354/5209/4541 3964/5212/4544 5069/5211/4543
f 5069/5211/4543 3964/5212/4544 2353/5213/4545 3969/5214/4546
f 3916/5139/4473 5069/5211/4543 3969/5214/4546 2330/5132/4466
f 2330/5132/4466 3969/5214/4546 5070/5215/4547 3915/5133/4467
f 3969/5214/4546 2353/5213/4545 3963/5216/4548 5070/5215/4547
f 5070/5215/4547 3963/5216/4548 2352/5217/4549 3970/5218/4550
f 3915/5133/4467 5070/5215/4547 3970/5218/4550 2329/5126/4460
f 2329/5126/4460 3970/5218/4550 5071/5219/4551 3914/5127/4461
f 3970/5218/4550 2352/5217/4549 3962/5220/4552 5071/5219/4551
f 5071/5219/4551 3962/5220/4552 2351/5221/4553 3971/5222/4554
f 3914/5127/4461 5071/5219/4551 3971/5222/4554 2328/5120/4454
f 2328/5120/4454 3971/5222/4554 5072/5223/4555 3913/5121/4455
f 3971/5222/4554 2351/5221/4553 3961/5224/4556 5072/5223/4555
f 5072/5223/4555 3961/5224/4556 2350/5225/4557 3972/5226/4558
f 3913/5121/4455 5072/5223/4555 3972/5226/4558 2327/5114/4448
f 2327/5114/4448 3972/5226/4558 5073/5227/4559 3912/5115/4449
f 3972/5226/4558 2350/5225/4557 3960/5228/4560 5073/5227/4559
f 5073/5227/4559 3960/5228/4560 2349/5229/4561 3973/5230/4562
f 3912/5115/4449 5073/5227/4559 3973/5230/4562 2326/5105/4439
f 2326/5105/4439 3973/5230/4562 5074/5231/4563 3911/5106/4440
f 3973/5230/4562 2349/5229/4561 3959/5232/4564 5074/5231/4563
f 5074/5231/4563 3959/5232/4564 2348/5233/4565 3974/5234/4566
f 3911/5106/4440 5074/5231/4563 3974/5234/4566 2325/5107/4441
f 2324/5099/4433 3975/5235/4567 5075/5236/4568 3910/5100/4434
f 3975/5235/4567 2347/5237/4569 3958/5238/4570 5075/5236/4568
f 5075/5236/4568 3958/5238/4570 2346/5239/4571 3976/5240/4572
f 3910/5100/4434 5075/5236/4568 3976/5240/4572 2323/5093/4427
f 2323/5093/4427 3976/5240/4572 5076/5241/4573 3909/5094/4428
f 3976/5240/4572 2346/5239/4571 3957/5242/4574 5076/5241/4573
f 5076/5241/4573 3957/5242/4574 2345/5243/4575 3977/5244/4576
f 3909/5094/4428 5076/5241/4573 3977/5244/4576 2322/5087/4421
f 2322/5087/4421 3977/5244/4576 5077/5245/4577 3908/5088/4422
f 3977/5244/4576 2345/5243/4575 3956/5246/4578 5077/5245/4577
f 5077/5245/4577 3956/5246/4578 2334/5199/4531 3933/5202/4534
f 3908/5088/4422 5077/5245/4577 3933/5202/4534 2321/5079/4413
f 2341/5169/4503 3940/5174/4508 5078/5247/4579 3982/5248/4580
f 2340/5173/4507 3981/5249/4581 5078/5247/4579 3940/5174/4508
f 2358/5250/4582 3982/5248/4580 5078/5247/4579 3981/5249/4581
f 2341/5169/4503 3982/5248/4580 5079/5251/4583 3941/5170/4504
f 3982/5248/4580 2358/5250/4582 3980/5252/4584 5079/5251/4583
f 5079/5251/4583 3980/5252/4584 2357/5253/4585 3983/5254/4586
f 3941/5170/4504 5079/5251/4583 3983/5254/4586 2342/5165/4499
f 2342/5165/4499 3983/5254/4586 5080/5255/4587 3942/5166/4500
f 3983/5254/4586 2357/5253/4585 3979/5256/4588 5080/5255/4587
f 5080/5255/4587 3979/5256/4588 2356/5257/4589 3984/5258/4590
f 3942/5166/4500 5080/5255/4587 3984/5258/4590 2343/5161/4495
f 2343/5161/4495 3984/5258/4590 5081/5259/4591 3943/5162/4496
f 3984/5258/4590 2356/5257/4589 3978/5260/4592 5081/5259/4591
f 5081/5259/4591 3978/5260/4592 2355/5206/4538 3966/5205/4537
f 3943/5162/4496 5081/5259/4591 3966/5205/4537 2344/5157/4491
f 2354/5209/4541 3965/5208/4540 5082/5261/4593 3985/5262/4594
f 3965/5208/4540 2355/5206/4538 3978/5260/4592 5082/5261/4593
f 5082/5261/4593 3978/5260/4592 2356/5257/4589 3989/5263/4595
f 3985/5262/4594 5082/5261/4593 3989/5263/4595 2359/5264/4596
f 2357/5253/4585 3990/5265/4597 5083/5266/4598 3979/5256/4588
f 3990/5265/4597 2360/5267/4599 3986/5268/4600 5083/5266/4598
f 5083/5266/4598 3986/5268/4600 2359/5264/4596 3989/5263/4595
f 3979/5256/4588 5083/5266/4598 3989/5263/4595 2356/5257/4589
f 2358/5250/4582 3991/5269/4601 5084/5270/4602 3980/5252/4584
f 3991/5269/4601 2361/5271/4603 3987/5272/4604 5084/5270/4602
f 5084/5270/4602 3987/5272/4604 2360/5267/4599 3990/5265/4597
f 3980/5252/4584 5084/5270/4602 3990/5265/4597 2357/5253/4585
f 2362/5273/4605 3988/5274/4606 5085/5275/4607 3992/5276/4608
f 3988/5274/4606 2361/5271/4603 3991/5269/4601 5085/5275/4607
f 5085/5275/4607 3991/5269/4601 2358/5250/4582 3981/5249/4581
f 3992/5276/4608 5085/5275/4607 3981/5249/4581 2340/5173/4507
f 2340/5180/4507 3939/5179/4512 5086/5277/4609 3992/5278/4608
f 2339/5178/4511 3993/5279/4610 5086/5277/4609 3939/5179/4512
f 2362/5280/4605 3992/5278/4608 5086/5277/4609 3993/5279/4610
f 2362/5280/4605 3993/5279/4610 5087/5281/4611 4006/5282/4612
f 3993/5279/4610 2339/5178/4511 3995/5283/4613 5087/5281/4611
f 5087/5281/4611 3995/5283/4613 2364/5284/4614 4005/5285/4615
f 4006/5282/4612 5087/5281/4611 4005/5285/4615 2368/5286/4616
f 2364/5284/4614 3995/5283/4613 5088/5287/4617 3997/5288/4618
f 3995/5283/4613 2339/5178/4511 3938/5184/4516 5088/5287/4617
f 5088/5287/4617 3938/5184/4516 2338/5183/4515 3994/5289/4619
f 3997/5288/4618 5088/5287/4617 3994/5289/4619 2363/5290/4620
f 2353/5213/4545 3964/5212/4544 5089/5291/4621 3998/5292/4622
f 3964/5212/4544 2354/5209/4541 3985/5262/4594 5089/5291/4621
f 5089/5291/4621 3985/5262/4594 2359/5264/4596 4001/5293/4623
f 3998/5292/4622 5089/5291/4621 4001/5293/4623 2365/5294/4624
f 2360/5267/4599 4002/5295/4625 5090/5296/4626 3986/5268/4600
f 4002/5295/4625 2366/5297/4627 3999/5298/4628 5090/5296/4626
f 5090/5296/4626 3999/5298/4628 2365/5294/4624 4001/5293/4623
f 3986/5268/4600 5090/5296/4626 4001/5293/4623 2359/5264/4596
f 2361/5271/4603 4003/5299/4629 5091/5300/4630 3987/5272/4604
f 4003/5299/4629 2367/5301/4631 4000/5302/4632 5091/5300/4630
f 5091/5300/4630 4000/5302/4632 2366/5297/4627 4002/5295/4625
f 3987/5272/4604 5091/5300/4630 4002/5295/4625 2360/5267/4599
f 2361/5271/4603 3988/5274/4606 5092/5303/4633 4003/5299/4629
f 3988/5274/4606 2362/5273/4605 4006/5304/4612 5092/5303/4633
f 5092/5303/4633 4006/5304/4612 2368/5305/4616 4004/5306/4634
f 4003/5299/4629 5092/5303/4633 4004/5306/4634 2367/5301/4631
f 2369/5307/4635 4007/5308/4636 5093/5309/4637 3996/5310/4638
f 4007/5308/4636 2368/5286/4616 4005/5285/4615 5093/5309/4637
f 5093/5309/4637 4005/5285/4615 2364/5284/4614 3997/5288/4618
f 3996/5310/4638 5093/5309/4637 3997/5288/4618 2363/5290/4620
f 2335/5195/4527 3934/5200/4532 5094/5311/4639 4012/5312/4640
f 3934/5200/4532 2334/5199/4531 3956/5246/4578 5094/5311/4639
f 5094/5311/4639 3956/5246/4578 2345/5243/4575 4011/5313/4641
f 4012/5312/4640 5094/5311/4639 4011/5313/4641 2372/5314/4642
f 2335/5195/4527 4012/5312/4640 5095/5315/4643 3935/5196/4528
f 4012/5312/4640 2372/5314/4642 4010/5316/4644 5095/5315/4643
f 5095/5315/4643 4010/5316/4644 2371/5317/4645 4013/5318/4646
f 3935/5196/4528 5095/5315/4643 4013/5318/4646 2336/5191/4523
f 2336/5191/4523 4013/5318/4646 5096/5319/4647 3936/5192/4524
f 4013/5318/4646 2371/5317/4645 4009/5320/4648 5096/5319/4647
f 5096/5319/4647 4009/5320/4648 2370/5321/4649 4014/5322/4650
f 3936/5192/4524 5096/5319/4647 4014/5322/4650 2337/5187/4519
f 2337/5187/4519 4014/5322/4650 5097/5323/4651 3937/5188/4520
f 4014/5322/4650 2370/5321/4649 4008/5324/4652 5097/5323/4651
f 5097/5323/4651 4008/5324/4652 2363/5290/4620 3994/5289/4619
f 3937/5188/4520 5097/5323/4651 3994/5289/4619 2338/5183/4515
f 2352/5217/4549 3963/5216/4548 5098/5325/4653 4022/5326/4654
f 3963/5216/4548 2353/5213/4545 3998/5292/4622 5098/5325/4653
f 5098/5325/4653 3998/5292/4622 2365/5294/4624 4023/5327/4655
f 4022/5326/4654 5098/5325/4653 4023/5327/4655 2378/5328/4656
f 2365/5294/4624 3999/5298/4628 5099/5329/4657 4023/5327/4655
f 3999/5298/4628 2366/5297/4627 4024/5330/4658 5099/5329/4657
f 5099/5329/4657 4024/5330/4658 2377/5331/4659 4021/5332/4660
f 4023/5327/4655 5099/5329/4657 4021/5332/4660 2378/5328/4656
f 2366/5297/4627 4000/5302/4632 5100/5333/4661 4024/5330/4658
f 4000/5302/4632 2367/5301/4631 4025/5334/4662 5100/5333/4661
f 5100/5333/4661 4025/5334/4662 2376/5335/4663 4020/5336/4664
f 4024/5330/4658 5100/5333/4661 4020/5336/4664 2377/5331/4659
f 2367/5301/4631 4004/5306/4634 5101/5337/4665 4025/5334/4662
f 4004/5306/4634 2368/5305/4616 4007/5338/4636 5101/5337/4665
f 5101/5337/4665 4007/5338/4636 2369/5307/4635 4019/5339/4666
f 4025/5334/4662 5101/5337/4665 4019/5339/4666 2376/5335/4663
f 2369/5307/4635 3996/5310/4638 5102/5340/4667 4015/5341/4668
f 3996/5310/4638 2363/5290/4620 4008/5324/4652 5102/5340/4667
f 5102/5340/4667 4008/5324/4652 2370/5321/4649 4026/5342/4669
f 4015/5341/4668 5102/5340/4667 4026/5342/4669 2373/5343/4670
f 2371/5317/4645 4027/5344/4671 5103/5345/4672 4009/5320/4648
f 4027/5344/4671 2374/5346/4673 4016/5347/4674 5103/5345/4672
f 5103/5345/4672 4016/5347/4674 2373/5343/4670 4026/5342/4669
f 4009/5320/4648 5103/5345/4672 4026/5342/4669 2370/5321/4649
f 2372/5314/4642 4028/5348/4675 5104/5349/4676 4010/5316/4644
f 4028/5348/4675 2375/5350/4677 4017/5351/4678 5104/5349/4676
f 5104/5349/4676 4017/5351/4678 2374/5346/4673 4027/5344/4671
f 4010/5316/4644 5104/5349/4676 4027/5344/4671 2371/5317/4645
f 2346/5239/4571 4018/5352/4679 5105/5353/4680 3957/5242/4574
f 4018/5352/4679 2375/5350/4677 4028/5348/4675 5105/5353/4680
f 5105/5353/4680 4028/5348/4675 2372/5314/4642 4011/5313/4641
f 3957/5242/4574 5105/5353/4680 4011/5313/4641 2345/5243/4575
f 2352/5217/4549 4022/5326/4654 5106/5354/4681 3962/5220/4552
f 4022/5326/4654 2378/5328/4656 4036/5355/4682 5106/5354/4681
f 5106/5354/4681 4036/5355/4682 2381/5356/4683 4035/5357/4684
f 3962/5220/4552 5106/5354/4681 4035/5357/4684 2351/5221/4553
f 2351/5221/4553 4035/5357/4684 5107/5358/4685 3961/5224/4556
f 4035/5357/4684 2381/5356/4683 4032/5359/4686 5107/5358/4685
f 5107/5358/4685 4032/5359/4686 2383/5360/4687 4037/5361/4688
f 3961/5224/4556 5107/5358/4685 4037/5361/4688 2350/5225/4557
f 2350/5225/4557 4037/5361/4688 5108/5362/4689 3960/5228/4560
f 4037/5361/4688 2383/5360/4687 4034/5363/4690 5108/5362/4689
f 5108/5362/4689 4034/5363/4690 2382/5364/4691 4038/5365/4692
f 3960/5228/4560 5108/5362/4689 4038/5365/4692 2349/5229/4561
f 2349/5229/4561 4038/5365/4692 5109/5366/4693 3959/5232/4564
f 4038/5365/4692 2382/5364/4691 4033/5367/4694 5109/5366/4693
f 5109/5366/4693 4033/5367/4694 2380/5368/4695 4039/5369/4696
f 3959/5232/4564 5109/5366/4693 4039/5369/4696 2348/5233/4565
f 2348/5233/4565 4045/5370/4697 5110/5371/4698 3974/5234/4566
f 4045/5370/4697 2347/5237/4569 3975/5235/4567 5110/5371/4698
f 5110/5371/4698 3975/5235/4567 2324/5099/4433 4031/5372/4699
f 3974/5234/4566 5110/5371/4698 4031/5372/4699 2325/5107/4441
f 2324/5099/4433 3923/5096/4430 5111/5373/4700 4031/5372/4699
f 3923/5096/4430 2500/5095/4429 4030/5374/4701 5111/5373/4700
f 5111/5373/4700 4030/5374/4701 2506/5109/4443 3924/5108/4442
f 4031/5372/4699 5111/5373/4700 3924/5108/4442 2325/5107/4441
f 2347/5237/4569 4040/5375/4702 5112/5376/4703 3958/5238/4570
f 4040/5375/4702 2379/5377/4704 4029/5378/4705 5112/5376/4703
f 5112/5376/4703 4029/5378/4705 2375/5350/4677 4018/5352/4679
f 3958/5238/4570 5112/5376/4703 4018/5352/4679 2346/5239/4571
f 2374/5346/4673 4017/5351/4678 5113/5379/4706 4041/5380/4707
f 4017/5351/4678 2375/5350/4677 4029/5378/4705 5113/5379/4706
f 5113/5379/4706 4029/5378/4705 2379/5377/4704 4044/5381/4708
f 4041/5380/4707 5113/5379/4706 4044/5381/4708 2384/5382/4709
f 2380/5368/4695 4043/5383/4710 5114/5384/4711 4039/5369/4696
f 4043/5383/4710 2379/5377/4704 4040/5375/4702 5114/5384/4711
f 5114/5384/4711 4040/5375/4702 2347/5237/4569 4045/5370/4697
f 4039/5369/4696 5114/5384/4711 4045/5370/4697 2348/5233/4565
f 2385/5385/4712 4042/5386/4713 5115/5387/4714 4046/5388/4715
f 4042/5386/4713 2384/5382/4709 4044/5381/4708 5115/5387/4714
f 5115/5387/4714 4044/5381/4708 2379/5377/4704 4043/5383/4710
f 4046/5388/4715 5115/5387/4714 4043/5383/4710 2380/5368/4695
f 2377/5331/4659 4048/5389/4716 5116/5390/4717 4060/5391/4718
f 2386/5392/4719 4047/5393/4720 5116/5390/4717 4048/5389/4716
f 2381/5356/4683 4060/5391/4718 5116/5390/4717 4047/5393/4720
f 2373/5343/4670 4016/5347/4674 5117/5394/4721 4049/5395/4722
f 4016/5347/4674 2374/5346/4673 4041/5380/4707 5117/5394/4721
f 5117/5394/4721 4041/5380/4707 2384/5382/4709 4051/5396/4723
f 4049/5395/4722 5117/5394/4721 4051/5396/4723 2387/5397/4724
f 2385/5385/4712 4052/5398/4725 5118/5399/4726 4042/5386/4713
f 4052/5398/4725 2388/5400/4727 4050/5401/4728 5118/5399/4726
f 5118/5399/4726 4050/5401/4728 2387/5397/4724 4051/5396/4723
f 4042/5386/4713 5118/5399/4726 4051/5396/4723 2384/5382/4709
f 2377/5331/4659 4020/5336/4664 5119/5402/4729 4048/5389/4716
f 4020/5336/4664 2376/5335/4663 4053/5403/4730 5119/5402/4729
f 5119/5402/4729 4053/5403/4730 2388/5400/4727 4054/5404/4731
f 4048/5389/4716 5119/5402/4729 4054/5404/4731 2386/5392/4719
f 2373/5343/4670 4049/5395/4722 5120/5405/4732 4015/5341/4668
f 2387/5397/4724 4055/5406/4733 5120/5405/4732 4049/5395/4722
f 2369/5307/4635 4015/5341/4668 5120/5405/4732 4055/5406/4733
f 2381/5356/4683 4047/5393/4720 5121/5407/4734 4062/5408/4735
f 2386/5392/4719 4056/5409/4736 5121/5407/4734 4047/5393/4720
f 2389/5410/4737 4062/5408/4735 5121/5407/4734 4056/5409/4736
f 2383/5360/4687 4059/5411/4738 5122/5412/4739 4034/5363/4690
f 2389/5410/4737 4057/5413/4740 5122/5412/4739 4059/5411/4738
f 2382/5364/4691 4034/5363/4690 5122/5412/4739 4057/5413/4740
f 2382/5364/4691 4057/5413/4740 5123/5414/4741 4033/5367/4694
f 4057/5413/4740 2389/5410/4737 4058/5415/4742 5123/5414/4741
f 5123/5414/4741 4058/5415/4742 2385/5385/4712 4046/5388/4715
f 4033/5367/4694 5123/5414/4741 4046/5388/4715 2380/5368/4695
f 2388/5400/4727 4052/5398/4725 5124/5416/4743 4054/5404/4731
f 4052/5398/4725 2385/5385/4712 4058/5415/4742 5124/5416/4743
f 5124/5416/4743 4058/5415/4742 2389/5410/4737 4056/5409/4736
f 4054/5404/4731 5124/5416/4743 4056/5409/4736 2386/5392/4719
f 2388/5400/4727 4053/5403/4730 5125/5417/4744 4050/5401/4728
f 4053/5403/4730 2376/5335/4663 4019/5339/4666 5125/5417/4744
f 5125/5417/4744 4019/5339/4666 2369/5307/4635 4055/5406/4733
f 4050/5401/4728 5125/5417/4744 4055/5406/4733 2387/5397/4724
f 2381/5356/4683 4036/5355/4682 5126/5418/4745 4060/5391/4718
f 2378/5328/4656 4021/5332/4660 5126/5418/4745 4036/5355/4682
f 2377/5331/4659 4060/5391/4718 5126/5418/4745 4021/5332/4660
f 2295/4937/4276 3842/4936/4275 5127/5419/4746 3906/5072/4406
f 3842/4936/4275 2491/4935/4274 4061/5420/4747 5127/5419/4746
f 5127/5419/4746 4061/5420/4747 2503/5082/4416 3880/5081/4415
f 3906/5072/4406 5127/5419/4746 3880/5081/4415 2308/5073/4407
f 2389/5410/4737 4059/5411/4738 5128/5421/4748 4062/5408/4735
f 2383/5360/4687 4032/5359/4686 5128/5421/4748 4059/5411/4738
f 2381/5356/4683 4062/5408/4735 5128/5421/4748 4032/5359/4686
f 2392/5422/4749 4066/5423/4750 5129/5424/4751 4358/5425/4752
f 4066/5423/4750 2394/5426/4753 4065/5427/4754 5129/5424/4751
f 5129/5424/4751 4065/5427/4754 2491/4935/4274 3843/4934/2020
f 4358/5425/4752 5129/5424/4751 3843/4934/2020 2558/4933/4273
f 2490/4938/4277 3858/4941/4280 5130/5428/4755 4341/5429/4756
f 3858/4941/4280 2492/4946/4285 4079/5430/4757 5130/5428/4755
f 5130/5428/4755 4079/5430/4757 2406/5431/4758 4296/5432/4759
f 4341/5429/4756 5130/5428/4755 4296/5432/4759 1960/5433/4760
f 1960/5433/4760 4296/5432/4759 5131/5434/4761 4339/5435/4762
f 4296/5432/4759 2406/5431/4758 4078/5436/4763 5131/5434/4761
f 5131/5434/4761 4078/5436/4763 2405/5437/4764 4297/5438/4765
f 4339/5435/4762 5131/5434/4761 4297/5438/4765 1961/5439/4766
f 1961/5439/4766 4297/5438/4765 5132/5440/4767 4340/5441/4768
f 4297/5438/4765 2405/5437/4764 4077/5442/4769 5132/5440/4767
f 5132/5440/4767 4077/5442/4769 2404/5443/4770 4298/5444/4771
f 4340/5441/4768 5132/5440/4767 4298/5444/4771 1968/5445/4772
f 1968/5445/4772 4298/5444/4771 5133/5446/4773 4342/5447/4774
f 4298/5444/4771 2404/5443/4770 4076/5448/4775 5133/5446/4773
f 5133/5446/4773 4076/5448/4775 2403/5449/4776 4299/5450/4777
f 4342/5447/4774 5133/5446/4773 4299/5450/4777 1962/5451/4778
f 1962/5451/4778 4299/5450/4777 5134/5452/4779 4348/5453/4780
f 4299/5450/4777 2403/5449/4776 4075/5454/4781 5134/5452/4779
f 5134/5452/4779 4075/5454/4781 2402/5455/4782 4080/5456/4783
f 4348/5453/4780 5134/5452/4779 4080/5456/4783 2390/5457/4784
f 2390/5457/4784 4080/5456/4783 5135/5458/4785 4356/5459/4786
f 4080/5456/4783 2402/5455/4782 4074/5460/4787 5135/5458/4785
f 5135/5458/4785 4074/5460/4787 2401/5461/4788 4081/5462/4789
f 4356/5459/4786 5135/5458/4785 4081/5462/4789 2391/5463/4790
f 2391/5464/4790 4081/5465/4789 5136/5466/4791 4357/5467/4792
f 4081/5465/4789 2401/5468/4788 4073/5469/4793 5136/5466/4791
f 5136/5466/4791 4073/5469/4793 2400/5470/4794 4300/5471/4795
f 4357/5467/4792 5136/5466/4791 4300/5471/4795 1963/5472/4796
f 1963/5472/4796 4300/5471/4795 5137/5473/4797 4360/5474/4798
f 4300/5471/4795 2400/5470/4794 4072/5475/4799 5137/5473/4797
f 5137/5473/4797 4072/5475/4799 2399/5476/4800 4082/5477/4801
f 4360/5474/4798 5137/5473/4797 4082/5477/4801 2563/5478/4802
f 2563/5478/4802 4082/5477/4801 5138/5479/4803 4345/5480/4804
f 4082/5477/4801 2399/5476/4800 4071/5481/4805 5138/5479/4803
f 5138/5479/4803 4071/5481/4805 2398/5482/4806 4301/5483/4807
f 4345/5480/4804 5138/5479/4803 4301/5483/4807 1964/5484/4808
f 1964/5484/4808 4301/5483/4807 5139/5485/4809 4343/5486/4810
f 4301/5483/4807 2398/5482/4806 4070/5487/4811 5139/5485/4809
f 5139/5485/4809 4070/5487/4811 2397/5488/4812 4302/5489/4813
f 4343/5486/4810 5139/5485/4809 4302/5489/4813 1965/5490/4814
f 1966/5491/4815 4304/5492/4816 5140/5493/4817 4346/5494/4818
f 4304/5492/4816 2396/5495/4819 4068/5496/4820 5140/5493/4817
f 5140/5493/4817 4068/5496/4820 2395/5497/4821 4303/5498/4822
f 4346/5494/4818 5140/5493/4817 4303/5498/4822 1967/5499/4823
f 1965/5490/4814 4302/5489/4813 5141/5500/4824 4344/5501/4825
f 4302/5489/4813 2397/5488/4812 4069/5502/4826 5141/5500/4824
f 5141/5500/4824 4069/5502/4826 2396/5495/4819 4304/5492/4816
f 4344/5501/4825 5141/5500/4824 4304/5492/4816 1966/5491/4815
f 1967/5499/4823 4303/5498/4822 5142/5503/4827 4347/5504/4828
f 4303/5498/4822 2395/5497/4821 4067/5505/4829 5142/5503/4827
f 5142/5503/4827 4067/5505/4829 2394/5426/4753 4066/5423/4750
f 4347/5504/4828 5142/5503/4827 4066/5423/4750 2392/5422/4749
f 2406/5431/4758 4079/5430/4757 5143/5506/4830 4097/5507/4831
f 4079/5430/4757 2492/4946/4285 3877/5024/4360 5143/5506/4830
f 5143/5506/4830 3877/5024/4360 2505/5023/4359 4096/5508/4832
f 4097/5507/4831 5143/5506/4830 4096/5508/4832 2419/5509/4833
f 2406/5431/4758 4097/5507/4831 5144/5510/4834 4078/5436/4763
f 4097/5507/4831 2419/5509/4833 4095/5511/4835 5144/5510/4834
f 5144/5510/4834 4095/5511/4835 2418/5512/4836 4098/5513/4837
f 4078/5436/4763 5144/5510/4834 4098/5513/4837 2405/5437/4764
f 2405/5437/4764 4098/5513/4837 5145/5514/4838 4077/5442/4769
f 4098/5513/4837 2418/5512/4836 4094/5515/4839 5145/5514/4838
f 5145/5514/4838 4094/5515/4839 2417/5516/4840 4099/5517/4841
f 4077/5442/4769 5145/5514/4838 4099/5517/4841 2404/5443/4770
f 2404/5443/4770 4099/5517/4841 5146/5518/4842 4076/5448/4775
f 4099/5517/4841 2417/5516/4840 4093/5519/4843 5146/5518/4842
f 5146/5518/4842 4093/5519/4843 2416/5520/4844 4100/5521/4845
f 4076/5448/4775 5146/5518/4842 4100/5521/4845 2403/5449/4776
f 2403/5449/4776 4100/5521/4845 5147/5522/4846 4075/5454/4781
f 4100/5521/4845 2416/5520/4844 4092/5523/4847 5147/5522/4846
f 5147/5522/4846 4092/5523/4847 2415/5524/4848 4101/5525/4849
f 4075/5454/4781 5147/5522/4846 4101/5525/4849 2402/5455/4782
f 2402/5455/4782 4101/5525/4849 5148/5526/4850 4074/5460/4787
f 4101/5525/4849 2415/5524/4848 4091/5527/4851 5148/5526/4850
f 5148/5526/4850 4091/5527/4851 2414/5528/4852 4102/5529/4853
f 4074/5460/4787 5148/5526/4850 4102/5529/4853 2401/5461/4788
f 2401/5468/4788 4102/5530/4853 5149/5531/4854 4073/5469/4793
f 4102/5530/4853 2414/5532/4852 4090/5533/4855 5149/5531/4854
f 5149/5531/4854 4090/5533/4855 2413/5534/4856 4103/5535/4857
f 4073/5469/4793 5149/5531/4854 4103/5535/4857 2400/5470/4794
f 2400/5470/4794 4103/5535/4857 5150/5536/4858 4072/5475/4799
f 4103/5535/4857 2413/5534/4856 4089/5537/4859 5150/5536/4858
f 5150/5536/4858 4089/5537/4859 2412/5538/4860 4104/5539/4861
f 4072/5475/4799 5150/5536/4858 4104/5539/4861 2399/5476/4800
f 2399/5476/4800 4104/5539/4861 5151/5540/4862 4071/5481/4805
f 4104/5539/4861 2412/5538/4860 4088/5541/4863 5151/5540/4862
f 5151/5540/4862 4088/5541/4863 2411/5542/4864 4105/5543/4865
f 4071/5481/4805 5151/5540/4862 4105/5543/4865 2398/5482/4806
f 2398/5482/4806 4105/5543/4865 5152/5544/4866 4070/5487/4811
f 4105/5543/4865 2411/5542/4864 4087/5545/4867 5152/5544/4866
f 5152/5544/4866 4087/5545/4867 2410/5546/4868 4106/5547/4869
f 4070/5487/4811 5152/5544/4866 4106/5547/4869 2397/5488/4812
f 2397/5488/4812 4106/5547/4869 5153/5548/4870 4069/5502/4826
f 4106/5547/4869 2410/5546/4868 4086/5549/4871 5153/5548/4870
f 5153/5548/4870 4086/5549/4871 2409/5550/4872 4107/5551/4873
f 4069/5502/4826 5153/5548/4870 4107/5551/4873 2396/5495/4819
f 2396/5495/4819 4107/5551/4873 5154/5552/4874 4068/5496/4820
f 4107/5551/4873 2409/5550/4872 4085/5553/4875 5154/5552/4874
f 5154/5552/4874 4085/5553/4875 2408/5554/4876 4108/5555/4877
f 4068/5496/4820 5154/5552/4874 4108/5555/4877 2395/5497/4821
f 2395/5497/4821 4108/5555/4877 5155/5556/4878 4067/5505/4829
f 4108/5555/4877 2408/5554/4876 4084/5557/4879 5155/5556/4878
f 5155/5556/4878 4084/5557/4879 2407/5558/4880 4109/5559/4881
f 4067/5505/4829 5155/5556/4878 4109/5559/4881 2394/5426/4753
f 2502/5075/4409 3875/5078/4412 5156/5560/4882 4123/5561/4883
f 3875/5078/4412 2503/5082/4416 4083/5562/4884 5156/5560/4882
f 5156/5560/4882 4083/5562/4884 2407/5558/4880 4110/5563/4885
f 4123/5561/4883 5156/5560/4882 4110/5563/4885 2420/5564/4886
f 2501/5083/4417 3874/5086/4420 5157/5565/4887 4124/5566/4888
f 3874/5086/4420 2502/5075/4409 4123/5561/4883 5157/5565/4887
f 5157/5565/4887 4123/5561/4883 2420/5564/4886 4111/5567/4889
f 4124/5566/4888 5157/5565/4887 4111/5567/4889 2421/5568/4890
f 2507/5089/4423 3873/5092/4426 5158/5569/4891 4125/5570/4892
f 3873/5092/4426 2501/5083/4417 4124/5566/4888 5158/5569/4891
f 5158/5569/4891 4124/5566/4888 2421/5568/4890 4112/5571/4893
f 4125/5570/4892 5158/5569/4891 4112/5571/4893 2422/5572/4894
f 2500/5095/4429 3879/5098/4432 5159/5573/4895 4126/5574/4896
f 3879/5098/4432 2507/5089/4423 4125/5570/4892 5159/5573/4895
f 5159/5573/4895 4125/5570/4892 2422/5572/4894 4113/5575/4897
f 4126/5574/4896 5159/5573/4895 4113/5575/4897 2423/5576/4898
f 2499/5101/4435 3878/5104/4438 5160/5577/4899 4128/5578/4900
f 3878/5104/4438 2506/5109/4443 4127/5579/4901 5160/5577/4899
f 5160/5577/4899 4127/5579/4901 2424/5580/4902 4114/5581/4903
f 4128/5578/4900 5160/5577/4899 4114/5581/4903 2425/5582/4904
f 2504/5110/4444 3872/5113/4447 5161/5583/4905 4129/5584/4906
f 3872/5113/4447 2499/5101/4435 4128/5578/4900 5161/5583/4905
f 5161/5583/4905 4128/5578/4900 2425/5582/4904 4115/5585/4907
f 4129/5584/4906 5161/5583/4905 4115/5585/4907 2426/5586/4908
f 2498/5116/4450 3876/5119/4453 5162/5587/4909 4130/5588/4910
f 3876/5119/4453 2504/5110/4444 4129/5584/4906 5162/5587/4909
f 5162/5587/4909 4129/5584/4906 2426/5586/4908 4116/5589/4911
f 4130/5588/4910 5162/5587/4909 4116/5589/4911 2427/5590/4912
f 2497/5122/4456 3871/5125/4459 5163/5591/4913 4131/5592/4914
f 3871/5125/4459 2498/5116/4450 4130/5588/4910 5163/5591/4913
f 5163/5591/4913 4130/5588/4910 2427/5590/4912 4117/5593/4915
f 4131/5592/4914 5163/5591/4913 4117/5593/4915 2428/5594/4916
f 2496/5128/4462 3870/5131/4465 5164/5595/4917 4132/5596/4918
f 3870/5131/4465 2497/5122/4456 4131/5592/4914 5164/5595/4917
f 5164/5595/4917 4131/5592/4914 2428/5594/4916 4118/5597/4919
f 4132/5596/4918 5164/5595/4917 4118/5597/4919 2429/5598/4920
f 2495/5134/4468 3869/5137/4471 5165/5599/4921 4133/5600/4922
f 3869/5137/4471 2496/5128/4462 4132/5596/4918 5165/5599/4921
f 5165/5599/4921 4132/5596/4918 2429/5598/4920 4119/5601/4923
f 4133/5600/4922 5165/5599/4921 4119/5601/4923 2430/5602/4924
f 2494/5140/4474 3868/5143/4477 5166/5603/4925 4134/5604/4926
f 3868/5143/4477 2495/5134/4468 4133/5600/4922 5166/5603/4925
f 5166/5603/4925 4133/5600/4922 2430/5602/4924 4120/5605/4927
f 4134/5604/4926 5166/5603/4925 4120/5605/4927 2431/5606/4928
f 2493/5146/4480 3867/5149/4483 5167/5607/4929 4135/5608/4930
f 3867/5149/4483 2494/5140/4474 4134/5604/4926 5167/5607/4929
f 5167/5607/4929 4134/5604/4926 2431/5606/4928 4121/5609/4931
f 4135/5608/4930 5167/5607/4929 4121/5609/4931 2432/5610/4932
f 2493/5146/4480 4135/5608/4930 5168/5611/4933 3866/5152/4486
f 4135/5608/4930 2432/5610/4932 4122/5612/4934 5168/5611/4933
f 5168/5611/4933 4122/5612/4934 2419/5509/4833 4096/5508/4832
f 3866/5152/4486 5168/5611/4933 4096/5508/4832 2505/5023/4359
f 2418/5512/4836 4095/5511/4835 5169/5613/4935 4148/5614/4936
f 4095/5511/4835 2419/5509/4833 4122/5612/4934 5169/5613/4935
f 5169/5613/4935 4122/5612/4934 2432/5610/4932 4147/5615/4937
f 4148/5614/4936 5169/5613/4935 4147/5615/4937 2443/5616/4938
f 2418/5512/4836 4148/5614/4936 5170/5617/4939 4094/5515/4839
f 4148/5614/4936 2443/5616/4938 4146/5618/4940 5170/5617/4939
f 5170/5617/4939 4146/5618/4940 2442/5619/4941 4149/5620/4942
f 4094/5515/4839 5170/5617/4939 4149/5620/4942 2417/5516/4840
f 2417/5516/4840 4149/5620/4942 5171/5621/4943 4093/5519/4843
f 4149/5620/4942 2442/5619/4941 4145/5622/4944 5171/5621/4943
f 5171/5621/4943 4145/5622/4944 2441/5623/4945 4150/5624/4946
f 4093/5519/4843 5171/5621/4943 4150/5624/4946 2416/5520/4844
f 2416/5520/4844 4150/5624/4946 5172/5625/4947 4092/5523/4847
f 4150/5624/4946 2441/5623/4945 4144/5626/4948 5172/5625/4947
f 5172/5625/4947 4144/5626/4948 2440/5627/4949 4151/5628/4950
f 4092/5523/4847 5172/5625/4947 4151/5628/4950 2415/5524/4848
f 2415/5524/4848 4151/5628/4950 5173/5629/4951 4091/5527/4851
f 4151/5628/4950 2440/5627/4949 4143/5630/4952 5173/5629/4951
f 5173/5629/4951 4143/5630/4952 2439/5631/4953 4152/5632/4954
f 4091/5527/4851 5173/5629/4951 4152/5632/4954 2414/5528/4852
f 2414/5532/4852 4152/5633/4954 5174/5634/4955 4090/5533/4855
f 4152/5633/4954 2439/5635/4953 4142/5636/4956 5174/5634/4955
f 5174/5634/4955 4142/5636/4956 2438/5637/4957 4153/5638/4958
f 4090/5533/4855 5174/5634/4955 4153/5638/4958 2413/5534/4856
f 2413/5534/4856 4153/5638/4958 5175/5639/4959 4089/5537/4859
f 4153/5638/4958 2438/5637/4957 4141/5640/4960 5175/5639/4959
f 5175/5639/4959 4141/5640/4960 2437/5641/4961 4154/5642/4962
f 4089/5537/4859 5175/5639/4959 4154/5642/4962 2412/5538/4860
f 2412/5538/4860 4154/5642/4962 5176/5643/4963 4088/5541/4863
f 4154/5642/4962 2437/5641/4961 4140/5644/4964 5176/5643/4963
f 5176/5643/4963 4140/5644/4964 2436/5645/4965 4155/5646/4966
f 4088/5541/4863 5176/5643/4963 4155/5646/4966 2411/5542/4864
f 2411/5542/4864 4155/5646/4966 5177/5647/4967 4087/5545/4867
f 4155/5646/4966 2436/5645/4965 4139/5648/4968 5177/5647/4967
f 5177/5647/4967 4139/5648/4968 2435/5649/4969 4156/5650/4970
f 4087/5545/4867 5177/5647/4967 4156/5650/4970 2410/5546/4868
f 2410/5546/4868 4156/5650/4970 5178/5651/4971 4086/5549/4871
f 4156/5650/4970 2435/5649/4969 4138/5652/4972 5178/5651/4971
f 5178/5651/4971 4138/5652/4972 2434/5653/4973 4157/5654/4974
f 4086/5549/4871 5178/5651/4971 4157/5654/4974 2409/5550/4872
f 2409/5550/4872 4157/5654/4974 5179/5655/4975 4085/5553/4875
f 4157/5654/4974 2434/5653/4973 4137/5656/4976 5179/5655/4975
f 5179/5655/4975 4137/5656/4976 2433/5657/4977 4158/5658/4978
f 4085/5553/4875 5179/5655/4975 4158/5658/4978 2408/5554/4876
f 2408/5554/4876 4158/5658/4978 5180/5659/4979 4084/5557/4879
f 4158/5658/4978 2433/5657/4977 4136/5660/4980 5180/5659/4979
f 5180/5659/4979 4136/5660/4980 2420/5564/4886 4110/5563/4885
f 4084/5557/4879 5180/5659/4979 4110/5563/4885 2407/5558/4880
f 2431/5606/4928 4170/5661/4981 5181/5662/4982 4121/5609/4931
f 4170/5661/4981 2454/5663/4983 4169/5664/4984 5181/5662/4982
f 5181/5662/4982 4169/5664/4984 2443/5616/4938 4147/5615/4937
f 4121/5609/4931 5181/5662/4982 4147/5615/4937 2432/5610/4932
f 2431/5606/4928 4120/5605/4927 5182/5665/4985 4170/5661/4981
f 4120/5605/4927 2430/5602/4924 4171/5666/4986 5182/5665/4985
f 5182/5665/4985 4171/5666/4986 2453/5667/4987 4168/5668/4988
f 4170/5661/4981 5182/5665/4985 4168/5668/4988 2454/5663/4983
f 2430/5602/4924 4119/5601/4923 5183/5669/4989 4171/5666/4986
f 4119/5601/4923 2429/5598/4920 4172/5670/4990 5183/5669/4989
f 5183/5669/4989 4172/5670/4990 2452/5671/4991 4167/5672/4992
f 4171/5666/4986 5183/5669/4989 4167/5672/4992 2453/5667/4987
f 2429/5598/4920 4118/5597/4919 5184/5673/4993 4172/5670/4990
f 4118/5597/4919 2428/5594/4916 4173/5674/4994 5184/5673/4993
f 5184/5673/4993 4173/5674/4994 2451/5675/4995 4166/5676/4996
f 4172/5670/4990 5184/5673/4993 4166/5676/4996 2452/5671/4991
f 2428/5594/4916 4117/5593/4915 5185/5677/4997 4173/5674/4994
f 4117/5593/4915 2427/5590/4912 4174/5678/4998 5185/5677/4997
f 5185/5677/4997 4174/5678/4998 2450/5679/4999 4165/5680/5000
f 4173/5674/4994 5185/5677/4997 4165/5680/5000 2451/5675/4995
f 2427/5590/4912 4116/5589/4911 5186/5681/5001 4174/5678/4998
f 4116/5589/4911 2426/5586/4908 4175/5682/5002 5186/5681/5001
f 5186/5681/5001 4175/5682/5002 2449/5683/5003 4164/5684/5004
f 4174/5678/4998 5186/5681/5001 4164/5684/5004 2450/5679/4999
f 2426/5586/4908 4115/5585/4907 5187/5685/5005 4175/5682/5002
f 4115/5585/4907 2425/5582/4904 4176/5686/5006 5187/5685/5005
f 5187/5685/5005 4176/5686/5006 2448/5687/5007 4163/5688/5008
f 4175/5682/5002 5187/5685/5005 4163/5688/5008 2449/5683/5003
f 2425/5582/4904 4114/5581/4903 5188/5689/5009 4176/5686/5006
f 4114/5581/4903 2424/5580/4902 4177/5690/5010 5188/5689/5009
f 5188/5689/5009 4177/5690/5010 2447/5691/5011 4162/5692/5012
f 4176/5686/5006 5188/5689/5009 4162/5692/5012 2448/5687/5007
f 2423/5576/4898 4113/5575/4897 5189/5693/5013 4178/5694/5014
f 4113/5575/4897 2422/5572/4894 4179/5695/5015 5189/5693/5013
f 5189/5693/5013 4179/5695/5015 2445/5696/5016 4161/5697/5017
f 4178/5694/5014 5189/5693/5013 4161/5697/5017 2446/5698/5018
f 2422/5572/4894 4112/5571/4893 5190/5699/5019 4179/5695/5015
f 4112/5571/4893 2421/5568/4890 4180/5700/5020 5190/5699/5019
f 5190/5699/5019 4180/5700/5020 2444/5701/5021 4160/5702/5022
f 4179/5695/5015 5190/5699/5019 4160/5702/5022 2445/5696/5016
f 2421/5568/4890 4111/5567/4889 5191/5703/5023 4180/5700/5020
f 4111/5567/4889 2420/5564/4886 4136/5660/4980 5191/5703/5023
f 5191/5703/5023 4136/5660/4980 2433/5657/4977 4159/5704/5024
f 4180/5700/5020 5191/5703/5023 4159/5704/5024 2444/5701/5021
f 2440/5627/4949 4185/5705/5025 5192/5706/5026 4143/5630/4952
f 2457/5707/5027 4184/5708/5028 5192/5706/5026 4185/5705/5025
f 2439/5631/4953 4143/5630/4952 5192/5706/5026 4184/5708/5028
f 2440/5627/4949 4144/5626/4948 5193/5709/5029 4185/5705/5025
f 4144/5626/4948 2441/5623/4945 4186/5710/5030 5193/5709/5029
f 5193/5709/5029 4186/5710/5030 2456/5711/5031 4183/5712/5032
f 4185/5705/5025 5193/5709/5029 4183/5712/5032 2457/5707/5027
f 2441/5623/4945 4145/5622/4944 5194/5713/5033 4186/5710/5030
f 4145/5622/4944 2442/5619/4941 4187/5714/5034 5194/5713/5033
f 5194/5713/5033 4187/5714/5034 2455/5715/5035 4182/5716/5036
f 4186/5710/5030 5194/5713/5033 4182/5716/5036 2456/5711/5031
f 2442/5619/4941 4146/5618/4940 5195/5717/5037 4187/5714/5034
f 4146/5618/4940 2443/5616/4938 4169/5664/4984 5195/5717/5037
f 5195/5717/5037 4169/5664/4984 2454/5663/4983 4181/5718/5038
f 4187/5714/5034 5195/5717/5037 4181/5718/5038 2455/5715/5035
f 2453/5667/4987 4188/5719/5039 5196/5720/5040 4168/5668/4988
f 4188/5719/5039 2458/5721/5041 4192/5722/5042 5196/5720/5040
f 5196/5720/5040 4192/5722/5042 2455/5715/5035 4181/5718/5038
f 4168/5668/4988 5196/5720/5040 4181/5718/5038 2454/5663/4983
f 2456/5711/5031 4182/5716/5036 5197/5723/5043 4193/5724/5044
f 4182/5716/5036 2455/5715/5035 4192/5722/5042 5197/5723/5043
f 5197/5723/5043 4192/5722/5042 2458/5721/5041 4189/5725/5045
f 4193/5724/5044 5197/5723/5043 4189/5725/5045 2459/5726/5046
f 2457/5707/5027 4183/5712/5032 5198/5727/5047 4194/5728/5048
f 4183/5712/5032 2456/5711/5031 4193/5724/5044 5198/5727/5047
f 5198/5727/5047 4193/5724/5044 2459/5726/5046 4190/5729/5049
f 4194/5728/5048 5198/5727/5047 4190/5729/5049 2460/5730/5050
f 2461/5731/5051 4195/5732/5052 5199/5733/5053 4191/5734/5054
f 4195/5732/5052 2439/5631/4953 4184/5708/5028 5199/5733/5053
f 5199/5733/5053 4184/5708/5028 2457/5707/5027 4194/5728/5048
f 4191/5734/5054 5199/5733/5053 4194/5728/5048 2460/5730/5050
f 2439/5635/4953 4195/5735/5052 5200/5736/5055 4142/5636/4956
f 2461/5737/5051 4196/5738/5056 5200/5736/5055 4195/5735/5052
f 2438/5637/4957 4142/5636/4956 5200/5736/5055 4196/5738/5056
f 2461/5737/5051 4209/5739/5057 5201/5740/5058 4196/5738/5056
f 4209/5739/5057 2467/5741/5059 4208/5742/5060 5201/5740/5058
f 5201/5740/5058 4208/5742/5060 2463/5743/5061 4198/5744/5062
f 4196/5738/5056 5201/5740/5058 4198/5744/5062 2438/5637/4957
f 2463/5743/5061 4200/5745/5063 5202/5746/5064 4198/5744/5062
f 4200/5745/5063 2462/5747/5065 4197/5748/5066 5202/5746/5064
f 5202/5746/5064 4197/5748/5066 2437/5641/4961 4141/5640/4960
f 4198/5744/5062 5202/5746/5064 4141/5640/4960 2438/5637/4957
f 2452/5671/4991 4201/5749/5067 5203/5750/5068 4167/5672/4992
f 4201/5749/5067 2464/5751/5069 4204/5752/5070 5203/5750/5068
f 5203/5750/5068 4204/5752/5070 2458/5721/5041 4188/5719/5039
f 4167/5672/4992 5203/5750/5068 4188/5719/5039 2453/5667/4987
f 2459/5726/5046 4189/5725/5045 5204/5753/5071 4205/5754/5072
f 4189/5725/5045 2458/5721/5041 4204/5752/5070 5204/5753/5071
f 5204/5753/5071 4204/5752/5070 2464/5751/5069 4202/5755/5073
f 4205/5754/5072 5204/5753/5071 4202/5755/5073 2465/5756/5074
f 2460/5730/5050 4190/5729/5049 5205/5757/5075 4206/5758/5076
f 4190/5729/5049 2459/5726/5046 4205/5754/5072 5205/5757/5075
f 5205/5757/5075 4205/5754/5072 2465/5756/5074 4203/5759/5077
f 4206/5758/5076 5205/5757/5075 4203/5759/5077 2466/5760/5078
f 2460/5730/5050 4206/5758/5076 5206/5761/5079 4191/5734/5054
f 4206/5758/5076 2466/5760/5078 4207/5762/5080 5206/5761/5079
f 5206/5761/5079 4207/5762/5080 2467/5763/5059 4209/5764/5057
f 4191/5734/5054 5206/5761/5079 4209/5764/5057 2461/5731/5051
f 2468/5765/5081 4199/5766/5082 5207/5767/5083 4210/5768/5084
f 4199/5766/5082 2462/5747/5065 4200/5745/5063 5207/5767/5083
f 5207/5767/5083 4200/5745/5063 2463/5743/5061 4208/5742/5060
f 4210/5768/5084 5207/5767/5083 4208/5742/5060 2467/5741/5059
f 2434/5653/4973 4215/5769/5085 5208/5770/5086 4137/5656/4976
f 4215/5769/5085 2471/5771/5087 4214/5772/5088 5208/5770/5086
f 5208/5770/5086 4214/5772/5088 2444/5701/5021 4159/5704/5024
f 4137/5656/4976 5208/5770/5086 4159/5704/5024 2433/5657/4977
f 2434/5653/4973 4138/5652/4972 5209/5773/5089 4215/5769/5085
f 4138/5652/4972 2435/5649/4969 4216/5774/5090 5209/5773/5089
f 5209/5773/5089 4216/5774/5090 2470/5775/5091 4213/5776/5092
f 4215/5769/5085 5209/5773/5089 4213/5776/5092 2471/5771/5087
f 2435/5649/4969 4139/5648/4968 5210/5777/5093 4216/5774/5090
f 4139/5648/4968 2436/5645/4965 4217/5778/5094 5210/5777/5093
f 5210/5777/5093 4217/5778/5094 2469/5779/5095 4212/5780/5096
f 4216/5774/5090 5210/5777/5093 4212/5780/5096 2470/5775/5091
f 2436/5645/4965 4140/5644/4964 5211/5781/5097 4217/5778/5094
f 4140/5644/4964 2437/5641/4961 4197/5748/5066 5211/5781/5097
f 5211/5781/5097 4197/5748/5066 2462/5747/5065 4211/5782/5098
f 4217/5778/5094 5211/5781/5097 4211/5782/5098 2469/5779/5095
f 2451/5675/4995 4225/5783/5099 5212/5784/5100 4166/5676/4996
f 4225/5783/5099 2477/5785/5101 4226/5786/5102 5212/5784/5100
f 5212/5784/5100 4226/5786/5102 2464/5751/5069 4201/5749/5067
f 4166/5676/4996 5212/5784/5100 4201/5749/5067 2452/5671/4991
f 2464/5751/5069 4226/5786/5102 5213/5787/5103 4202/5755/5073
f 4226/5786/5102 2477/5785/5101 4224/5788/5104 5213/5787/5103
f 5213/5787/5103 4224/5788/5104 2476/5789/5105 4227/5790/5106
f 4202/5755/5073 5213/5787/5103 4227/5790/5106 2465/5756/5074
f 2465/5756/5074 4227/5790/5106 5214/5791/5107 4203/5759/5077
f 4227/5790/5106 2476/5789/5105 4223/5792/5108 5214/5791/5107
f 5214/5791/5107 4223/5792/5108 2475/5793/5109 4228/5794/5110
f 4203/5759/5077 5214/5791/5107 4228/5794/5110 2466/5760/5078
f 2466/5760/5078 4228/5794/5110 5215/5795/5111 4207/5762/5080
f 4228/5794/5110 2475/5793/5109 4222/5796/5112 5215/5795/5111
f 5215/5795/5111 4222/5796/5112 2468/5765/5081 4210/5797/5084
f 4207/5762/5080 5215/5795/5111 4210/5797/5084 2467/5763/5059
f 2468/5765/5081 4218/5798/5113 5216/5799/5114 4199/5766/5082
f 4218/5798/5113 2472/5800/5115 4229/5801/5116 5216/5799/5114
f 5216/5799/5114 4229/5801/5116 2469/5779/5095 4211/5782/5098
f 4199/5766/5082 5216/5799/5114 4211/5782/5098 2462/5747/5065
f 2470/5775/5091 4212/5780/5096 5217/5802/5117 4230/5803/5118
f 4212/5780/5096 2469/5779/5095 4229/5801/5116 5217/5802/5117
f 5217/5802/5117 4229/5801/5116 2472/5800/5115 4219/5804/5119
f 4230/5803/5118 5217/5802/5117 4219/5804/5119 2473/5805/5120
f 2471/5771/5087 4213/5776/5092 5218/5806/5121 4231/5807/5122
f 4213/5776/5092 2470/5775/5091 4230/5803/5118 5218/5806/5121
f 5218/5806/5121 4230/5803/5118 2473/5805/5120 4220/5808/5123
f 4231/5807/5122 5218/5806/5121 4220/5808/5123 2474/5809/5124
f 2445/5696/5016 4160/5702/5022 5219/5810/5125 4221/5811/5126
f 4160/5702/5022 2444/5701/5021 4214/5772/5088 5219/5810/5125
f 5219/5810/5125 4214/5772/5088 2471/5771/5087 4231/5807/5122
f 4221/5811/5126 5219/5810/5125 4231/5807/5122 2474/5809/5124
f 2451/5675/4995 4165/5680/5000 5220/5812/5127 4225/5783/5099
f 4165/5680/5000 2450/5679/4999 4237/5813/5128 5220/5812/5127
f 5220/5812/5127 4237/5813/5128 2480/5814/5129 4238/5815/5130
f 4225/5783/5099 5220/5812/5127 4238/5815/5130 2477/5785/5101
f 2450/5679/4999 4164/5684/5004 5221/5816/5131 4237/5813/5128
f 4164/5684/5004 2449/5683/5003 4239/5817/5132 5221/5816/5131
f 5221/5816/5131 4239/5817/5132 2482/5818/5133 4234/5819/5134
f 4237/5813/5128 5221/5816/5131 4234/5819/5134 2480/5814/5129
f 2449/5683/5003 4163/5688/5008 5222/5820/5135 4239/5817/5132
f 4163/5688/5008 2448/5687/5007 4240/5821/5136 5222/5820/5135
f 5222/5820/5135 4240/5821/5136 2481/5822/5137 4236/5823/5138
f 4239/5817/5132 5222/5820/5135 4236/5823/5138 2482/5818/5133
f 2448/5687/5007 4162/5692/5012 5223/5824/5139 4240/5821/5136
f 4162/5692/5012 2447/5691/5011 4241/5825/5140 5223/5824/5139
f 5223/5824/5139 4241/5825/5140 2479/5826/5141 4235/5827/5142
f 4240/5821/5136 5223/5824/5139 4235/5827/5142 2481/5822/5137
f 2447/5691/5011 4177/5690/5010 5224/5828/5143 4247/5829/5144
f 4177/5690/5010 2424/5580/4902 4233/5830/5145 5224/5828/5143
f 5224/5828/5143 4233/5830/5145 2423/5576/4898 4178/5694/5014
f 4247/5829/5144 5224/5828/5143 4178/5694/5014 2446/5698/5018
f 2423/5576/4898 4233/5830/5145 5225/5831/5146 4126/5574/4896
f 4233/5830/5145 2424/5580/4902 4127/5579/4901 5225/5831/5146
f 5225/5831/5146 4127/5579/4901 2506/5109/4443 4030/5374/4701
f 4126/5574/4896 5225/5831/5146 4030/5374/4701 2500/5095/4429
f 2446/5698/5018 4161/5697/5017 5226/5832/5147 4242/5833/5148
f 4161/5697/5017 2445/5696/5016 4221/5811/5126 5226/5832/5147
f 5226/5832/5147 4221/5811/5126 2474/5809/5124 4232/5834/5149
f 4242/5833/5148 5226/5832/5147 4232/5834/5149 2478/5835/5150
f 2473/5805/5120 4243/5836/5151 5227/5837/5152 4220/5808/5123
f 4243/5836/5151 2483/5838/5153 4246/5839/5154 5227/5837/5152
f 5227/5837/5152 4246/5839/5154 2478/5835/5150 4232/5834/5149
f 4220/5808/5123 5227/5837/5152 4232/5834/5149 2474/5809/5124
f 2479/5826/5141 4241/5825/5140 5228/5840/5155 4245/5841/5156
f 4241/5825/5140 2447/5691/5011 4247/5829/5144 5228/5840/5155
f 5228/5840/5155 4247/5829/5144 2446/5698/5018 4242/5833/5148
f 4245/5841/5156 5228/5840/5155 4242/5833/5148 2478/5835/5150
f 2484/5842/5157 4248/5843/5158 5229/5844/5159 4244/5845/5160
f 4248/5843/5158 2479/5826/5141 4245/5841/5156 5229/5844/5159
f 5229/5844/5159 4245/5841/5156 2478/5835/5150 4246/5839/5154
f 4244/5845/5160 5229/5844/5159 4246/5839/5154 2483/5838/5153
f 2476/5789/5105 4262/5846/5161 5230/5847/5162 4250/5848/5163
f 2480/5814/5129 4249/5849/5164 5230/5847/5162 4262/5846/5161
f 2485/5850/5165 4250/5848/5163 5230/5847/5162 4249/5849/5164
f 2472/5800/5115 4251/5851/5166 5231/5852/5167 4219/5804/5119
f 4251/5851/5166 2486/5853/5168 4253/5854/5169 5231/5852/5167
f 5231/5852/5167 4253/5854/5169 2483/5838/5153 4243/5836/5151
f 4219/5804/5119 5231/5852/5167 4243/5836/5151 2473/5805/5120
f 2484/5842/5157 4244/5845/5160 5232/5855/5170 4254/5856/5171
f 4244/5845/5160 2483/5838/5153 4253/5854/5169 5232/5855/5170
f 5232/5855/5170 4253/5854/5169 2486/5853/5168 4252/5857/5172
f 4254/5856/5171 5232/5855/5170 4252/5857/5172 2487/5858/5173
f 2476/5789/5105 4250/5848/5163 5233/5859/5174 4223/5792/5108
f 4250/5848/5163 2485/5850/5165 4256/5860/5175 5233/5859/5174
f 5233/5859/5174 4256/5860/5175 2487/5858/5173 4255/5861/5176
f 4223/5792/5108 5233/5859/5174 4255/5861/5176 2475/5793/5109
f 2472/5800/5115 4218/5798/5113 5234/5862/5177 4251/5851/5166
f 2468/5765/5081 4257/5863/5178 5234/5862/5177 4218/5798/5113
f 2486/5853/5168 4251/5851/5166 5234/5862/5177 4257/5863/5178
f 2480/5814/5129 4263/5864/5179 5235/5865/5180 4249/5849/5164
f 2488/5866/5181 4258/5867/5182 5235/5865/5180 4263/5864/5179
f 2485/5850/5165 4249/5849/5164 5235/5865/5180 4258/5867/5182
f 2482/5818/5133 4236/5823/5138 5236/5868/5183 4261/5869/5184
f 2481/5822/5137 4259/5870/5185 5236/5868/5183 4236/5823/5138
f 2488/5866/5181 4261/5869/5184 5236/5868/5183 4259/5870/5185
f 2481/5822/5137 4235/5827/5142 5237/5871/5186 4259/5870/5185
f 4235/5827/5142 2479/5826/5141 4248/5843/5158 5237/5871/5186
f 5237/5871/5186 4248/5843/5158 2484/5842/5157 4260/5872/5187
f 4259/5870/5185 5237/5871/5186 4260/5872/5187 2488/5866/5181
f 2487/5858/5173 4256/5860/5175 5238/5873/5188 4254/5856/5171
f 4256/5860/5175 2485/5850/5165 4258/5867/5182 5238/5873/5188
f 5238/5873/5188 4258/5867/5182 2488/5866/5181 4260/5872/5187
f 4254/5856/5171 5238/5873/5188 4260/5872/5187 2484/5842/5157
f 2487/5858/5173 4252/5857/5172 5239/5874/5189 4255/5861/5176
f 4252/5857/5172 2486/5853/5168 4257/5863/5178 5239/5874/5189
f 5239/5874/5189 4257/5863/5178 2468/5765/5081 4222/5796/5112
f 4255/5861/5176 5239/5874/5189 4222/5796/5112 2475/5793/5109
f 2480/5814/5129 4262/5846/5161 5240/5875/5190 4238/5815/5130
f 2476/5789/5105 4224/5788/5104 5240/5875/5190 4262/5846/5161
f 2477/5785/5101 4238/5815/5130 5240/5875/5190 4224/5788/5104
f 2394/5426/4753 4109/5559/4881 5241/5876/5191 4065/5427/4754
f 4109/5559/4881 2407/5558/4880 4083/5562/4884 5241/5876/5191
f 5241/5876/5191 4083/5562/4884 2503/5082/4416 4061/5420/4747
f 4065/5427/4754 5241/5876/5191 4061/5420/4747 2491/4935/4274
f 2488/5866/5181 4263/5864/5179 5242/5877/5192 4261/5869/5184
f 2480/5814/5129 4234/5819/5134 5242/5877/5192 4263/5864/5179
f 2482/5818/5133 4261/5869/5184 5242/5877/5192 4234/5819/5134
